Workbook
Name _Toc225350871: '5.4.1.1-4 Atmos deposition'!$C$1
Name _Toc225350871: '5.5.1.1-2 Leaching and runoff'!$C$1
Name AgResidue_Equations_FieldBurning.VEERG_6_4_1_1__1__MethaneEmissionsFromBurningOfCropResidues: _xlfn.LAMBDA(_xlpm.Mburnc,_xlpm.CCc,_xlpm.EFCH4,_xlpm.C_CH4, _xlpm.Mburnc * _xlpm.CCc * _xlpm.EFCH4 * _xlpm.C_CH4 * 10 ^ (-3))
Name AgResidue_Equations_FieldBurning.VEERG_6_4_1_1__1__MethaneEmissionsFromBurningOfCropResidues_FunctionName: _xlfn.LAMBDA("VEERG_6_4_1_1__1__MethaneEmissionsFromBurningOfCropResidues")
Name AgResidue_Equations_FieldBurning.VEERG_6_4_1_1__1__MethaneEmissionsFromBurningOfCropResidues_LatexEquation: _xlfn.LAMBDA("E_{CH4}=\sum_{c}(M_{burn,c}\times CC_{c}\times EF_{CH4}\times C_{CH4}\times 10^{-3})")
Name AgResidue_Equations_FieldBurning.VEERG_6_4_1_1__1__MethaneEmissionsFromBurningOfCropResidues_NIRReference: _xlfn.LAMBDA("")
Name AgResidue_Equations_FieldBurning.VEERG_6_4_1_1__1__MethaneEmissionsFromBurningOfCropResidues_Source: _xlfn.LAMBDA("VEERG 2026: 6.4.1.1, Equation (1)")
Name AgResidue_Equations_FieldBurning.VEERG_6_4_1_1__1__MethaneEmissionsFromBurningOfCropResidues_Title: _xlfn.LAMBDA("Methane emissions from the burning of crop residues")
Name AgResidue_Equations_FieldBurning.VEERG_6_4_1_1__1__MethaneEmissionsFromBurningOfCropResidues_Unit: _xlfn.LAMBDA("t CH4")
Name AgResidue_Equations_FieldBurning.VEERG_6_4_1_1__1__MethaneEmissionsFromBurningOfCropResidues_Variable: _xlfn.LAMBDA("ECH4")
Name AgResidue_Equations_FieldBurning.VEERG_6_4_1_1__2__NitrousOxideEmissionsFromBurningOfCropResidues: _xlfn.LAMBDA(_xlpm.Mburnc,_xlpm.NCAGc,_xlpm.EFN2O,_xlpm.CN2O, _xlpm.Mburnc * _xlpm.NCAGc * _xlpm.EFN2O * _xlpm.CN2O * 10 ^ (-3))
Name AgResidue_Equations_FieldBurning.VEERG_6_4_1_1__2__NitrousOxideEmissionsFromBurningOfCropResidues_FunctionName: _xlfn.LAMBDA("VEERG_6_4_1_1__2__NitrousOxideEmissionsFromBurningOfCropResidues")
Name AgResidue_Equations_FieldBurning.VEERG_6_4_1_1__2__NitrousOxideEmissionsFromBurningOfCropResidues_LatexEquation: _xlfn.LAMBDA("E_{N2O}=\sum_{c}(M_{burn,c}\times NC_{AGc}\times EF_{N2O}\times C_{N2O}\times 10^{-3})")
Name AgResidue_Equations_FieldBurning.VEERG_6_4_1_1__2__NitrousOxideEmissionsFromBurningOfCropResidues_NIRReference: _xlfn.LAMBDA("")
Name AgResidue_Equations_FieldBurning.VEERG_6_4_1_1__2__NitrousOxideEmissionsFromBurningOfCropResidues_Source: _xlfn.LAMBDA("VEERG 2026: 6.4.1.1, Equation (2)")
Name AgResidue_Equations_FieldBurning.VEERG_6_4_1_1__2__NitrousOxideEmissionsFromBurningOfCropResidues_Title: _xlfn.LAMBDA("Nitrous oxide emissions from the burning of crop residues")
Name AgResidue_Equations_FieldBurning.VEERG_6_4_1_1__2__NitrousOxideEmissionsFromBurningOfCropResidues_Unit: _xlfn.LAMBDA("t N2O")
Name AgResidue_Equations_FieldBurning.VEERG_6_4_1_1__2__NitrousOxideEmissionsFromBurningOfCropResidues_Variable: _xlfn.LAMBDA("EN2O")
Name AgResidue_Equations_FieldBurning.VEERG_6_4_1_1__3__MassOfCropResidueBurnt: _xlfn.LAMBDA(_xlpm.Pc,_xlpm.RAGc,_xlpm.Sc,_xlpm.DMc,_xlpm.Zc,_xlpm.Fc, _xlpm.Pc * _xlpm.RAGc * _xlpm.Sc * _xlpm.DMc * _xlpm.Zc * _xlpm.Fc)
Name AgResidue_Equations_FieldBurning.VEERG_6_4_1_1__3__MassOfCropResidueBurnt_FunctionName: _xlfn.LAMBDA("VEERG_6_4_1_1__3__MassOfCropResidueBurnt")
Name AgResidue_Equations_FieldBurning.VEERG_6_4_1_1__3__MassOfCropResidueBurnt_LatexEquation: _xlfn.LAMBDA("M_{burn,c}=P_{c}\times R_{AGc}\times S_{c}\times DM_{c}\times Z_{c}\times F_{c}")
Name AgResidue_Equations_FieldBurning.VEERG_6_4_1_1__3__MassOfCropResidueBurnt_NIRReference: _xlfn.LAMBDA("")
Name AgResidue_Equations_FieldBurning.VEERG_6_4_1_1__3__MassOfCropResidueBurnt_Source: _xlfn.LAMBDA("VEERG 2026: 6.4.1.1, Equation (3)")
Name AgResidue_Equations_FieldBurning.VEERG_6_4_1_1__3__MassOfCropResidueBurnt_Title: _xlfn.LAMBDA("Mass of residue of crop c burnt")
Name AgResidue_Equations_FieldBurning.VEERG_6_4_1_1__3__MassOfCropResidueBurnt_Unit: _xlfn.LAMBDA("kg")
Name AgResidue_Equations_FieldBurning.VEERG_6_4_1_1__3__MassOfCropResidueBurnt_Variable: _xlfn.LAMBDA("Mburnc")
Name AgResidues_Equations_CropResidues.VEERG_6_1_1_1__1__NitrousOxideEmissionsFromCropResidues: _xlfn.LAMBDA(_xlpm.Mc,_xlpm.EFNi,_xlpm.CgN2O, _xlpm.Mc * _xlpm.EFNi * _xlpm.CgN2O * 10 ^ (-3))
Name AgResidues_Equations_CropResidues.VEERG_6_1_1_1__1__NitrousOxideEmissionsFromCropResidues_FunctionName: _xlfn.LAMBDA("VEERG_6_1_1_1__1__NitrousOxideEmissionsFromCropResidues")
Name AgResidues_Equations_CropResidues.VEERG_6_1_1_1__1__NitrousOxideEmissionsFromCropResidues_LatexEquation: _xlfn.LAMBDA("E=\sum_{c}{M_{c}\times EF_{N}\times C_{g,N2O}\times 10^{-3}}")
Name AgResidues_Equations_CropResidues.VEERG_6_1_1_1__1__NitrousOxideEmissionsFromCropResidues_NIRReference: _xlfn.LAMBDA("")
Name AgResidues_Equations_CropResidues.VEERG_6_1_1_1__1__NitrousOxideEmissionsFromCropResidues_Source: _xlfn.LAMBDA("VEERG 2026: 6.1.1.1, Equation (1)")
Name AgResidues_Equations_CropResidues.VEERG_6_1_1_1__1__NitrousOxideEmissionsFromCropResidues_Title: _xlfn.LAMBDA("Nitrous oxide emissions from the return of crop residues across all crops c to the soil")
Name AgResidues_Equations_CropResidues.VEERG_6_1_1_1__1__NitrousOxideEmissionsFromCropResidues_Unit: _xlfn.LAMBDA("t N2O")
Name AgResidues_Equations_CropResidues.VEERG_6_1_1_1__1__NitrousOxideEmissionsFromCropResidues_Variable: _xlfn.LAMBDA("E")
Name AgResidues_Equations_CropResidues.VEERG_6_1_1_1__2__MassOfNitrogenInCropResidues_LatexEquation: _xlfn.LAMBDA("M_{c}=(P_{c}\times R_{AGc}\times(1-F_{c}-FFOD_{c})\times DM_{c}\times NC_{AGc})+(P_{c}\times R_{AGc}\times R_{BGc}\times DM_{c}\times NC_{BGc})")
Name AgResidues_Equations_CropResidues.VEERG_6_1_1_1__2__MassOfNitrogenInCropResidues_NIRReference: _xlfn.LAMBDA("")
Name AgResidues_Equations_CropResidues.VEERG_6_1_1_1__2__MassOfNitrogenInCropResidues_Source: _xlfn.LAMBDA("VEERG 2026: 6.1.1.1, Equation (2)")
Name AgResidues_Equations_CropResidues.VEERG_6_1_1_1__2__MassOfNitrogenInCropResidues_Title: _xlfn.LAMBDA("Mass of nitrogen in crop residues returned to the soil")
Name AgResidues_Equations_CropResidues.VEERG_6_1_1_1__2__MassOfNitrogenInCropResidues_Unit: _xlfn.LAMBDA("kg N")
Name AgResidues_Equations_CropResidues.VEERG_6_1_1_1__2__MassOfNitrogenInCropResidues_Variable: _xlfn.LAMBDA("Mc")
Name AgResidues_Equations_CropResidues.VEERG_6_1_1_2__1__FractionOfCropResidueRemovedBaled: _xlfn.LAMBDA(_xlpm.B,_xlpm.MB,_xlpm.Pc,_xlpm.RAGc, IFERROR((_xlpm.B * _xlpm.MB) / (_xlpm.Pc * _xlpm.RAGc), 0))
Name AgResidues_Equations_CropResidues.VEERG_6_1_1_2__1__FractionOfCropResidueRemovedBaled_LatexEquation: _xlfn.LAMBDA("FFOD_{c,baled}=\frac{B\times M_{B}}{P_{c}\times R_{AG,c}}")
Name AgResidues_Equations_CropResidues.VEERG_6_1_1_2__1__FractionOfCropResidueRemovedBaled_NIRReference: _xlfn.LAMBDA("")
Name AgResidues_Equations_CropResidues.VEERG_6_1_1_2__1__FractionOfCropResidueRemovedBaled_Source: _xlfn.LAMBDA("VEERG 2026: 6.1.1.2, Equation (1)")
Name AgResidues_Equations_CropResidues.VEERG_6_1_1_2__1__FractionOfCropResidueRemovedBaled_Title: _xlfn.LAMBDA("Fraction of crop residue that is removed for crop c, calculated where residues are baled")
Name AgResidues_Equations_CropResidues.VEERG_6_1_1_2__1__FractionOfCropResidueRemovedBaled_Unit: _xlfn.LAMBDA("dimensionless")
Name AgResidues_Equations_CropResidues.VEERG_6_1_1_2__1__FractionOfCropResidueRemovedBaled_Variable: _xlfn.LAMBDA("FFODcbaled")
Name AgResidues_Equations_CropResidues.VEERG_6_1_1_2__1__FractionOfCropResidueRemovedBaled_Variation: _xlfn.LAMBDA("VARIATION FROM SOURCE: Added 'baled' to variable subscript")
Name AgResidues_Equations_CropResidues.VEERG_6_1_1_2__1a__FractionOfCropResidueRemoved: _xlfn.LAMBDA(_xlpm.FFODcbaled,_xlpm.FFODcother, _xlpm.FFODcbaled + _xlpm.FFODcother)
Name AgResidues_Equations_CropResidues.VEERG_6_1_1_2__1a__FractionOfCropResidueRemoved_LatexEquation: _xlfn.LAMBDA("FFOD_{c} = FFOD_{c,baled} + FFOD_{c,other}")
Name AgResidues_Equations_CropResidues.VEERG_6_1_1_2__1a__FractionOfCropResidueRemoved_NIRReference: _xlfn.LAMBDA("")
Name AgResidues_Equations_CropResidues.VEERG_6_1_1_2__1a__FractionOfCropResidueRemoved_Source: _xlfn.LAMBDA("")
Name AgResidues_Equations_CropResidues.VEERG_6_1_1_2__1a__FractionOfCropResidueRemoved_Title: _xlfn.LAMBDA("Fraction of crop residue that is removed for crop c")
Name AgResidues_Equations_CropResidues.VEERG_6_1_1_2__1a__FractionOfCropResidueRemoved_Unit: _xlfn.LAMBDA("dimensionless")
Name AgResidues_Equations_CropResidues.VEERG_6_1_1_2__1a__FractionOfCropResidueRemoved_Variable: _xlfn.LAMBDA("FFODc")
Name AgResidues_Equations_CropResidues.VEERG_6_1_1_2__1a__FractionOfCropResidueRemoved_Variation: _xlfn.LAMBDA("VARIATION FROM SOURCE: Added this equation to accommodate user-defined residue removal other than baling.")
Name AgResidues_Equations_Leaching.VEERG_6_3_1_1__1__LeachingAndRunoffEmissionsCropAndPastureResidue: _xlfn.LAMBDA(_xlpm.Mleachcp,_xlpm.EFleach,_xlpm.CgN2O, _xlpm.Mleachcp * _xlpm.EFleach * _xlpm.CgN2O * 10 ^ (-3))
Name AgResidues_Equations_Leaching.VEERG_6_3_1_1__1__LeachingAndRunoffEmissionsCropAndPastureResidue_LatexEquation: _xlfn.LAMBDA("E_{N2O}=\sum_{c}\sum_{p}(M_{leach,cp}\times EF_{leach}\times Cg_{N2O}\times 10^{-3})")
Name AgResidues_Equations_Leaching.VEERG_6_3_1_1__1__LeachingAndRunoffEmissionsCropAndPastureResidue_NIRReference: _xlfn.LAMBDA("")
Name AgResidues_Equations_Leaching.VEERG_6_3_1_1__1__LeachingAndRunoffEmissionsCropAndPastureResidue_Source: _xlfn.LAMBDA("VEERG 2026: 6.3.1.1, Equation (1)")

Sheet Home
A1: #VALUE!
A3: =HYPERLINK("#'Home'!A1", "Home") -> Home
A4: =HYPERLINK("#'Results - Activity period'!A1", "Results - Activity period") -> Results - Activity period
A5: =HYPERLINK("#'Results - Product EI'!A1", "Results - Product Emissions Intensity") -> Results - Product Emissions Intensity
A8: INPUTS
A9: =HYPERLINK("#'Input - Enterprise'!A1", "Enterprise") -> Enterprise
A10: =HYPERLINK("#'Input - Site'!A1", "Site") -> Site
A11: =HYPERLINK("#'Input - Feedlot'!A1", "Feedlot") -> Feedlot
A12: =HYPERLINK("#'Input - Livestock sales'!A1", "Livestock sales") -> Livestock sales
A13: =HYPERLINK("#'Input - Beef cattle purchases'!A1", "Beef cattle purchases") -> Beef cattle purchases
A14: =HYPERLINK("#'Input - Fuel'!A1", "Fuel") -> Fuel
A15: =HYPERLINK("#'Input - Electricity'!A1", "Electricity") -> Electricity
A16: =HYPERLINK("#'Input - Common farm inputs'!A1", "Common farm inputs") -> Common farm inputs
A17: =HYPERLINK("#'Input - Livestock farm Inputs'!A1", "Livestock farm Inputs") -> Livestock farm Inputs
A18: =HYPERLINK("#'Input - Freight'!A1", "Freight") -> Freight
A19: =HYPERLINK("#'Input - Solid waste'!A1", "Solid waste") -> Solid waste
A20: =HYPERLINK("#'Input - Manure sent off-site'!A1", "Manure sent off-site") -> Manure sent off-site
A21: =HYPERLINK("#'Input - Data quality'!A1", "Data quality") -> Data quality
A22: =HYPERLINK("#'Input - Fert Prod System'!A1", "Fert Prod System") -> Fert Prod System
A23: =HYPERLINK("#'Input - Fertiliser'!A1", "Fertiliser") -> Fertiliser
A26: CALCULATIONS
A27: =HYPERLINK("#'3.1.1.1-2 Enteric Methane'!A1", "3.1.1.1-2 Enteric Methane") -> 3.1.1.1-2 Enteric Methane
A28: =HYPERLINK("#'4.1.1.1-2 Methane'!A1", "4.1.1.1-2 Manure Methane") -> 4.1.1.1-2 Manure Methane
A29: =HYPERLINK("#'4.1.1.3-4 Direct N20'!A1", "4.1.1.3-4 Manure Direct N2O") -> 4.1.1.3-4 Manure Direct N2O
A30: =HYPERLINK("#'4.1.1.5-6 Atmos Deposition'!A1", "4.1.1.5-6 Manure Atmos Dep") -> 4.1.1.5-6 Manure Atmos Dep
A31: =HYPERLINK("#'4.1.1.9 Manure applied to soils'!A1", "4.1.1.9 Manure applied to soils") -> 4.1.1.9 Manure applied to soils
A32: =HYPERLINK("#'8.1.1.1-2 Transport fuel'!A1", "8.1.1.1-2 Transport fuel") -> 8.1.1.1-2 Transport fuel
A33: =HYPERLINK("#'8.2.1.1-2 Stationary fuel'!A1", "8.2.1.1-2 Stationary fuel") -> 8.2.1.1-2 Stationary fuel
A34: =HYPERLINK("#'10.1.1-2 Solid waste treatment'!A1", "10.1.1.1-2 Solid waste") -> 10.1.1.1-2 Solid waste
A35: =HYPERLINK("#'14.1.1-2 Purchased electricity'!A1", "14.1.1-2 Purchased electricity") -> 14.1.1-2 Purchased electricity
A36: =HYPERLINK("#'15 Scope 3'!A1", "15 Scope 3") -> 15 Scope 3
A37: =HYPERLINK("#'Calcs - Manure sent off-site'!A1", "Calcs - Manure sent off-site") -> Calcs - Manure sent off-site
A38: =HYPERLINK("#'5.1.1.1-2 Inorganic fert N2O'!A1", "5.1.1.1-2 Inorganic fert N2O") -> 5.1.1.1-2 Inorganic fert N2O
A39: =HYPERLINK("#'5.1.1.3-4 Inorganic fert CO2'!A1", "5.1.1.3-4 Inorganic fert CO2") -> 5.1.1.3-4 Inorganic fert CO2
A40: =HYPERLINK("#'5.2.1.1-2 Organic Fert N2O'!A1", "5.2.1.1-2 Organic Fert N2O") -> 5.2.1.1-2 Organic Fert N2O
A41: =HYPERLINK("#'5.3.1.1-2 Lime CO2'!A1", "5.3.1.1-2 Lime CO2") -> 5.3.1.1-2 Lime CO2
A42: =HYPERLINK("#'5.4.1.1-4 Atmos deposition'!A1", "5.4.1.1-4 Atmos deposition") -> 5.4.1.1-4 Atmos deposition
A43: =HYPERLINK("#'5.5.1.1-2 Leaching and runoff'!A1", "5.5.1.1-2 Leaching and runoff") -> 5.5.1.1-2 Leaching and runoff
A46: APPENDICES
A47: =HYPERLINK("#'Constants - Feedlot'!A1", "Constants - Feedlot") -> Constants - Feedlot
A48: =HYPERLINK("#'Constants - Common livestock'!A1", "Constants - Common Livestock") -> Constants - Common Livestock
A49: =HYPERLINK("#'Constants - Electricity'!A1", "Constants - Electricity") -> Constants - Electricity
A50: =HYPERLINK("#'Constants - Fertiliser'!A1", "Constants - Fertiliser") -> Constants - Fertiliser
A51: =HYPERLINK("#'Constants - Fuel'!A1", "Constants - Fuel") -> Constants - Fuel
A52: =HYPERLINK("#'Constants - Scope 3'!A1", "Constants - Scope 3") -> Constants - Scope 3
A53: =HYPERLINK("#'Constants - Solid Waste'!A1", "Constants - Solid Waste") -> Constants - Solid Waste
A54: =HYPERLINK("#'Constants - Common'!A1", "Constants - Common") -> Constants - Common
A55: =HYPERLINK("#'Acknowledgements'!A1", "Acknowledgements") -> Acknowledgements

Sheet Results - Activity period
A1: #VALUE! | C1: Results - Activity period
A3: =HYPERLINK("#'Home'!A1", "Home") -> Home
A4: =HYPERLINK("#'Results - Activity period'!A1", "Results - Activity period") -> Results - Activity period | D4: ="Emissions breakdown for activities running between " & TEXT(X_Cell_Site_StartDate, "dd mmmm yyyy") & " and " & TEXT('Input - Enterprise'!E13, "dd mmmm yyyy") -> Emissions breakdown for activities running between 01 January 2025 and 31 December 2025
A5: =HYPERLINK("#'Results - Product EI'!A1", "Results - Product Emissions Intensity") -> Results - Product Emissions Intensity
D6: Scope 1
A8: INPUTS | D8: Scope 1 source | E8: GHG emissions method 1 | F8: GHG emissions method 2 | G8: GHG Unit | H8: CO2-e emissions method 1 | I8: CO2-e emissions method 2
A9: =HYPERLINK("#'Input - Enterprise'!A1", "Enterprise") -> Enterprise | D9: 3.1.1.1-2 Enteric Methane | E9: {=VEERG_3_1_1_1__1_TotalAnnualMethaneFromEntericFermentation_Result_Method1} -> 37.95238 | F9: {=VEERG_3_1_1_1__1_TotalAnnualMethaneFromEntericFermentation_Result_Method2} -> 37.95238 | G9: t CH4 | H9: {=Common_Equations.Common_ConvertCH4ToCO2e(E9,_xlfn.XLOOKUP("CH4", Table_GWPData[Gas],Table_GWPData[CO2-e factor]))} -> 1062.6666 | I9: {=Common_Equations.Common_ConvertCH4ToCO2e(F9,_xlfn.XLOOKUP("CH4", Table_GWPData[Gas],Table_GWPData[CO2-e factor]))} -> 1062.6666 | J9: t CO2e
A10: =HYPERLINK("#'Input - Site'!A1", "Site") -> Site | D10: 4.1.1.1-2 Manure Methane | E10: {=VEERG_4_1_1_1__1_TotalAnnualMethaneEmissions_Result_Method1} -> 2.6279078 | F10: {=VEERG_4_1_1_1__1_TotalAnnualMethaneEmissions_Result_Method2} -> 2.6279078 | G10: t CH4 | H10: {=Common_Equations.Common_ConvertCH4ToCO2e(E10,_xlfn.XLOOKUP("CH4", Table_GWPData[Gas],Table_GWPData[CO2-e factor]))} -> 73.581417 | I10: {=Common_Equations.Common_ConvertCH4ToCO2e(F10,_xlfn.XLOOKUP("CH4", Table_GWPData[Gas],Table_GWPData[CO2-e factor]))} -> 73.581417 | J10: t CO2e
A11: =HYPERLINK("#'Input - Feedlot'!A1", "Feedlot") -> Feedlot | D11: 4.1.1.3-4 Manure Direct N20 | E11: {=VEERG_4_1_1_3__1_TotalAnnualDirectNitrousOxideEmissions_Result_Method1} -> 0.80616789 | F11: {=VEERG_4_1_1_3__1_TotalAnnualDirectNitrousOxideEmissions_Result_Method2} -> 0.80616789 | G11: t N2O | H11: {=Common_Equations.Common_ConvertN2OToCO2e(E11,_xlfn.XLOOKUP("N2O", Table_GWPData[Gas],Table_GWPData[CO2-e factor]))} -> 213.63449 | I11: {=Common_Equations.Common_ConvertN2OToCO2e(F11,_xlfn.XLOOKUP("N2O", Table_GWPData[Gas],Table_GWPData[CO2-e factor]))} -> 213.63449 | J11: t CO2e
A12: =HYPERLINK("#'Input - Livestock sales'!A1", "Livestock sales") -> Livestock sales | D12: 4.1.1.5-6 Manure Atmospheric Deposition | E12: {=VEERG_4_1_1_5__1_TotalAnnualAtmosphericDepositionEmissions_Result_Method1} -> 0.14584825 | F12: {=VEERG_4_1_1_5__1_TotalAnnualAtmosphericDepositionEmissions_Result_Method1} -> 0.14584825 | G12: t N2O | H12: {=Common_Equations.Common_ConvertN2OToCO2e(E12,_xlfn.XLOOKUP("N2O", Table_GWPData[Gas],Table_GWPData[CO2-e factor]))} -> 38.649786 | I12: {=Common_Equations.Common_ConvertN2OToCO2e(F12,_xlfn.XLOOKUP("N2O", Table_GWPData[Gas],Table_GWPData[CO2-e factor]))} -> 38.649786 | J12: t CO2e
A13: =HYPERLINK("#'Input - Beef cattle purchases'!A1", "Beef cattle purchases") -> Beef cattle purchases | D13: 8.1.1.1-2 Transport fuel CO2 | E13: {=VEERG_8_1_1_1__1_FuelCombustionTransport_Result_CO2} -> 83.182 | F13: =E13 -> 83.182 | G13: t CO2 | H13: =E13 -> 83.182 | I13: =F13 -> 83.182 | J13: t CO2e
A14: =HYPERLINK("#'Input - Fuel'!A1", "Fuel") -> Fuel | D14: 8.1.1.1-2 Transport fuel CH4 | E14: {=VEERG_8_1_1_1__1_FuelCombustionTransport_Result_CH4} -> 0.19906 | F14: =E14 -> 0.19906 | G14: t CH4 | H14: {=Common_Equations.Common_ConvertCH4ToCO2e(E14,_xlfn.XLOOKUP("CH4", Table_GWPData[Gas],Table_GWPData[CO2-e factor]))} -> 5.57368 | I14: {=Common_Equations.Common_ConvertCH4ToCO2e(F14,_xlfn.XLOOKUP("CH4", Table_GWPData[Gas],Table_GWPData[CO2-e factor]))} -> 5.57368 | J14: t CO2e
A15: =HYPERLINK("#'Input - Electricity'!A1", "Electricity") -> Electricity | D15: 8.1.1.1-2 Transport fuel N2O | E15: {=VEERG_8_1_1_1__1_FuelCombustionTransport_Result_N2O} -> 0.5845 | F15: =E15 -> 0.5845 | G15: t N2O | H15: {=Common_Equations.Common_ConvertN2OToCO2e(E15,_xlfn.XLOOKUP("N2O", Table_GWPData[Gas],Table_GWPData[CO2-e factor]))} -> 154.8925 | I15: {=Common_Equations.Common_ConvertN2OToCO2e(F15,_xlfn.XLOOKUP("N2O", Table_GWPData[Gas],Table_GWPData[CO2-e factor]))} -> 154.8925 | J15: t CO2e
A16: =HYPERLINK("#'Input - Common farm inputs'!A1", "Common farm inputs") -> Common farm inputs | D16: 8.2.1.1-2 Stationary fuel CO2 | E16: {=VEERG_8_2_1_1__1_FuelCombustionStationary_Result_CO2} -> 29.0708 | F16: =E16 -> 29.0708 | G16: t CO2 | H16: =E16 -> 29.0708 | I16: =F16 -> 29.0708 | J16: t CO2e
A17: =HYPERLINK("#'Input - Livestock farm Inputs'!A1", "Livestock farm Inputs") -> Livestock farm Inputs | D17: 8.2.1.1-2 Stationary fuel CH4 | E17: {=VEERG_8_2_1_1__1_FuelCombustionStationary_Result_CH4} -> 0.0724 | F17: =E17 -> 0.0724 | G17: t CH4 | H17: {=Common_Equations.Common_ConvertCH4ToCO2e(E17,_xlfn.XLOOKUP("CH4", Table_GWPData[Gas],Table_GWPData[CO2-e factor]))} -> 2.0272 | I17: {=Common_Equations.Common_ConvertCH4ToCO2e(F17,_xlfn.XLOOKUP("CH4", Table_GWPData[Gas],Table_GWPData[CO2-e factor]))} -> 2.0272 | J17: t CO2e
A18: =HYPERLINK("#'Input - Freight'!A1", "Freight") -> Freight | D18: 8.2.1.1-2 Stationary fuel N2O | E18: {=VEERG_8_2_1_1__1_FuelCombustionStationary_Result_N2O} -> 0.0714 | F18: =E18 -> 0.0714 | G18: t N2O | H18: {=Common_Equations.Common_ConvertN2OToCO2e(E18,_xlfn.XLOOKUP("N2O", Table_GWPData[Gas],Table_GWPData[CO2-e factor]))} -> 18.921 | I18: {=Common_Equations.Common_ConvertN2OToCO2e(F18,_xlfn.XLOOKUP("N2O", Table_GWPData[Gas],Table_GWPData[CO2-e factor]))} -> 18.921 | J18: t CO2e
A19: =HYPERLINK("#'Input - Solid waste'!A1", "Solid waste") -> Solid waste | D19: 10.1.1-2 Solid waste treatment | E19: {=VEERG_10_1_1_1__1_EmissionsFromWasteManagement_Scope1_Result_Method1} -> 438.82805 | F19: =E19 -> 438.82805 | G19: t CO2-e | H19: =E19 -> 438.82805 | I19: =F19 -> 438.82805 | J19: t CO2e
A20: =HYPERLINK("#'Input - Manure sent off-site'!A1", "Manure sent off-site") -> Manure sent off-site | D20: Total | H20: =SUM(H9:H19) -> 2121.0276 | I20: =SUM(I9:I19) -> 2121.0276 | J20: t CO2e
A21: =HYPERLINK("#'Input - Data quality'!A1", "Data quality") -> Data quality
A22: =HYPERLINK("#'Input - Fert Prod System'!A1", "Fert Prod System") -> Fert Prod System
A23: =HYPERLINK("#'Input - Fertiliser'!A1", "Fertiliser") -> Fertiliser | D23: Scope 2
D25: Scope 2 source | E25: GHG emissions method 1 | F25: GHG emissions method 2 | G25: GHG Unit | H25: CO2-e emissions method 1 | I25: CO2-e emissions method 2
A26: CALCULATIONS | D26: {="14.1.1-2 Purchased electricity " & IF(X_Cell_Electricity_CalculationMethod="Location-based (simpler)", "(Location-based)", "(Market-based)")} -> 14.1.1-2 Purchased electricity (Location-based) | E26: {=IF(X_Cell_Electricity_CalculationMethod="Location-based (simpler)", VEERG_14_1_1__1_LocationBasedScopeElectricityEmissions_Result_Method1, VEERG_14_1_2__1_MarketBasedScopeElectricityEmissionsVariation_Result_Method1)} -> 16.8 | F26: =E26 -> 16.8 | G26: t CO2e | H26: =E26 -> 16.8 | I26: =F26 -> 16.8 | J26: t CO2e
A27: =HYPERLINK("#'3.1.1.1-2 Enteric Methane'!A1", "3.1.1.1-2 Enteric Methane") -> 3.1.1.1-2 Enteric Methane | D27: Total scope 2 | H27: =SUM(H26:H26) -> 16.8 | I27: =SUM(I26:I26) -> 16.8 | J27: t CO2e
A28: =HYPERLINK("#'4.1.1.1-2 Methane'!A1", "4.1.1.1-2 Manure Methane") -> 4.1.1.1-2 Manure Methane
A29: =HYPERLINK("#'4.1.1.3-4 Direct N20'!A1", "4.1.1.3-4 Manure Direct N2O") -> 4.1.1.3-4 Manure Direct N2O
A30: =HYPERLINK("#'4.1.1.5-6 Atmos Deposition'!A1", "4.1.1.5-6 Manure Atmos Dep") -> 4.1.1.5-6 Manure Atmos Dep | D30: Scope 3
A31: =HYPERLINK("#'4.1.1.9 Manure applied to soils'!A1", "4.1.1.9 Manure applied to soils") -> 4.1.1.9 Manure applied to soils
A32: =HYPERLINK("#'8.1.1.1-2 Transport fuel'!A1", "8.1.1.1-2 Transport fuel") -> 8.1.1.1-2 Transport fuel | D32: Scope 3 source | E32: GHG emissions method 1 | F32: GHG emissions method 2 | G32: GHG Unit | H32: CO2-e emissions method 1 | I32: CO2-e emissions method 2
A33: =HYPERLINK("#'8.2.1.1-2 Stationary fuel'!A1", "8.2.1.1-2 Stationary fuel") -> 8.2.1.1-2 Stationary fuel | D33: 15.1.1.1 Total emissions from purchased livestock - Cattle | E33: {=VEERG_15_1_1_1__1_EmissionsFromPurchasedLivestock_Pigs_Result_Method1} -> 0 | F33: {=VEERG_15_1_1_1__1_EmissionsFromPurchasedLivestock_Pigs_Result_Method2} -> 0 | G33: t CO2e | H33: =E33 -> 0 | I33: =F33 -> 0 | J33: t CO2e
A34: =HYPERLINK("#'10.1.1-2 Solid waste treatment'!A1", "10.1.1.1-2 Solid waste") -> 10.1.1.1-2 Solid waste | D34: 15.2.1.1 Emissions from purchased feed | E34: {=VEERG_15_2_1_1__1_EmissionsFromPurchasedFeed_Result_Method1} -> 0.785052 | F34: {=VEERG_15_2_1_1__1_EmissionsFromPurchasedFeed_Result_Method1} -> 0.785052 | G34: t CO2e | H34: =E34 -> 0.785052 | I34: =F34 -> 0.785052 | J34: t CO2e
A35: =HYPERLINK("#'14.1.1-2 Purchased electricity'!A1", "14.1.1-2 Purchased electricity") -> 14.1.1-2 Purchased electricity | D35: 15.7.1.1 Services and contractor operations | E35: {=VEERG_15_7_1_1__1_EmissionsFromPurchasedServices_Result_Method1} -> No data | F35: {=VEERG_15_7_1_1__1_EmissionsFromPurchasedServices_Result_Method2} -> 42 | G35: t CO2e | H35: =E35 -> No data | I35: =F35 -> 42 | J35: t CO2e
A36: =HYPERLINK("#'15 Scope 3'!A1", "15 Scope 3") -> 15 Scope 3 | D36: 15.10.1.1 Other: Cleaning chemicals | E36: {=VEERG_15_10_1_1__1_OtherPurchasedGoodsAndServices_CleaningChemicals_Result_Method1} -> 0.5051 | F36: {=VEERG_15_10_1_1__1_OtherPurchasedGoodsAndServices_CleaningChemicals_Result_Method2} -> 2.73 | G36: t CO2e | H36: =E36 -> 0.5051 | I36: =F36 -> 2.73 | J36: t CO2e
A37: =HYPERLINK("#'Calcs - Manure sent off-site'!A1", "Calcs - Manure sent off-site") -> Calcs - Manure sent off-site | D37: 15.10.1.1 Other: Pharmacy chemicals | E37: {=VEERG_15_10_1_1__1_OtherPurchasedGoodsAndServices_PharmacyChemicals_Result_Method1} -> 0.015636 | F37: {=VEERG_15_10_1_1__1_OtherPurchasedGoodsAndServices_PharmacyChemicals_Result_Method1} -> 0.015636 | G37: t CO2e | H37: =E37 -> 0.015636 | I37: =F37 -> 0.015636 | J37: t CO2e
A38: =HYPERLINK("#'5.1.1.1-2 Inorganic fert N2O'!A1", "5.1.1.1-2 Inorganic fert N2O") -> 5.1.1.1-2 Inorganic fert N2O | D38: 15.10.1.1 Other: Uncategorised | E38: {=VEERG_15_10_1_1__1_OtherPurchasedGoodsAndServices_Uncategorised_Result_Method1} -> No data | F38: {=VEERG_15_10_1_1__1_OtherPurchasedGoodsAndServices_Uncategorised_Result_Method2} -> 4000 | G38: t CO2e | H38: =E38 -> No data | I38: =F38 -> 4000 | J38: t CO2e
A39: =HYPERLINK("#'5.1.1.3-4 Inorganic fert CO2'!A1", "5.1.1.3-4 Inorganic fert CO2") -> 5.1.1.3-4 Inorganic fert CO2 | D39: 15.11.1.1 Fuel | E39: {=VEERG_15_11_1_1__1_TotalUpstreamEmissionsFromFuel_Result} -> 26.794 | F39: =E39 -> 26.794 | G39: t CO2e | H39: =E39 -> 26.794 | I39: =F39 -> 26.794 | J39: t CO2e
A40: =HYPERLINK("#'5.2.1.1-2 Organic Fert N2O'!A1", "5.2.1.1-2 Organic Fert N2O") -> 5.2.1.1-2 Organic Fert N2O | D40: {="15.12.1.1 Purchased electricity " & IF(X_Cell_Electricity_CalculationMethod="Location-based (simpler)", "(Location-based)", "(Market-based)")} -> 15.12.1.1 Purchased electricity (Location-based) | E40: {=IF(X_Cell_Electricity_CalculationMethod="Location-based (simpler)", VEERG_15_12_1_1__1_UpstreamPurchasedElectricityLocationBased_Result, VEERG_15_12_1_1__1_UpstreamPurchasedElectricityMarketBased_Result)} -> 2.7 | F40: =E40 -> 2.7 | G40: t CO2e | H40: =E40 -> 2.7 | I40: =F40 -> 2.7 | J40: t CO2e
A41: =HYPERLINK("#'5.3.1.1-2 Lime CO2'!A1", "5.3.1.1-2 Lime CO2") -> 5.3.1.1-2 Lime CO2 | D41: 15.13.1.1 Waste sent to treatment facility | E41: {=VEERG_10_1_1_1__1_EmissionsFromWasteManagement_Scope3_Result_Method1} -> 441.15 | F41: =E41 -> 441.15 | G41: t CO2e | H41: =E41 -> 441.15 | I41: =F41 -> 441.15 | J41: t CO2e
A42: =HYPERLINK("#'5.4.1.1-4 Atmos deposition'!A1", "5.4.1.1-4 Atmos deposition") -> 5.4.1.1-4 Atmos deposition | D42: 15.14.1.1 Incoming freight | E42: {=VEERG_15_14_1_1__1_EmbeddedEmissionsFromUpstreamFreight_Incoming_Result_Method1} -> No data | F42: {=VEERG_15_14_1_1__1_EmbeddedEmissionsFromUpstreamFreight_Incoming_Result_Method2} -> 5146700 | G42: t CO2e | H42: =E42 -> No data | I42: =F42 -> 5146700 | J42: t CO2e
A43: =HYPERLINK("#'5.5.1.1-2 Leaching and runoff'!A1", "5.5.1.1-2 Leaching and runoff") -> 5.5.1.1-2 Leaching and runoff | D43: 15.14.1.1 Outgoing freight | E43: {=VEERG_15_14_1_1__1_EmbeddedEmissionsFromUpstreamFreight_Outgoing_Result_Method1} -> No data | F43: {=VEERG_15_14_1_1__1_EmbeddedEmissionsFromUpstreamFreight_Outgoing_Result_Method2} -> 432640 | G43: t CO2e | H43: =E43 -> No data | I43: =F43 -> 432640 | J43: t CO2e
D44: Total scope 3 | H44: =SUM(H33:H43) -> 471.94979 | I44: =SUM(I33:I43) -> 5583856.2 | J44: t CO2e
A46: APPENDICES
A47: =HYPERLINK("#'Constants - Feedlot'!A1", "Constants - Feedlot") -> Constants - Feedlot | D47: ="Carbon removals from plantings for the activity period " & TEXT(X_Cell_Site_StartDate, "d mmmm yyyy") & " and " & TEXT(X_Cell_Site_EndDate, "d mmmm yyyy") -> Carbon removals from plantings for the activity period 1 January 2025 and 31 December 2025
A48: =HYPERLINK("#'Constants - Common livestock'!A1", "Constants - Common Livestock") -> Constants - Common Livestock
A49: =HYPERLINK("#'Constants - Electricity'!A1", "Constants - Electricity") -> Constants - Electricity | D49: Total removals | E49: =SUM(Table_Input_Enterprise_PlantingRemovals[Removal allocated to this enterprise]) -> 0 | F49: t CO2
A50: =HYPERLINK("#'Constants - Fertiliser'!A1", "Constants - Fertiliser") -> Constants - Fertiliser
A51: =HYPERLINK("#'Constants - Fuel'!A1", "Constants - Fuel") -> Constants - Fuel
A52: =HYPERLINK("#'Constants - Scope 3'!A1", "Constants - Scope 3") -> Constants - Scope 3 | D52: ="Net emissions for the activity period " & TEXT(X_Cell_Site_StartDate, "d mmmm yyyy") & " and " & TEXT(X_Cell_Site_EndDate, "d mmmm yyyy") -> Net emissions for the activity period 1 January 2025 and 31 December 2025
A53: =HYPERLINK("#'Constants - Solid Waste'!A1", "Constants - Solid Waste") -> Constants - Solid Waste
A54: =HYPERLINK("#'Constants - Common'!A1", "Constants - Common") -> Constants - Common | E54: Method 1 | F54: Method 2
A55: =HYPERLINK("#'Acknowledgements'!A1", "Acknowledgements") -> Acknowledgements | D55: Total emissions excluding removals | E55: =Result_Enterprise_Scope1_Method1+Result_Enterprise_Scope2_Method1+Result_Enterprise_Scope3_Method1 -> 2609.7774 | F55: =Result_Enterprise_Scope1_Method2+Result_Enterprise_Scope2_Method2+Result_Enterprise_Scope3_Method2 -> 5585994 | G55: t CO2-e
D56: Total net emissions | E56: =Result_Enterprise_Gross_Method1-Result_Enterprise_Removals -> 2609.7774 | F56: =Result_Enterprise_Gross_Method2-Result_Enterprise_Removals -> 5585994 | G56: t CO2-e

Sheet Results - Product EI
A1: #VALUE! | C1: Results - Product emissions intensity
A3: =HYPERLINK("#'Home'!A1", "Home") -> Home
A4: =HYPERLINK("#'Results - Activity period'!A1", "Results - Activity period") -> Results - Activity period
A5: =HYPERLINK("#'Results - Product EI'!A1", "Results - Product Emissions Intensity") -> Results - Product Emissions Intensity
A8: INPUTS
A9: =HYPERLINK("#'Input - Enterprise'!A1", "Enterprise") -> Enterprise
A10: =HYPERLINK("#'Input - Site'!A1", "Site") -> Site
A11: =HYPERLINK("#'Input - Feedlot'!A1", "Feedlot") -> Feedlot
A12: =HYPERLINK("#'Input - Livestock sales'!A1", "Livestock sales") -> Livestock sales
A13: =HYPERLINK("#'Input - Beef cattle purchases'!A1", "Beef cattle purchases") -> Beef cattle purchases
A14: =HYPERLINK("#'Input - Fuel'!A1", "Fuel") -> Fuel
A15: =HYPERLINK("#'Input - Electricity'!A1", "Electricity") -> Electricity
A16: =HYPERLINK("#'Input - Common farm inputs'!A1", "Common farm inputs") -> Common farm inputs
A17: =HYPERLINK("#'Input - Livestock farm Inputs'!A1", "Livestock farm Inputs") -> Livestock farm Inputs
A18: =HYPERLINK("#'Input - Freight'!A1", "Freight") -> Freight
A19: =HYPERLINK("#'Input - Solid waste'!A1", "Solid waste") -> Solid waste
A20: =HYPERLINK("#'Input - Manure sent off-site'!A1", "Manure sent off-site") -> Manure sent off-site
A21: =HYPERLINK("#'Input - Data quality'!A1", "Data quality") -> Data quality
A22: =HYPERLINK("#'Input - Fert Prod System'!A1", "Fert Prod System") -> Fert Prod System
A23: =HYPERLINK("#'Input - Fertiliser'!A1", "Fertiliser") -> Fertiliser
A26: CALCULATIONS
A27: =HYPERLINK("#'3.1.1.1-2 Enteric Methane'!A1", "3.1.1.1-2 Enteric Methane") -> 3.1.1.1-2 Enteric Methane
A28: =HYPERLINK("#'4.1.1.1-2 Methane'!A1", "4.1.1.1-2 Manure Methane") -> 4.1.1.1-2 Manure Methane
A29: =HYPERLINK("#'4.1.1.3-4 Direct N20'!A1", "4.1.1.3-4 Manure Direct N2O") -> 4.1.1.3-4 Manure Direct N2O
A30: =HYPERLINK("#'4.1.1.5-6 Atmos Deposition'!A1", "4.1.1.5-6 Manure Atmos Dep") -> 4.1.1.5-6 Manure Atmos Dep
A31: =HYPERLINK("#'4.1.1.9 Manure applied to soils'!A1", "4.1.1.9 Manure applied to soils") -> 4.1.1.9 Manure applied to soils
A32: =HYPERLINK("#'8.1.1.1-2 Transport fuel'!A1", "8.1.1.1-2 Transport fuel") -> 8.1.1.1-2 Transport fuel | D32: ="Emissions for whole production cycle running between " & TEXT(X_Cell_Enterprise_ProductionTimeframeStart, "d mmmm yyyy") & " and " & TEXT(X_Cell_Enterprise_ProductionTimeframeEnd, "d mmmm yyyy") -> Emissions for whole production cycle running between 1 November 2025 and 31 March 2026
A33: =HYPERLINK("#'8.2.1.1-2 Stationary fuel'!A1", "8.2.1.1-2 Stationary fuel") -> 8.2.1.1-2 Stationary fuel
A34: =HYPERLINK("#'10.1.1-2 Solid waste treatment'!A1", "10.1.1.1-2 Solid waste") -> 10.1.1.1-2 Solid waste
A35: =HYPERLINK("#'14.1.1-2 Purchased electricity'!A1", "14.1.1-2 Purchased electricity") -> 14.1.1-2 Purchased electricity | E35: Method 1 | F35: Method 2
A36: =HYPERLINK("#'15 Scope 3'!A1", "15 Scope 3") -> 15 Scope 3 | D36: Emissions for production cycle excluding removals | E36: =Result_EmissionsForWholeProductionCycle_Gross_Method1 -> 2609.7774 | F36: =Result_EmissionsForWholeProductionCycle_Gross_Method2 -> 5585994 | G36: t CO2e
A37: =HYPERLINK("#'Calcs - Manure sent off-site'!A1", "Calcs - Manure sent off-site") -> Calcs - Manure sent off-site | D37: Net emissions for production cycle | E37: =Result_EmissionsForWholeProductionCycle_Net_Method1 -> 2609.7774 | F37: =Result_EmissionsForWholeProductionCycle_Net_Method2 -> 5585994 | G37: t CO2e
A38: =HYPERLINK("#'5.1.1.1-2 Inorganic fert N2O'!A1", "5.1.1.1-2 Inorganic fert N2O") -> 5.1.1.1-2 Inorganic fert N2O
A39: =HYPERLINK("#'5.1.1.3-4 Inorganic fert CO2'!A1", "5.1.1.3-4 Inorganic fert CO2") -> 5.1.1.3-4 Inorganic fert CO2 | D39: ="Product emissions intensity for whole production cycle running between " & TEXT(X_Cell_Enterprise_ProductionTimeframeStart, "d mmmm yyyy") & " and " & TEXT(X_Cell_Enterprise_ProductionTimeframeEnd, "d mmmm yyyy") -> Product emissions intensity for whole production cycle running between 1 November 2025 and 31 March 2026
A40: =HYPERLINK("#'5.2.1.1-2 Organic Fert N2O'!A1", "5.2.1.1-2 Organic Fert N2O") -> 5.2.1.1-2 Organic Fert N2O
A41: =HYPERLINK("#'5.3.1.1-2 Lime CO2'!A1", "5.3.1.1-2 Lime CO2") -> 5.3.1.1-2 Lime CO2
A42: =HYPERLINK("#'5.4.1.1-4 Atmos deposition'!A1", "5.4.1.1-4 Atmos deposition") -> 5.4.1.1-4 Atmos deposition | D42: Product emissions - Mass
A43: =HYPERLINK("#'5.5.1.1-2 Leaching and runoff'!A1", "5.5.1.1-2 Leaching and runoff") -> 5.5.1.1-2 Leaching and runoff | D43: Product | E43: Product type | F43: Amount (tonnnes) | G43: Mass emissions assignment | H43: Emissions intensity (Method 1) | I43: Emissions intensity (Method 2) | J43: Unit
D44: Liveweight sold - excluding removals | E44: Main product | F44: =X_Cell_Enterprise_LiveweightSold -> 5 | G44: =F44/(F44+F46) -> 0.83333333 | H44: =(E36/F44)*G44 -> 434.96289 | I44: =(F36/F44)*G44 -> 930999 | J44: t co2e/t liveweight sold
D45: Liveweight sold - net emissions | E45: Main product | F45: =F44 -> 5 | G45: =G44 -> 0.83333333 | H45: =(E37/F45)*G45 -> 434.96289 | I45: =(F37/F45)*G45 -> 930999 | J45: t co2e/t liveweight sold
A46: APPENDICES | D46: Manure sold - excluding removals | E46: Co-product | F46: =X_Cell_Enterprise_ManureProduced*X_Cell_Enterprise_PercentManureSold -> 1 | G46: =F46/(F44+F46) -> 0.16666667 | H46: =(E36/F46)*G46 -> 434.96289 | I46: =(F36/F46)*G46 -> 930999 | J46: t co2e/t manure sold
A47: =HYPERLINK("#'Constants - Feedlot'!A1", "Constants - Feedlot") -> Constants - Feedlot | D47: Manure sold - net emissions | E47: Co-product | F47: =F46 -> 1 | G47: =G46 -> 0.16666667 | H47: =(E37/F47)*G47 -> 434.96289 | I47: =(F37/F47)*G47 -> 930999 | J47: t co2e/t manure sold
A48: =HYPERLINK("#'Constants - Common livestock'!A1", "Constants - Common Livestock") -> Constants - Common Livestock | D48: Manure used as feed on own farm | E48: Residual product | F48: =X_Cell_Enterprise_ManureProduced*X_Cell_Enterprise_PercentManureFertiliserOwnFarm -> 1 | G48: N/A | H48: N/A | I48: N/A
A49: =HYPERLINK("#'Constants - Electricity'!A1", "Constants - Electricity") -> Constants - Electricity
A50: =HYPERLINK("#'Constants - Fertiliser'!A1", "Constants - Fertiliser") -> Constants - Fertiliser | D50: Product emissions - Economic
A51: =HYPERLINK("#'Constants - Fuel'!A1", "Constants - Fuel") -> Constants - Fuel | D51: Product | E51: Product type | F51: Amount (tonnnes) | G51: Economic emissions assignment | H51: Emissions intestity (Method 1) | I51: Emissions intestity (Method 2) | J51: Unit
A52: =HYPERLINK("#'Constants - Scope 3'!A1", "Constants - Scope 3") -> Constants - Scope 3 | D52: Liveweight sold - excluding removals | E52: Main product | F52: =X_Cell_Enterprise_LiveweightSold -> 5 | G52: =X_Cell_Enterprise_PercentIncomeFromLiveweightSold -> 0.8 | H52: =E36*G52/F52 -> 417.56438 | I52: =F36*G52/F52 -> 893759.04 | J52: t co2e/t liveweight sold
A53: =HYPERLINK("#'Constants - Solid Waste'!A1", "Constants - Solid Waste") -> Constants - Solid Waste | D53: Liveweight sold - net emissions | E53: Main product | F53: =F52 -> 5 | G53: =G52 -> 0.8 | H53: =E37*G53/F53 -> 417.56438 | I53: =F37*G53/F53 -> 893759.04 | J53: t co2e/t liveweight sold
A54: =HYPERLINK("#'Constants - Common'!A1", "Constants - Common") -> Constants - Common | D54: Manure sold - excluding removals | E54: Co-product | F54: =X_Cell_Enterprise_ManureProduced*X_Cell_Enterprise_PercentManureSold -> 1 | G54: =X_Cell_Enterprise_PercentIncomeFromManureSold -> 0.2 | H54: =E36*G54/F54 -> 521.95547 | I54: =F36*G54/F54 -> 1117198.8 | J54: t co2e/t manure sold
A55: =HYPERLINK("#'Acknowledgements'!A1", "Acknowledgements") -> Acknowledgements | D55: Manure sold - net emissions | E55: Co-product | F55: =F54 -> 1 | G55: =G54 -> 0.2 | H55: =E37*G55/F55 -> 521.95547 | I55: =F37*G55/F55 -> 1117198.8 | J55: t co2e/t manure sold
D56: Manure used as feed on own farm | E56: Residual product | F56: =X_Cell_Enterprise_ManureProduced*X_Cell_Enterprise_PercentManureFertiliserOwnFarm -> 1 | G56: N/A | H56: N/A | I56: N/A

Sheet Input - Enterprise
A1: #VALUE! | C1: Input - Enterprise
A3: =HYPERLINK("#'Home'!A1", "Home") -> Home
A4: =HYPERLINK("#'Results - Activity period'!A1", "Results - Activity period") -> Results - Activity period
A5: =HYPERLINK("#'Results - Product EI'!A1", "Results - Product Emissions Intensity") -> Results - Product Emissions Intensity | D5: Your business
D7: Farm name | E7: Test Farms
A8: INPUTS | D8: Reporting entity name | E8: Test Farms Pty Ltd
A9: =HYPERLINK("#'Input - Enterprise'!A1", "Enterprise") -> Enterprise
A10: =HYPERLINK("#'Input - Site'!A1", "Site") -> Site | D10: 💡An 'Emissions accounting period' is a 12 month period where the business can report on the emissions, and is typically the same as the business' financial accounting period.
A11: =HYPERLINK("#'Input - Feedlot'!A1", "Feedlot") -> Feedlot
A12: =HYPERLINK("#'Input - Livestock sales'!A1", "Livestock sales") -> Livestock sales | D12: Emissions calculation period start date | E12: 45658 | F12: ← DD/MM/YYYY or DD Month YYYY
A13: =HYPERLINK("#'Input - Beef cattle purchases'!A1", "Beef cattle purchases") -> Beef cattle purchases | D13: Emissions calculation period end date | E13: =DATE(YEAR(E12)+1,MONTH(E12),DAY(E12))-1 -> 46022 | F13: ← Automatically calculated, 12 months after start date
A14: =HYPERLINK("#'Input - Fuel'!A1", "Fuel") -> Fuel
A15: =HYPERLINK("#'Input - Electricity'!A1", "Electricity") -> Electricity
A16: =HYPERLINK("#'Input - Common farm inputs'!A1", "Common farm inputs") -> Common farm inputs | D16: Production
A17: =HYPERLINK("#'Input - Livestock farm Inputs'!A1", "Livestock farm Inputs") -> Livestock farm Inputs
A18: =HYPERLINK("#'Input - Freight'!A1", "Freight") -> Freight | D18: Production timeframe start | E18: 45962 | F18: ← DD/MM/YYYY or DD Month YYYY
A19: =HYPERLINK("#'Input - Solid waste'!A1", "Solid waste") -> Solid waste | D19: Production timeframe end | E19: 46112 | F19: ← DD/MM/YYYY or DD Month YYYY
A20: =HYPERLINK("#'Input - Manure sent off-site'!A1", "Manure sent off-site") -> Manure sent off-site | D20: Production timeframe length | E20: =DATEDIF(E18,E19+1,"m") -> 5 | F20: Months
A21: =HYPERLINK("#'Input - Data quality'!A1", "Data quality") -> Data quality
A22: =HYPERLINK("#'Input - Fert Prod System'!A1", "Fert Prod System") -> Fert Prod System | D22: Liveweight sold | E22: =SUM(Table_Input_LivestockSales[Total liveweight sold])*10^-3 -> 5 | F22: tonnes
A23: =HYPERLINK("#'Input - Fertiliser'!A1", "Fertiliser") -> Fertiliser | D23: Manure produced | E23: 10 | F23: tonnes
D24: Percent manure sold | E24: 0.1 | F24: percent
D25: Percent manure used as fertiliser on own farm | E25: 0.1 | F25: percent
A26: CALCULATIONS
A27: =HYPERLINK("#'3.1.1.1-2 Enteric Methane'!A1", "3.1.1.1-2 Enteric Methane") -> 3.1.1.1-2 Enteric Methane | D27: Percentage of income from liveweight sold | E27: 0.8 | F27: percent
A28: =HYPERLINK("#'4.1.1.1-2 Methane'!A1", "4.1.1.1-2 Manure Methane") -> 4.1.1.1-2 Manure Methane | D28: Percentage of income from manure sold | E28: 0.2 | F28: percent
A29: =HYPERLINK("#'4.1.1.3-4 Direct N20'!A1", "4.1.1.3-4 Manure Direct N2O") -> 4.1.1.3-4 Manure Direct N2O
A30: =HYPERLINK("#'4.1.1.5-6 Atmos Deposition'!A1", "4.1.1.5-6 Manure Atmos Dep") -> 4.1.1.5-6 Manure Atmos Dep
A31: =HYPERLINK("#'4.1.1.9 Manure applied to soils'!A1", "4.1.1.9 Manure applied to soils") -> 4.1.1.9 Manure applied to soils | D31: Carbon removals
A32: =HYPERLINK("#'8.1.1.1-2 Transport fuel'!A1", "8.1.1.1-2 Transport fuel") -> 8.1.1.1-2 Transport fuel
A33: =HYPERLINK("#'8.2.1.1-2 Stationary fuel'!A1", "8.2.1.1-2 Stationary fuel") -> 8.2.1.1-2 Stationary fuel
A34: =HYPERLINK("#'10.1.1-2 Solid waste treatment'!A1", "10.1.1.1-2 Solid waste") -> 10.1.1.1-2 Solid waste | D34: ="Carbon captured from " & TEXT(X_Cell_Site_StartDate, "d mmmm yyyy") & " to " & TEXT(X_Cell_Site_EndDate, "d, mmmm, yyyy") & " from environmental plantings" -> Carbon captured from 1 January 2025 to 31, December, 2025 from environmental plantings
A35: =HYPERLINK("#'14.1.1-2 Purchased electricity'!A1", "14.1.1-2 Purchased electricity") -> 14.1.1-2 Purchased electricity
A36: =HYPERLINK("#'15 Scope 3'!A1", "15 Scope 3") -> 15 Scope 3 | D36: Planting name | E36: Total removed CO2 | F36: Percent allocated to this enterprise | G36: Removal allocated to this enterprise
A37: =HYPERLINK("#'Calcs - Manure sent off-site'!A1", "Calcs - Manure sent off-site") -> Calcs - Manure sent off-site | G37: =Table_Input_Enterprise_PlantingRemovals[[#This Row],[Total removed CO2]]*Table_Input_Enterprise_PlantingRemovals[[#This Row],[Percent allocated to this enterprise]] -> 0
A38: =HYPERLINK("#'5.1.1.1-2 Inorganic fert N2O'!A1", "5.1.1.1-2 Inorganic fert N2O") -> 5.1.1.1-2 Inorganic fert N2O
A39: =HYPERLINK("#'5.1.1.3-4 Inorganic fert CO2'!A1", "5.1.1.3-4 Inorganic fert CO2") -> 5.1.1.3-4 Inorganic fert CO2
A40: =HYPERLINK("#'5.2.1.1-2 Organic Fert N2O'!A1", "5.2.1.1-2 Organic Fert N2O") -> 5.2.1.1-2 Organic Fert N2O
A41: =HYPERLINK("#'5.3.1.1-2 Lime CO2'!A1", "5.3.1.1-2 Lime CO2") -> 5.3.1.1-2 Lime CO2 | D41: Production cycle emissions and removals
A42: =HYPERLINK("#'5.4.1.1-4 Atmos deposition'!A1", "5.4.1.1-4 Atmos deposition") -> 5.4.1.1-4 Atmos deposition
A43: =HYPERLINK("#'5.5.1.1-2 Leaching and runoff'!A1", "5.5.1.1-2 Leaching and runoff") -> 5.5.1.1-2 Leaching and runoff | D43: ="Gross emissions from other activity periods in the production timeframe " & TEXT(X_Cell_Enterprise_ProductionTimeframeStart, "d mmmm yyyy") & " to " & TEXT(X_Cell_Enterprise_ProductionTimeframeEnd, "d mmmm yyyy") -> Gross emissions from other activity periods in the production timeframe 1 November 2025 to 31 March 2026
D45: {="There are " & Common_InputFunctions.getOverlappingReportingCycles(X_Cell_Enterprise_ProductionTimeframeStart,X_Cell_Enterprise_ProductionTimeframeEnd,X_Cell_Site_StartDate) & " emissions calculation periods that need to be completed before total product emissions can be determined."} -> There are 2 emissions calculation periods that need to be completed before total product emissions can be determined.
A46: APPENDICES | D46: Enter the method 1 and 2 CO2e emissions (excluding removals) from previous emissions calculation periods if applicable.
A47: =HYPERLINK("#'Constants - Feedlot'!A1", "Constants - Feedlot") -> Constants - Feedlot
A48: =HYPERLINK("#'Constants - Common livestock'!A1", "Constants - Common Livestock") -> Constants - Common Livestock | D48: Emissions calculation cycle | E48: CO2-e emissions method 1 | F48: CO2-e emissions method 2
A49: =HYPERLINK("#'Constants - Electricity'!A1", "Constants - Electricity") -> Constants - Electricity | D49: {=Common_InputFunctions.getOverlappingReportingPeriods(X_Cell_Enterprise_ProductionTimeframeStart,X_Cell_Enterprise_ProductionTimeframeEnd,X_Cell_Site_StartDate)} -> 01 Jan 2025 to 31 Dec 2025 (This reporting cycle) | E49: =IF(ISBLANK($D49), 0, IF(ISNUMBER(SEARCH("reporting", $D49)), Result_Enterprise_Gross_Method1, "Enter value")) -> 2609.7774 | F49: =IF(ISBLANK($D49), 0, IF(ISNUMBER(SEARCH("reporting", $D49)), Result_Enterprise_Gross_Method2, "Enter value")) -> 5585994 | G49: t CO2e
A50: =HYPERLINK("#'Constants - Fertiliser'!A1", "Constants - Fertiliser") -> Constants - Fertiliser | D50: 01 Jan 2026 to 31 Dec 2026 | E50: =IF(ISBLANK($D50), 0, IF(ISNUMBER(SEARCH("reporting", $D50)), Result_Enterprise_Gross_Method1, "Enter value")) -> Enter value | F50: =IF(ISBLANK($D50), 0, IF(ISNUMBER(SEARCH("reporting", $D50)), Result_Enterprise_Gross_Method2, "Enter value")) -> Enter value | G50: t CO2e
A51: =HYPERLINK("#'Constants - Fuel'!A1", "Constants - Fuel") -> Constants - Fuel | E51: =IF(ISBLANK($D51), 0, IF(ISNUMBER(SEARCH("reporting", $D51)), Result_Enterprise_Gross_Method1, "Enter value")) -> 0 | F51: =IF(ISBLANK($D51), 0, IF(ISNUMBER(SEARCH("reporting", $D51)), Result_Enterprise_Gross_Method2, "Enter value")) -> 0 | G51: t CO2e
A52: =HYPERLINK("#'Constants - Scope 3'!A1", "Constants - Scope 3") -> Constants - Scope 3 | E52: =IF(ISBLANK($D52), 0, IF(ISNUMBER(SEARCH("reporting", $D52)), Result_Enterprise_Gross_Method1, "Enter value")) -> 0 | F52: =IF(ISBLANK($D52), 0, IF(ISNUMBER(SEARCH("reporting", $D52)), Result_Enterprise_Gross_Method2, "Enter value")) -> 0 | G52: t CO2e
A53: =HYPERLINK("#'Constants - Solid Waste'!A1", "Constants - Solid Waste") -> Constants - Solid Waste | E53: =IF(ISBLANK($D53), 0, IF(ISNUMBER(SEARCH("reporting", $D53)), Result_Enterprise_Gross_Method1, "Enter value")) -> 0 | F53: =IF(ISBLANK($D53), 0, IF(ISNUMBER(SEARCH("reporting", $D53)), Result_Enterprise_Gross_Method2, "Enter value")) -> 0 | G53: t CO2e
A54: =HYPERLINK("#'Constants - Common'!A1", "Constants - Common") -> Constants - Common | D54: Total emissions for production cycle | E54: =SUM(E49:E53) -> 2609.7774 | F54: =SUM(F49:F53) -> 5585994 | G54: t CO2e
A55: =HYPERLINK("#'Acknowledgements'!A1", "Acknowledgements") -> Acknowledgements
D59: ="Carbon removals from environmental plantings for whole production cycle running between " & TEXT(X_Cell_Enterprise_ProductionTimeframeStart, "d mmmm yyyy") & " and " & TEXT(X_Cell_Enterprise_ProductionTimeframeEnd, "d mmmm yyyy") -> Carbon removals from environmental plantings for whole production cycle running between 1 November 2025 and 31 March 2026
D61: Emissions calculation cycle | E61: CO2 removed attributed to this enterprise
D62: {=Common_InputFunctions.getOverlappingReportingPeriods(X_Cell_Enterprise_ProductionTimeframeStart,X_Cell_Enterprise_ProductionTimeframeEnd,X_Cell_Site_StartDate)} -> 01 Jan 2025 to 31 Dec 2025 (This reporting cycle) | E62: =IF(ISBLANK($D62), 0, IF(ISNUMBER(SEARCH("reporting", $D62)), SUM(Table_Input_Enterprise_PlantingRemovals[Removal allocated to this enterprise]), "Enter value")) -> 0 | F62: t CO2
D63: 01 Jan 2026 to 31 Dec 2026 | E63: =IF(ISBLANK($D63), 0, IF(ISNUMBER(SEARCH("reporting", $D63)), SUM(Table_Input_Enterprise_PlantingRemovals[Removal allocated to this enterprise]), "Enter value")) -> Enter value | F63: t CO2
E64: =IF(ISBLANK($D64), 0, IF(ISNUMBER(SEARCH("reporting", $D64)), SUM(Table_Input_Enterprise_PlantingRemovals[Removal allocated to this enterprise]), "Enter value")) -> 0 | F64: t CO2
E65: =IF(ISBLANK($D65), 0, IF(ISNUMBER(SEARCH("reporting", $D65)), SUM(Table_Input_Enterprise_PlantingRemovals[Removal allocated to this enterprise]), "Enter value")) -> 0 | F65: t CO2
A66: =HYPERLINK("#A1", "▲ Back to top") -> ▲ Back to top | E66: =IF(ISBLANK($D66), 0, IF(ISNUMBER(SEARCH("reporting", $D66)), SUM(Table_Input_Enterprise_PlantingRemovals[Removal allocated to this enterprise]), "Enter value")) -> 0 | F66: t CO2
D67: Total carbon removals for production cycle | E67: =SUM(E62:E66) -> 0 | F67: t CO2
D70: ="Net emissions from other activity periods in the production timeframe " & TEXT(X_Cell_Enterprise_ProductionTimeframeStart, "d mmmm yyyy") & " to " & TEXT(X_Cell_Enterprise_ProductionTimeframeEnd, "d mmmm yyyy") -> Net emissions from other activity periods in the production timeframe 1 November 2025 to 31 March 2026
D72: Emissions calculation cycle | E72: CO2-e emissions method 1 | F72: CO2-e emissions method 2
D73: {=Common_InputFunctions.getOverlappingReportingPeriods(X_Cell_Enterprise_ProductionTimeframeStart,X_Cell_Enterprise_ProductionTimeframeEnd,X_Cell_Site_StartDate)} -> 01 Jan 2025 to 31 Dec 2025 (This reporting cycle) | E73: =IF(ISBLANK($D73), 0, IF(ISNUMBER(SEARCH("reporting", $D73)), E49-$E$62, "Enter value")) -> 2609.7774 | F73: =IF(ISBLANK($D73), 0, IF(ISNUMBER(SEARCH("reporting", $D73)), F49-$E$62, "Enter value")) -> 5585994 | G73: t CO2e
D74: 01 Jan 2026 to 31 Dec 2026 | E74: =IF(ISBLANK($D74), 0, IF(ISNUMBER(SEARCH("reporting", $D74)), E50-$E$63, "Enter value")) -> Enter value | F74: =IF(ISBLANK($D74), 0, IF(ISNUMBER(SEARCH("reporting", $D74)), F50-$E$63, "Enter value")) -> Enter value | G74: t CO2e
E75: =IF(ISBLANK($D75), 0, IF(ISNUMBER(SEARCH("reporting", $D75)), E51-$E$64, "Enter value")) -> 0 | F75: =IF(ISBLANK($D75), 0, IF(ISNUMBER(SEARCH("reporting", $D75)), F51-$E$64, "Enter value")) -> 0 | G75: t CO2e
E76: =IF(ISBLANK($D76), 0, IF(ISNUMBER(SEARCH("reporting", $D76)), E52-$E$65, "Enter value")) -> 0 | F76: =IF(ISBLANK($D76), 0, IF(ISNUMBER(SEARCH("reporting", $D76)), F52-$E$65, "Enter value")) -> 0 | G76: t CO2e
E77: =IF(ISBLANK($D77), 0, IF(ISNUMBER(SEARCH("reporting", $D77)), E53-$E$66, "Enter value")) -> 0 | F77: =IF(ISBLANK($D77), 0, IF(ISNUMBER(SEARCH("reporting", $D77)), F53-$E$66, "Enter value")) -> 0 | G77: t CO2e
D78: Total emissions for production cycle | E78: =SUM(E73:E77) -> 2609.7774 | F78: =SUM(F73:F77) -> 5585994 | G78: t CO2e

Sheet Input - Site
A1: #VALUE! | C1: Input - Site
A3: =HYPERLINK("#'Home'!A1", "Home") -> Home
A4: =HYPERLINK("#'Results - Activity period'!A1", "Results - Activity period") -> Results - Activity period
A5: =HYPERLINK("#'Results - Product EI'!A1", "Results - Product Emissions Intensity") -> Results - Product Emissions Intensity | D5: Location and climate
D7: Location information is used to reference some region and climate-specific emission factors
A8: INPUTS | D8: Tip: Use the web-based GAF Location Helper tool to easily get region and climate information. You will need an internet connection to use the GAF Location Helper.
A9: =HYPERLINK("#'Input - Enterprise'!A1", "Enterprise") -> Enterprise
A10: =HYPERLINK("#'Input - Site'!A1", "Site") -> Site | D10: State | E10: Western Australia | F10: ← Please select
A11: =HYPERLINK("#'Input - Feedlot'!A1", "Feedlot") -> Feedlot | D11: Region (ABS Statistical area level 4) if state is WA | E11: Western Australia - Outback (South) | F11: ← Please select
A12: =HYPERLINK("#'Input - Livestock sales'!A1", "Livestock sales") -> Livestock sales | D12: Leaching zone | E12: NO - Not in leaching zone | F12: ← Please select
A13: =HYPERLINK("#'Input - Beef cattle purchases'!A1", "Beef cattle purchases") -> Beef cattle purchases | D13: Elevation | E13: 307.7 | F13: Meters
A14: =HYPERLINK("#'Input - Fuel'!A1", "Fuel") -> Fuel | D14: Average temperature for reporting period | E14: 18 | F14: Degrees celsius
A15: =HYPERLINK("#'Input - Electricity'!A1", "Electricity") -> Electricity | D15: Total rainfall for reporting period | E15: 601 | F15: Millimetres
A16: =HYPERLINK("#'Input - Common farm inputs'!A1", "Common farm inputs") -> Common farm inputs | D16: Potential evapotranspiration for reporting period | E16: 1326 | F16: Millimetres
A17: =HYPERLINK("#'Input - Livestock farm Inputs'!A1", "Livestock farm Inputs") -> Livestock farm Inputs | D17: Number of frost days for reporting period | E17: 7 | F17: Days
A18: =HYPERLINK("#'Input - Freight'!A1", "Freight") -> Freight | D18: MAP:PET ratio | E18: =E15/E16 -> 0.45324284
A19: =HYPERLINK("#'Input - Solid waste'!A1", "Solid waste") -> Solid waste | D19: Rainfall zone | E19: =Common_InputFunctions.Utility_LookupItemFromMinMax(E15,Table_SourceData_RainfallZones[Min rainfall],Table_SourceData_RainfallZones[Max rainfall],Table_SourceData_RainfallZones[Rainfall Zone]) -> High rainfall
A20: =HYPERLINK("#'Input - Manure sent off-site'!A1", "Manure sent off-site") -> Manure sent off-site | D20: Climate zone | E20: =Common_InputFunctions.Utility_GetClimateZone(E14,E15,E17,E13,E18,Table_SourceData_ClimateZones[Min temp],Table_SourceData_ClimateZones[Max temp],Table_SourceData_ClimateZones[Min rainfall],Table_SourceData_ClimateZones[Max rainfall],Table_SourceData_ClimateZones[Min frost days],Table_SourceData_ClimateZones[Max frost days],Table_SourceData_ClimateZones[Min elevation],Table_SourceData_ClimateZones[Max elevation],Table_SourceData_ClimateZones[Min MAP:PET],Table_SourceData_ClimateZones[Max MAP:PET],Table_SourceData_ClimateZones[Climate zone]) -> Warm temperate dry
A21: =HYPERLINK("#'Input - Data quality'!A1", "Data quality") -> Data quality | D21: Wet or dry climate zone | E21: =Common_InputFunctions.Utility_LookupValueInTable($E$20,Table_SourceData_WetDryZones[Climate zone],Table_SourceData_WetDryZones[Wet or Dry Zone]) -> Dry climate zone
A22: =HYPERLINK("#'Input - Fert Prod System'!A1", "Fert Prod System") -> Fert Prod System | D22: Temperature zone | E22: =Common_InputFunctions.Utility_LookupItemFromMinMax(E14,Table_SourceData_TemperatureZones[Min MAT],Table_SourceData_TemperatureZones[Max MAT],Table_SourceData_TemperatureZones[Temperature Zone]) -> Temperate
A23: =HYPERLINK("#'Input - Fertiliser'!A1", "Fertiliser") -> Fertiliser
A26: CALCULATIONS
A27: =HYPERLINK("#'3.1.1.1-2 Enteric Methane'!A1", "3.1.1.1-2 Enteric Methane") -> 3.1.1.1-2 Enteric Methane
A28: =HYPERLINK("#'4.1.1.1-2 Methane'!A1", "4.1.1.1-2 Manure Methane") -> 4.1.1.1-2 Manure Methane
A29: =HYPERLINK("#'4.1.1.3-4 Direct N20'!A1", "4.1.1.3-4 Manure Direct N2O") -> 4.1.1.3-4 Manure Direct N2O
A30: =HYPERLINK("#'4.1.1.5-6 Atmos Deposition'!A1", "4.1.1.5-6 Manure Atmos Dep") -> 4.1.1.5-6 Manure Atmos Dep
A31: =HYPERLINK("#'4.1.1.9 Manure applied to soils'!A1", "4.1.1.9 Manure applied to soils") -> 4.1.1.9 Manure applied to soils
A32: =HYPERLINK("#'8.1.1.1-2 Transport fuel'!A1", "8.1.1.1-2 Transport fuel") -> 8.1.1.1-2 Transport fuel
A33: =HYPERLINK("#'8.2.1.1-2 Stationary fuel'!A1", "8.2.1.1-2 Stationary fuel") -> 8.2.1.1-2 Stationary fuel
A34: =HYPERLINK("#'10.1.1-2 Solid waste treatment'!A1", "10.1.1.1-2 Solid waste") -> 10.1.1.1-2 Solid waste
A35: =HYPERLINK("#'14.1.1-2 Purchased electricity'!A1", "14.1.1-2 Purchased electricity") -> 14.1.1-2 Purchased electricity
A36: =HYPERLINK("#'15 Scope 3'!A1", "15 Scope 3") -> 15 Scope 3
A37: =HYPERLINK("#'Calcs - Manure sent off-site'!A1", "Calcs - Manure sent off-site") -> Calcs - Manure sent off-site
A38: =HYPERLINK("#'5.1.1.1-2 Inorganic fert N2O'!A1", "5.1.1.1-2 Inorganic fert N2O") -> 5.1.1.1-2 Inorganic fert N2O
A39: =HYPERLINK("#'5.1.1.3-4 Inorganic fert CO2'!A1", "5.1.1.3-4 Inorganic fert CO2") -> 5.1.1.3-4 Inorganic fert CO2
A40: =HYPERLINK("#'5.2.1.1-2 Organic Fert N2O'!A1", "5.2.1.1-2 Organic Fert N2O") -> 5.2.1.1-2 Organic Fert N2O
A41: =HYPERLINK("#'5.3.1.1-2 Lime CO2'!A1", "5.3.1.1-2 Lime CO2") -> 5.3.1.1-2 Lime CO2
A42: =HYPERLINK("#'5.4.1.1-4 Atmos deposition'!A1", "5.4.1.1-4 Atmos deposition") -> 5.4.1.1-4 Atmos deposition
A43: =HYPERLINK("#'5.5.1.1-2 Leaching and runoff'!A1", "5.5.1.1-2 Leaching and runoff") -> 5.5.1.1-2 Leaching and runoff
A46: APPENDICES
A47: =HYPERLINK("#'Constants - Feedlot'!A1", "Constants - Feedlot") -> Constants - Feedlot
A48: =HYPERLINK("#'Constants - Common livestock'!A1", "Constants - Common Livestock") -> Constants - Common Livestock
A49: =HYPERLINK("#'Constants - Electricity'!A1", "Constants - Electricity") -> Constants - Electricity
A50: =HYPERLINK("#'Constants - Fertiliser'!A1", "Constants - Fertiliser") -> Constants - Fertiliser
A51: =HYPERLINK("#'Constants - Fuel'!A1", "Constants - Fuel") -> Constants - Fuel
A52: =HYPERLINK("#'Constants - Scope 3'!A1", "Constants - Scope 3") -> Constants - Scope 3
A53: =HYPERLINK("#'Constants - Solid Waste'!A1", "Constants - Solid Waste") -> Constants - Solid Waste
A54: =HYPERLINK("#'Constants - Common'!A1", "Constants - Common") -> Constants - Common
A55: =HYPERLINK("#'Acknowledgements'!A1", "Acknowledgements") -> Acknowledgements

Sheet Input - Feedlot
A1: #VALUE! | C1: Input - MMS - Feedlot
A3: =HYPERLINK("#'Home'!A1", "Home") -> Home
A4: =HYPERLINK("#'Results - Activity period'!A1", "Results - Activity period") -> Results - Activity period
A5: =HYPERLINK("#'Results - Product EI'!A1", "Results - Product Emissions Intensity") -> Results - Product Emissions Intensity | D5: Herd movement
E7: Domestic | F7: Mid-fed | G7: Long-fed
A8: INPUTS | D8: ="Average number of head between " & TEXT(X_Cell_Site_StartDate, "dd mmm yy") & " and " & TEXT(X_Cell_Site_EndDate, "dd mmm yy") -> Average number of head between 01 Jan 25 and 31 Dec 25 | E8: 1000 | F8: 1000 | G8: 1000 | H8: head
A9: =HYPERLINK("#'Input - Enterprise'!A1", "Enterprise") -> Enterprise | D9: ="Average duration of stay between " & TEXT(X_Cell_Site_StartDate, "dd mmm yy") & " and " & TEXT(X_Cell_Site_EndDate, "dd mmm yy") -> Average duration of stay between 01 Jan 25 and 31 Dec 25 | E9: 90 | F9: 140 | G9: 250 | H9: days
A10: =HYPERLINK("#'Input - Site'!A1", "Site") -> Site
A11: =HYPERLINK("#'Input - Feedlot'!A1", "Feedlot") -> Feedlot | D11: Intake
A12: =HYPERLINK("#'Input - Livestock sales'!A1", "Livestock sales") -> Livestock sales
A13: =HYPERLINK("#'Input - Beef cattle purchases'!A1", "Beef cattle purchases") -> Beef cattle purchases | D13: Method 1 default values (Do not edit) | E13: Domestic | F13: Mid-fed | G13: Long-fed
A14: =HYPERLINK("#'Input - Fuel'!A1", "Fuel") -> Fuel | D14: Feed intake | E14: {=_xlfn.XLOOKUP(1, (Table_SourceData_Feedlot_AnimalCharacteristics[Feedlot type] = E$13) * (Table_SourceData_Feedlot_AnimalCharacteristics[Characteristic] = $D$14), Table_SourceData_Feedlot_AnimalCharacteristics[2020-2023], "Not Found")} -> 10.4 | F14: {=_xlfn.XLOOKUP(1, (Table_SourceData_Feedlot_AnimalCharacteristics[Feedlot type] = F$13) * (Table_SourceData_Feedlot_AnimalCharacteristics[Characteristic] = $D$14), Table_SourceData_Feedlot_AnimalCharacteristics[2020-2023], "Not Found")} -> 10.8 | G14: {=_xlfn.XLOOKUP(1, (Table_SourceData_Feedlot_AnimalCharacteristics[Feedlot type] = G$13) * (Table_SourceData_Feedlot_AnimalCharacteristics[Characteristic] = $D$14), Table_SourceData_Feedlot_AnimalCharacteristics[2020-2023], "Not Found")} -> 8.2 | H14: kg dry matter / head day
A15: =HYPERLINK("#'Input - Electricity'!A1", "Electricity") -> Electricity | D15: Ether extract | E15: {=_xlfn.XLOOKUP(1, (Table_SourceData_Feedlot_DietProperties[Feedlot type] = E$13) * (Table_SourceData_Feedlot_DietProperties[Nutrient analysis] = $D$15), Table_SourceData_Feedlot_DietProperties[2020-2023 Converted to fraction], "Not Found")} -> 4.8 | F15: {=_xlfn.XLOOKUP(1, (Table_SourceData_Feedlot_DietProperties[Feedlot type] = F$13) * (Table_SourceData_Feedlot_DietProperties[Nutrient analysis] = $D$15), Table_SourceData_Feedlot_DietProperties[2020-2023 Converted to fraction], "Not Found")} -> 5 | G15: {=_xlfn.XLOOKUP(1, (Table_SourceData_Feedlot_DietProperties[Feedlot type] = G$13) * (Table_SourceData_Feedlot_DietProperties[Nutrient analysis] = $D$15), Table_SourceData_Feedlot_DietProperties[2020-2023 Converted to fraction], "Not Found")} -> 5.5 | H15: fraction
A16: =HYPERLINK("#'Input - Common farm inputs'!A1", "Common farm inputs") -> Common farm inputs | D16: NDF | E16: {=_xlfn.XLOOKUP(1, (Table_SourceData_Feedlot_DietProperties[Feedlot type] = E$13) * (Table_SourceData_Feedlot_DietProperties[Nutrient analysis] = $D$16), Table_SourceData_Feedlot_DietProperties[2020-2023 Converted to fraction], "Not Found")} -> 22 | F16: {=_xlfn.XLOOKUP(1, (Table_SourceData_Feedlot_DietProperties[Feedlot type] = F$13) * (Table_SourceData_Feedlot_DietProperties[Nutrient analysis] = $D$16), Table_SourceData_Feedlot_DietProperties[2020-2023 Converted to fraction], "Not Found")} -> 22 | G16: {=_xlfn.XLOOKUP(1, (Table_SourceData_Feedlot_DietProperties[Feedlot type] = G$13) * (Table_SourceData_Feedlot_DietProperties[Nutrient analysis] = $D$16), Table_SourceData_Feedlot_DietProperties[2020-2023 Converted to fraction], "Not Found")} -> 24 | H16: fraction
A17: =HYPERLINK("#'Input - Livestock farm Inputs'!A1", "Livestock farm Inputs") -> Livestock farm Inputs | D17: Dry matter digestibility | E17: {=_xlfn.XLOOKUP(1, (Table_SourceData_Feedlot_DietProperties[Feedlot type] = E$13) * (Table_SourceData_Feedlot_DietProperties[Nutrient analysis] = $D$17), Table_SourceData_Feedlot_DietProperties[2020-2023 Converted to fraction], "Not Found")} -> 0.81 | F17: {=_xlfn.XLOOKUP(1, (Table_SourceData_Feedlot_DietProperties[Feedlot type] = F$13) * (Table_SourceData_Feedlot_DietProperties[Nutrient analysis] = $D$17), Table_SourceData_Feedlot_DietProperties[2020-2023 Converted to fraction], "Not Found")} -> 0.81 | G17: {=_xlfn.XLOOKUP(1, (Table_SourceData_Feedlot_DietProperties[Feedlot type] = G$13) * (Table_SourceData_Feedlot_DietProperties[Nutrient analysis] = $D$17), Table_SourceData_Feedlot_DietProperties[2020-2023 Converted to fraction], "Not Found")} -> 0.81 | H17: fraction
A18: =HYPERLINK("#'Input - Freight'!A1", "Freight") -> Freight | D18: Crude protein | E18: {=_xlfn.XLOOKUP(1, (Table_SourceData_Feedlot_DietProperties[Feedlot type] = E$13) * (Table_SourceData_Feedlot_DietProperties[Nutrient analysis] = $D$18), Table_SourceData_Feedlot_DietProperties[2020-2023 Converted to fraction], "Not Found")} -> 0.14 | F18: {=_xlfn.XLOOKUP(1, (Table_SourceData_Feedlot_DietProperties[Feedlot type] = F$13) * (Table_SourceData_Feedlot_DietProperties[Nutrient analysis] = $D$18), Table_SourceData_Feedlot_DietProperties[2020-2023 Converted to fraction], "Not Found")} -> 0.12 | G18: {=_xlfn.XLOOKUP(1, (Table_SourceData_Feedlot_DietProperties[Feedlot type] = G$13) * (Table_SourceData_Feedlot_DietProperties[Nutrient analysis] = $D$18), Table_SourceData_Feedlot_DietProperties[2020-2023 Converted to fraction], "Not Found")} -> 0.12 | H18: fraction
A19: =HYPERLINK("#'Input - Solid waste'!A1", "Solid waste") -> Solid waste | D19: N retention | E19: {=_xlfn.XLOOKUP(1, (Table_SourceData_Feedlot_AnimalCharacteristics[Feedlot type] = E$13) * (Table_SourceData_Feedlot_AnimalCharacteristics[Characteristic] = $D$19), Table_SourceData_Feedlot_AnimalCharacteristics[2020-2023], "Not Found")} -> 20.4 | F19: {=_xlfn.XLOOKUP(1, (Table_SourceData_Feedlot_AnimalCharacteristics[Feedlot type] = F$13) * (Table_SourceData_Feedlot_AnimalCharacteristics[Characteristic] = $D$19), Table_SourceData_Feedlot_AnimalCharacteristics[2020-2023], "Not Found")} -> 12.7 | G19: {=_xlfn.XLOOKUP(1, (Table_SourceData_Feedlot_AnimalCharacteristics[Feedlot type] = G$13) * (Table_SourceData_Feedlot_AnimalCharacteristics[Characteristic] = $D$19), Table_SourceData_Feedlot_AnimalCharacteristics[2020-2023], "Not Found")} -> 7 | H19: percent of intake
A20: =HYPERLINK("#'Input - Manure sent off-site'!A1", "Manure sent off-site") -> Manure sent off-site
A21: =HYPERLINK("#'Input - Data quality'!A1", "Data quality") -> Data quality | D21: Method 2 custom values (Edit if known) | E21: Domestic | F21: Mid-fed | G21: Long-fed
A22: =HYPERLINK("#'Input - Fert Prod System'!A1", "Fert Prod System") -> Fert Prod System | D22: Feed intake | E22: {=_xlfn.XLOOKUP(1, (Table_SourceData_Feedlot_AnimalCharacteristics[Feedlot type] = E$21) * (Table_SourceData_Feedlot_AnimalCharacteristics[Characteristic] = $D$22), Table_SourceData_Feedlot_AnimalCharacteristics[2020-2023], "Not Found")} -> 10.4 | F22: {=_xlfn.XLOOKUP(1, (Table_SourceData_Feedlot_AnimalCharacteristics[Feedlot type] = F$21) * (Table_SourceData_Feedlot_AnimalCharacteristics[Characteristic] = $D$22), Table_SourceData_Feedlot_AnimalCharacteristics[2020-2023], "Not Found")} -> 10.8 | G22: {=_xlfn.XLOOKUP(1, (Table_SourceData_Feedlot_AnimalCharacteristics[Feedlot type] = G$21) * (Table_SourceData_Feedlot_AnimalCharacteristics[Characteristic] = $D$22), Table_SourceData_Feedlot_AnimalCharacteristics[2020-2023], "Not Found")} -> 8.2 | H22: kg dry matter / head day
A23: =HYPERLINK("#'Input - Fertiliser'!A1", "Fertiliser") -> Fertiliser | D23: Ether extract | E23: {=_xlfn.XLOOKUP(1, (Table_SourceData_Feedlot_DietProperties[Feedlot type] = E$21) * (Table_SourceData_Feedlot_DietProperties[Nutrient analysis] = $D$23), Table_SourceData_Feedlot_DietProperties[2020-2023 Converted to fraction], "Not Found")} -> 4.8 | F23: {=_xlfn.XLOOKUP(1, (Table_SourceData_Feedlot_DietProperties[Feedlot type] = F$21) * (Table_SourceData_Feedlot_DietProperties[Nutrient analysis] = $D$23), Table_SourceData_Feedlot_DietProperties[2020-2023 Converted to fraction], "Not Found")} -> 5 | G23: {=_xlfn.XLOOKUP(1, (Table_SourceData_Feedlot_DietProperties[Feedlot type] = G$21) * (Table_SourceData_Feedlot_DietProperties[Nutrient analysis] = $D$23), Table_SourceData_Feedlot_DietProperties[2020-2023 Converted to fraction], "Not Found")} -> 5.5 | H23: fraction
D24: NDF | E24: {=_xlfn.XLOOKUP(1, (Table_SourceData_Feedlot_DietProperties[Feedlot type] = E$21) * (Table_SourceData_Feedlot_DietProperties[Nutrient analysis] = $D$24), Table_SourceData_Feedlot_DietProperties[2020-2023 Converted to fraction], "Not Found")} -> 22 | F24: {=_xlfn.XLOOKUP(1, (Table_SourceData_Feedlot_DietProperties[Feedlot type] = F$21) * (Table_SourceData_Feedlot_DietProperties[Nutrient analysis] = $D$24), Table_SourceData_Feedlot_DietProperties[2020-2023 Converted to fraction], "Not Found")} -> 22 | G24: {=_xlfn.XLOOKUP(1, (Table_SourceData_Feedlot_DietProperties[Feedlot type] = G$21) * (Table_SourceData_Feedlot_DietProperties[Nutrient analysis] = $D$24), Table_SourceData_Feedlot_DietProperties[2020-2023 Converted to fraction], "Not Found")} -> 24 | H24: fraction
D25: Dry matter digestibility | E25: {=_xlfn.XLOOKUP(1, (Table_SourceData_Feedlot_DietProperties[Feedlot type] = E$21) * (Table_SourceData_Feedlot_DietProperties[Nutrient analysis] = $D$25), Table_SourceData_Feedlot_DietProperties[2020-2023 Converted to fraction], "Not Found")} -> 0.81 | F25: {=_xlfn.XLOOKUP(1, (Table_SourceData_Feedlot_DietProperties[Feedlot type] = F$21) * (Table_SourceData_Feedlot_DietProperties[Nutrient analysis] = $D$25), Table_SourceData_Feedlot_DietProperties[2020-2023 Converted to fraction], "Not Found")} -> 0.81 | G25: {=_xlfn.XLOOKUP(1, (Table_SourceData_Feedlot_DietProperties[Feedlot type] = G$21) * (Table_SourceData_Feedlot_DietProperties[Nutrient analysis] = $D$25), Table_SourceData_Feedlot_DietProperties[2020-2023 Converted to fraction], "Not Found")} -> 0.81 | H25: fraction
A26: CALCULATIONS | D26: Crude protein | E26: {=_xlfn.XLOOKUP(1, (Table_SourceData_Feedlot_DietProperties[Feedlot type] = E$21) * (Table_SourceData_Feedlot_DietProperties[Nutrient analysis] = $D$26), Table_SourceData_Feedlot_DietProperties[2020-2023 Converted to fraction], "Not Found")} -> 0.14 | F26: {=_xlfn.XLOOKUP(1, (Table_SourceData_Feedlot_DietProperties[Feedlot type] = F$21) * (Table_SourceData_Feedlot_DietProperties[Nutrient analysis] = $D$26), Table_SourceData_Feedlot_DietProperties[2020-2023 Converted to fraction], "Not Found")} -> 0.12 | G26: {=_xlfn.XLOOKUP(1, (Table_SourceData_Feedlot_DietProperties[Feedlot type] = G$21) * (Table_SourceData_Feedlot_DietProperties[Nutrient analysis] = $D$26), Table_SourceData_Feedlot_DietProperties[2020-2023 Converted to fraction], "Not Found")} -> 0.12 | H26: fraction
A27: =HYPERLINK("#'3.1.1.1-2 Enteric Methane'!A1", "3.1.1.1-2 Enteric Methane") -> 3.1.1.1-2 Enteric Methane | D27: N retention | E27: {=_xlfn.XLOOKUP(1, (Table_SourceData_Feedlot_AnimalCharacteristics[Feedlot type] = E$21) * (Table_SourceData_Feedlot_AnimalCharacteristics[Characteristic] = $D$27), Table_SourceData_Feedlot_AnimalCharacteristics[2020-2023], "Not Found")} -> 20.4 | F27: {=_xlfn.XLOOKUP(1, (Table_SourceData_Feedlot_AnimalCharacteristics[Feedlot type] = F$21) * (Table_SourceData_Feedlot_AnimalCharacteristics[Characteristic] = $D$27), Table_SourceData_Feedlot_AnimalCharacteristics[2020-2023], "Not Found")} -> 12.7 | G27: {=_xlfn.XLOOKUP(1, (Table_SourceData_Feedlot_AnimalCharacteristics[Feedlot type] = G$21) * (Table_SourceData_Feedlot_AnimalCharacteristics[Characteristic] = $D$27), Table_SourceData_Feedlot_AnimalCharacteristics[2020-2023], "Not Found")} -> 7 | H27: percent of intake
A28: =HYPERLINK("#'4.1.1.1-2 Methane'!A1", "4.1.1.1-2 Manure Methane") -> 4.1.1.1-2 Manure Methane
A29: =HYPERLINK("#'4.1.1.3-4 Direct N20'!A1", "4.1.1.3-4 Manure Direct N2O") -> 4.1.1.3-4 Manure Direct N2O | D29: Manure management systems
A30: =HYPERLINK("#'4.1.1.5-6 Atmos Deposition'!A1", "4.1.1.5-6 Manure Atmos Dep") -> 4.1.1.5-6 Manure Atmos Dep
A31: =HYPERLINK("#'4.1.1.9 Manure applied to soils'!A1", "4.1.1.9 Manure applied to soils") -> 4.1.1.9 Manure applied to soils | D31: Stage 1 MMS | E31: Domestic | F31: Mid-fed | G31: Long-fed
A32: =HYPERLINK("#'8.1.1.1-2 Transport fuel'!A1", "8.1.1.1-2 Transport fuel") -> 8.1.1.1-2 Transport fuel | D32: Drylot (feed pad) | E32: 1 | F32: 1 | G32: 1 | H32: percent
A33: =HYPERLINK("#'8.2.1.1-2 Stationary fuel'!A1", "8.2.1.1-2 Stationary fuel") -> 8.2.1.1-2 Stationary fuel | D33: ▼
A34: =HYPERLINK("#'10.1.1-2 Solid waste treatment'!A1", "10.1.1.1-2 Solid waste") -> 10.1.1.1-2 Solid waste | D34: Stage 2 MMS | E34: Domestic | F34: Mid-fed | G34: Long-fed | H34: ► | I34: Destination after stage 2 MMS (Percent)
A35: =HYPERLINK("#'14.1.1-2 Purchased electricity'!A1", "14.1.1-2 Purchased electricity") -> 14.1.1-2 Purchased electricity | D35: ="From Stage 1: " & $D$32 & " to:" -> From Stage 1: Drylot (feed pad) to: | I35: Sold | J35: Fert for own farm (eg crop) | K35: Direct application to soil
A36: =HYPERLINK("#'15 Scope 3'!A1", "15 Scope 3") -> 15 Scope 3 | D36: ='Constants - Feedlot'!D29 -> Solid storage | E36: 0.2 | F36: 0.2 | G36: 0.2 | H36: percent | I36: 0.25 | J36: 0.25 | K36: =1-SUM(I36:J36) -> 0.5
A37: =HYPERLINK("#'Calcs - Manure sent off-site'!A1", "Calcs - Manure sent off-site") -> Calcs - Manure sent off-site | D37: ='Constants - Feedlot'!D30 -> Composting (passive windrow) | E37: 0.2 | F37: 0.2 | G37: 0.2 | H37: percent | I37: 0.25 | J37: 0.25 | K37: =1-SUM(I37:J37) -> 0.5
A38: =HYPERLINK("#'5.1.1.1-2 Inorganic fert N2O'!A1", "5.1.1.1-2 Inorganic fert N2O") -> 5.1.1.1-2 Inorganic fert N2O | D38: Direct application | E38: =1-SUM(E36, E37) -> 0.6 | F38: =1-SUM(F36, F37) -> 0.6 | G38: =1-SUM(G36, G37) -> 0.6 | H38: percent | I38: 0 | J38: 0 | K38: =1-SUM(I38:J38) -> 1
A39: =HYPERLINK("#'5.1.1.3-4 Inorganic fert CO2'!A1", "5.1.1.3-4 Inorganic fert CO2") -> 5.1.1.3-4 Inorganic fert CO2
A40: =HYPERLINK("#'5.2.1.1-2 Organic Fert N2O'!A1", "5.2.1.1-2 Organic Fert N2O") -> 5.2.1.1-2 Organic Fert N2O | D40: Stage 3 MMS | E40: Domestic | F40: Mid-fed | G40: Long-fed | H40: ► | I40: Destination after stage 3 MMS (Percent)
A41: =HYPERLINK("#'5.3.1.1-2 Lime CO2'!A1", "5.3.1.1-2 Lime CO2") -> 5.3.1.1-2 Lime CO2 | D41: ="From Stage 1: " & $D$32 & " to:" -> From Stage 1: Drylot (feed pad) to: | I41: Sold | J41: Fert for own farm (eg crop) | K41: Direct application to soil
A42: =HYPERLINK("#'5.4.1.1-4 Atmos deposition'!A1", "5.4.1.1-4 Atmos deposition") -> 5.4.1.1-4 Atmos deposition | D42: ='Constants - Feedlot'!$D$32 -> Anaerobic lagoon | E42: =SourceData_Feedlot_MMSm1T3_Data -> 0.02 | F42: =SourceData_Feedlot_MMSm1T3_Data -> 0.02 | G42: =SourceData_Feedlot_MMSm1T3_Data -> 0.02 | H42: percent | I42: 0.25 | J42: 0.25 | K42: =1-SUM(I42:J42) -> 0.5
A43: =HYPERLINK("#'5.5.1.1-2 Leaching and runoff'!A1", "5.5.1.1-2 Leaching and runoff") -> 5.5.1.1-2 Leaching and runoff
D45: Where manure was deposited on farm soils, what is the closest match? | E45: Pasture | F45: ← Please select
A46: APPENDICES | E46: Not irrigated | F46: ← Please select
A47: =HYPERLINK("#'Constants - Feedlot'!A1", "Constants - Feedlot") -> Constants - Feedlot
A48: =HYPERLINK("#'Constants - Common livestock'!A1", "Constants - Common Livestock") -> Constants - Common Livestock
A49: =HYPERLINK("#'Constants - Electricity'!A1", "Constants - Electricity") -> Constants - Electricity
A50: =HYPERLINK("#'Constants - Fertiliser'!A1", "Constants - Fertiliser") -> Constants - Fertiliser
A51: =HYPERLINK("#'Constants - Fuel'!A1", "Constants - Fuel") -> Constants - Fuel
A52: =HYPERLINK("#'Constants - Scope 3'!A1", "Constants - Scope 3") -> Constants - Scope 3
A53: =HYPERLINK("#'Constants - Solid Waste'!A1", "Constants - Solid Waste") -> Constants - Solid Waste
A54: =HYPERLINK("#'Constants - Common'!A1", "Constants - Common") -> Constants - Common
A55: =HYPERLINK("#'Acknowledgements'!A1", "Acknowledgements") -> Acknowledgements

Sheet Input - Livestock sales
C1: Input - Livestock sales
A3: =HYPERLINK("#'Home'!A1", "Home") -> Home
A4: =HYPERLINK("#'Results - Activity period'!A1", "Results - Activity period") -> Results - Activity period
A5: =HYPERLINK("#'Results - Product EI'!A1", "Results - Product Emissions Intensity") -> Results - Product Emissions Intensity | D5: ⚠️ Livestock sales are not automatically reflected in the duration and head tables - you will need to manually adjust head count and average liveweight
D6: Transaction name | E6: Class (select) | F6: Sale date | G6: Head sold | H6: Average weight per head (kg) | I6: Total liveweight sold
F7: 45566 | G7: 10 | H7: 500 | I7: =G7*H7 -> 5000
A8: INPUTS | I8: =G8*H8 -> 0
A9: =HYPERLINK("#'Input - Enterprise'!A1", "Enterprise") -> Enterprise | I9: =G9*H9 -> 0
A10: =HYPERLINK("#'Input - Site'!A1", "Site") -> Site | I10: =G10*H10 -> 0
A11: =HYPERLINK("#'Input - Feedlot'!A1", "Feedlot") -> Feedlot | I11: =G11*H11 -> 0
A12: =HYPERLINK("#'Input - Livestock sales'!A1", "Livestock sales") -> Livestock sales | I12: =G12*H12 -> 0
A13: =HYPERLINK("#'Input - Beef cattle purchases'!A1", "Beef cattle purchases") -> Beef cattle purchases | I13: =G13*H13 -> 0
A14: =HYPERLINK("#'Input - Fuel'!A1", "Fuel") -> Fuel | I14: =G14*H14 -> 0
A15: =HYPERLINK("#'Input - Electricity'!A1", "Electricity") -> Electricity | I15: =G15*H15 -> 0
A16: =HYPERLINK("#'Input - Common farm inputs'!A1", "Common farm inputs") -> Common farm inputs | I16: =G16*H16 -> 0
A17: =HYPERLINK("#'Input - Livestock farm Inputs'!A1", "Livestock farm Inputs") -> Livestock farm Inputs
A18: =HYPERLINK("#'Input - Freight'!A1", "Freight") -> Freight
A19: =HYPERLINK("#'Input - Solid waste'!A1", "Solid waste") -> Solid waste
A20: =HYPERLINK("#'Input - Manure sent off-site'!A1", "Manure sent off-site") -> Manure sent off-site
A21: =HYPERLINK("#'Input - Data quality'!A1", "Data quality") -> Data quality
A22: =HYPERLINK("#'Input - Fert Prod System'!A1", "Fert Prod System") -> Fert Prod System
A23: =HYPERLINK("#'Input - Fertiliser'!A1", "Fertiliser") -> Fertiliser
A26: CALCULATIONS
A27: =HYPERLINK("#'3.1.1.1-2 Enteric Methane'!A1", "3.1.1.1-2 Enteric Methane") -> 3.1.1.1-2 Enteric Methane
A28: =HYPERLINK("#'4.1.1.1-2 Methane'!A1", "4.1.1.1-2 Manure Methane") -> 4.1.1.1-2 Manure Methane
A29: =HYPERLINK("#'4.1.1.3-4 Direct N20'!A1", "4.1.1.3-4 Manure Direct N2O") -> 4.1.1.3-4 Manure Direct N2O
A30: =HYPERLINK("#'4.1.1.5-6 Atmos Deposition'!A1", "4.1.1.5-6 Manure Atmos Dep") -> 4.1.1.5-6 Manure Atmos Dep
A31: =HYPERLINK("#'4.1.1.9 Manure applied to soils'!A1", "4.1.1.9 Manure applied to soils") -> 4.1.1.9 Manure applied to soils
A32: =HYPERLINK("#'8.1.1.1-2 Transport fuel'!A1", "8.1.1.1-2 Transport fuel") -> 8.1.1.1-2 Transport fuel
A33: =HYPERLINK("#'8.2.1.1-2 Stationary fuel'!A1", "8.2.1.1-2 Stationary fuel") -> 8.2.1.1-2 Stationary fuel
A34: =HYPERLINK("#'10.1.1-2 Solid waste treatment'!A1", "10.1.1.1-2 Solid waste") -> 10.1.1.1-2 Solid waste
A35: =HYPERLINK("#'14.1.1-2 Purchased electricity'!A1", "14.1.1-2 Purchased electricity") -> 14.1.1-2 Purchased electricity
A36: =HYPERLINK("#'15 Scope 3'!A1", "15 Scope 3") -> 15 Scope 3
A37: =HYPERLINK("#'Calcs - Manure sent off-site'!A1", "Calcs - Manure sent off-site") -> Calcs - Manure sent off-site
A38: =HYPERLINK("#'5.1.1.1-2 Inorganic fert N2O'!A1", "5.1.1.1-2 Inorganic fert N2O") -> 5.1.1.1-2 Inorganic fert N2O
A39: =HYPERLINK("#'5.1.1.3-4 Inorganic fert CO2'!A1", "5.1.1.3-4 Inorganic fert CO2") -> 5.1.1.3-4 Inorganic fert CO2
A40: =HYPERLINK("#'5.2.1.1-2 Organic Fert N2O'!A1", "5.2.1.1-2 Organic Fert N2O") -> 5.2.1.1-2 Organic Fert N2O
A41: =HYPERLINK("#'5.3.1.1-2 Lime CO2'!A1", "5.3.1.1-2 Lime CO2") -> 5.3.1.1-2 Lime CO2
A42: =HYPERLINK("#'5.4.1.1-4 Atmos deposition'!A1", "5.4.1.1-4 Atmos deposition") -> 5.4.1.1-4 Atmos deposition
A43: =HYPERLINK("#'5.5.1.1-2 Leaching and runoff'!A1", "5.5.1.1-2 Leaching and runoff") -> 5.5.1.1-2 Leaching and runoff
A46: APPENDICES
A47: =HYPERLINK("#'Constants - Feedlot'!A1", "Constants - Feedlot") -> Constants - Feedlot
A48: =HYPERLINK("#'Constants - Common livestock'!A1", "Constants - Common Livestock") -> Constants - Common Livestock
A49: =HYPERLINK("#'Constants - Electricity'!A1", "Constants - Electricity") -> Constants - Electricity
A50: =HYPERLINK("#'Constants - Fertiliser'!A1", "Constants - Fertiliser") -> Constants - Fertiliser
A51: =HYPERLINK("#'Constants - Fuel'!A1", "Constants - Fuel") -> Constants - Fuel
A52: =HYPERLINK("#'Constants - Scope 3'!A1", "Constants - Scope 3") -> Constants - Scope 3
A53: =HYPERLINK("#'Constants - Solid Waste'!A1", "Constants - Solid Waste") -> Constants - Solid Waste
A54: =HYPERLINK("#'Constants - Common'!A1", "Constants - Common") -> Constants - Common
A55: =HYPERLINK("#'Acknowledgements'!A1", "Acknowledgements") -> Acknowledgements

Sheet Input - Beef cattle purchases
A1: #VALUE! | C1: Input - Beef Cattle Purchases
A3: =HYPERLINK("#'Home'!A1", "Home") -> Home
A4: =HYPERLINK("#'Results - Activity period'!A1", "Results - Activity period") -> Results - Activity period
A5: =HYPERLINK("#'Results - Product EI'!A1", "Results - Product Emissions Intensity") -> Results - Product Emissions Intensity | D5: ⚠️ Livestock sales and purchases are not automatically reflected in the duration and head count tables - you will need to manually adjust head count, duration and average liveweight
D6: Transaction name | E6: Purchase date | F6: Class (select) | G6: Purchase class (select) | H6: Source region (Select) | I6: Quantity (head) | J6: Liveweight (kg/head) Method 1 | K6: Liveweight (kg/head) Method 2
D7: Cows from Barry | E7: 45547 | F7: Steers < 1 year | G7: Cattle, for prime beef | H7: WA - Kimberley | I7: 100 | K7: 205
A8: INPUTS | E8: 45292 | F8: Steers 1-2 years | G8: Cattle, for manufacturing beef | H8: WA - South west | I8: 100 | K8: 465
A9: =HYPERLINK("#'Input - Enterprise'!A1", "Enterprise") -> Enterprise
A10: =HYPERLINK("#'Input - Site'!A1", "Site") -> Site
A11: =HYPERLINK("#'Input - Feedlot'!A1", "Feedlot") -> Feedlot
A12: =HYPERLINK("#'Input - Livestock sales'!A1", "Livestock sales") -> Livestock sales
A13: =HYPERLINK("#'Input - Beef cattle purchases'!A1", "Beef cattle purchases") -> Beef cattle purchases
A14: =HYPERLINK("#'Input - Fuel'!A1", "Fuel") -> Fuel
A15: =HYPERLINK("#'Input - Electricity'!A1", "Electricity") -> Electricity
A16: =HYPERLINK("#'Input - Common farm inputs'!A1", "Common farm inputs") -> Common farm inputs
A17: =HYPERLINK("#'Input - Livestock farm Inputs'!A1", "Livestock farm Inputs") -> Livestock farm Inputs
A18: =HYPERLINK("#'Input - Freight'!A1", "Freight") -> Freight
A19: =HYPERLINK("#'Input - Solid waste'!A1", "Solid waste") -> Solid waste
A20: =HYPERLINK("#'Input - Manure sent off-site'!A1", "Manure sent off-site") -> Manure sent off-site
A21: =HYPERLINK("#'Input - Data quality'!A1", "Data quality") -> Data quality
A22: =HYPERLINK("#'Input - Fert Prod System'!A1", "Fert Prod System") -> Fert Prod System
A23: =HYPERLINK("#'Input - Fertiliser'!A1", "Fertiliser") -> Fertiliser
A26: CALCULATIONS
A27: =HYPERLINK("#'3.1.1.1-2 Enteric Methane'!A1", "3.1.1.1-2 Enteric Methane") -> 3.1.1.1-2 Enteric Methane
A28: =HYPERLINK("#'4.1.1.1-2 Methane'!A1", "4.1.1.1-2 Manure Methane") -> 4.1.1.1-2 Manure Methane
A29: =HYPERLINK("#'4.1.1.3-4 Direct N20'!A1", "4.1.1.3-4 Manure Direct N2O") -> 4.1.1.3-4 Manure Direct N2O
A30: =HYPERLINK("#'4.1.1.5-6 Atmos Deposition'!A1", "4.1.1.5-6 Manure Atmos Dep") -> 4.1.1.5-6 Manure Atmos Dep
A31: =HYPERLINK("#'4.1.1.9 Manure applied to soils'!A1", "4.1.1.9 Manure applied to soils") -> 4.1.1.9 Manure applied to soils
A32: =HYPERLINK("#'8.1.1.1-2 Transport fuel'!A1", "8.1.1.1-2 Transport fuel") -> 8.1.1.1-2 Transport fuel
A33: =HYPERLINK("#'8.2.1.1-2 Stationary fuel'!A1", "8.2.1.1-2 Stationary fuel") -> 8.2.1.1-2 Stationary fuel
A34: =HYPERLINK("#'10.1.1-2 Solid waste treatment'!A1", "10.1.1.1-2 Solid waste") -> 10.1.1.1-2 Solid waste
A35: =HYPERLINK("#'14.1.1-2 Purchased electricity'!A1", "14.1.1-2 Purchased electricity") -> 14.1.1-2 Purchased electricity
A36: =HYPERLINK("#'15 Scope 3'!A1", "15 Scope 3") -> 15 Scope 3
A37: =HYPERLINK("#'Calcs - Manure sent off-site'!A1", "Calcs - Manure sent off-site") -> Calcs - Manure sent off-site
A38: =HYPERLINK("#'5.1.1.1-2 Inorganic fert N2O'!A1", "5.1.1.1-2 Inorganic fert N2O") -> 5.1.1.1-2 Inorganic fert N2O
A39: =HYPERLINK("#'5.1.1.3-4 Inorganic fert CO2'!A1", "5.1.1.3-4 Inorganic fert CO2") -> 5.1.1.3-4 Inorganic fert CO2
A40: =HYPERLINK("#'5.2.1.1-2 Organic Fert N2O'!A1", "5.2.1.1-2 Organic Fert N2O") -> 5.2.1.1-2 Organic Fert N2O
A41: =HYPERLINK("#'5.3.1.1-2 Lime CO2'!A1", "5.3.1.1-2 Lime CO2") -> 5.3.1.1-2 Lime CO2
A42: =HYPERLINK("#'5.4.1.1-4 Atmos deposition'!A1", "5.4.1.1-4 Atmos deposition") -> 5.4.1.1-4 Atmos deposition
A43: =HYPERLINK("#'5.5.1.1-2 Leaching and runoff'!A1", "5.5.1.1-2 Leaching and runoff") -> 5.5.1.1-2 Leaching and runoff
A46: APPENDICES
A47: =HYPERLINK("#'Constants - Feedlot'!A1", "Constants - Feedlot") -> Constants - Feedlot
A48: =HYPERLINK("#'Constants - Common livestock'!A1", "Constants - Common Livestock") -> Constants - Common Livestock
A49: =HYPERLINK("#'Constants - Electricity'!A1", "Constants - Electricity") -> Constants - Electricity
A50: =HYPERLINK("#'Constants - Fertiliser'!A1", "Constants - Fertiliser") -> Constants - Fertiliser
A51: =HYPERLINK("#'Constants - Fuel'!A1", "Constants - Fuel") -> Constants - Fuel
A52: =HYPERLINK("#'Constants - Scope 3'!A1", "Constants - Scope 3") -> Constants - Scope 3
A53: =HYPERLINK("#'Constants - Solid Waste'!A1", "Constants - Solid Waste") -> Constants - Solid Waste
A54: =HYPERLINK("#'Constants - Common'!A1", "Constants - Common") -> Constants - Common
A55: =HYPERLINK("#'Acknowledgements'!A1", "Acknowledgements") -> Acknowledgements

Sheet Input - Fuel
A1: #VALUE! | C1: Input - Fuel
A3: =HYPERLINK("#'Home'!A1", "Home") -> Home
A4: =HYPERLINK("#'Results - Activity period'!A1", "Results - Activity period") -> Results - Activity period
A5: =HYPERLINK("#'Results - Product EI'!A1", "Results - Product Emissions Intensity") -> Results - Product Emissions Intensity | D5: Fuel purchases and consumption
D7: A 'Metropolitan' location is:
A8: INPUTS | D8: ● On or east of the dividing range in NSW (including Canberra and Queanbeyan)
A9: =HYPERLINK("#'Input - Enterprise'!A1", "Enterprise") -> Enterprise | D9: ● In Melbourne, Brisbane, Adelaide or Perth
A10: =HYPERLINK("#'Input - Site'!A1", "Site") -> Site
A11: =HYPERLINK("#'Input - Feedlot'!A1", "Feedlot") -> Feedlot | D11: Is the property in a Metropolitan location? | E11: Metro | F11: ← Please select
A12: =HYPERLINK("#'Input - Livestock sales'!A1", "Livestock sales") -> Livestock sales
A13: =HYPERLINK("#'Input - Beef cattle purchases'!A1", "Beef cattle purchases") -> Beef cattle purchases | D13: 💡 You can add more rows to the table by right-clicking on the table and selecting "Insert > Table rows above/below"
A14: =HYPERLINK("#'Input - Fuel'!A1", "Fuel") -> Fuel | D14: 💡 'Percent consumed" is 100% by default. If you purchased more fuel than was consumed you can edit this field.
A15: =HYPERLINK("#'Input - Electricity'!A1", "Electricity") -> Electricity
A16: =HYPERLINK("#'Input - Common farm inputs'!A1", "Common farm inputs") -> Common farm inputs | D16: Fuel use (select) | E16: Fuel type (select) | F16: Amount purchased | G16: Amount unit | H16: Percent consumed | I16: Amount consumed | J16: Amount consumed unit
A17: =HYPERLINK("#'Input - Livestock farm Inputs'!A1", "Livestock farm Inputs") -> Livestock farm Inputs | D17: Power standalone machinery or heating | E17: Town gas in GJ | F17: 100 | G17: {=Common_InputFunctions.Utility_LookupValueInTable(Table_Input_Fuel[[#This Row],[Fuel type (select)]],Table_FuelTypes_Units[Fuel type], Table_FuelTypes_Units[Input Unit])} -> GJ | H17: =1 -> 1 | I17: =Table_Input_Fuel[[#This Row],[Amount purchased]]*Table_Input_Fuel[[#This Row],[Percent consumed]]*IF(Table_Input_Fuel[[#This Row],[Amount unit]]="L", 10^-3, 1) -> 100 | J17: {=Common_InputFunctions.Utility_LookupValueInTable(Table_Input_Fuel[[#This Row],[Fuel type (select)]],Table_FuelTypes_Units[Fuel type], Table_FuelTypes_Units[Unit])} -> GJ
A18: =HYPERLINK("#'Input - Freight'!A1", "Freight") -> Freight | D18: Power standalone machinery or heating | E18: Petrol | F18: 10000 | G18: {=Common_InputFunctions.Utility_LookupValueInTable(Table_Input_Fuel[[#This Row],[Fuel type (select)]],Table_FuelTypes_Units[Fuel type], Table_FuelTypes_Units[Input Unit])} -> L | H18: =1 -> 1 | I18: =Table_Input_Fuel[[#This Row],[Amount purchased]]*Table_Input_Fuel[[#This Row],[Percent consumed]]*IF(Table_Input_Fuel[[#This Row],[Amount unit]]="L", 10^-3, 1) -> 10 | J18: {=Common_InputFunctions.Utility_LookupValueInTable(Table_Input_Fuel[[#This Row],[Fuel type (select)]],Table_FuelTypes_Units[Fuel type], Table_FuelTypes_Units[Unit])} -> kL
A19: =HYPERLINK("#'Input - Solid waste'!A1", "Solid waste") -> Solid waste | D19: Cars and light commercial vehicles | E19: Diesel | F19: 10000 | G19: {=Common_InputFunctions.Utility_LookupValueInTable(Table_Input_Fuel[[#This Row],[Fuel type (select)]],Table_FuelTypes_Units[Fuel type], Table_FuelTypes_Units[Input Unit])} -> L | H19: =1 -> 1 | I19: =Table_Input_Fuel[[#This Row],[Amount purchased]]*Table_Input_Fuel[[#This Row],[Percent consumed]]*IF(Table_Input_Fuel[[#This Row],[Amount unit]]="L", 10^-3, 1) -> 10 | J19: {=Common_InputFunctions.Utility_LookupValueInTable(Table_Input_Fuel[[#This Row],[Fuel type (select)]],Table_FuelTypes_Units[Fuel type], Table_FuelTypes_Units[Unit])} -> kL
A20: =HYPERLINK("#'Input - Manure sent off-site'!A1", "Manure sent off-site") -> Manure sent off-site | D20: Off-road Agriculture and forestry equipment | E20: Diesel | F20: 10000 | G20: {=Common_InputFunctions.Utility_LookupValueInTable(Table_Input_Fuel[[#This Row],[Fuel type (select)]],Table_FuelTypes_Units[Fuel type], Table_FuelTypes_Units[Input Unit])} -> L | H20: =1 -> 1 | I20: =Table_Input_Fuel[[#This Row],[Amount purchased]]*Table_Input_Fuel[[#This Row],[Percent consumed]]*IF(Table_Input_Fuel[[#This Row],[Amount unit]]="L", 10^-3, 1) -> 10 | J20: {=Common_InputFunctions.Utility_LookupValueInTable(Table_Input_Fuel[[#This Row],[Fuel type (select)]],Table_FuelTypes_Units[Fuel type], Table_FuelTypes_Units[Unit])} -> kL
A21: =HYPERLINK("#'Input - Data quality'!A1", "Data quality") -> Data quality | D21: Vessels | E21: Fuel oil | F21: 10000 | G21: {=Common_InputFunctions.Utility_LookupValueInTable(Table_Input_Fuel[[#This Row],[Fuel type (select)]],Table_FuelTypes_Units[Fuel type], Table_FuelTypes_Units[Input Unit])} -> L | H21: =1 -> 1 | I21: =Table_Input_Fuel[[#This Row],[Amount purchased]]*Table_Input_Fuel[[#This Row],[Percent consumed]]*IF(Table_Input_Fuel[[#This Row],[Amount unit]]="L", 10^-3, 1) -> 10 | J21: {=Common_InputFunctions.Utility_LookupValueInTable(Table_Input_Fuel[[#This Row],[Fuel type (select)]],Table_FuelTypes_Units[Fuel type], Table_FuelTypes_Units[Unit])} -> kL
A22: =HYPERLINK("#'Input - Fert Prod System'!A1", "Fert Prod System") -> Fert Prod System
A23: =HYPERLINK("#'Input - Fertiliser'!A1", "Fertiliser") -> Fertiliser
A26: CALCULATIONS
A27: =HYPERLINK("#'3.1.1.1-2 Enteric Methane'!A1", "3.1.1.1-2 Enteric Methane") -> 3.1.1.1-2 Enteric Methane
A28: =HYPERLINK("#'4.1.1.1-2 Methane'!A1", "4.1.1.1-2 Manure Methane") -> 4.1.1.1-2 Manure Methane
A29: =HYPERLINK("#'4.1.1.3-4 Direct N20'!A1", "4.1.1.3-4 Manure Direct N2O") -> 4.1.1.3-4 Manure Direct N2O
A30: =HYPERLINK("#'4.1.1.5-6 Atmos Deposition'!A1", "4.1.1.5-6 Manure Atmos Dep") -> 4.1.1.5-6 Manure Atmos Dep
A31: =HYPERLINK("#'4.1.1.9 Manure applied to soils'!A1", "4.1.1.9 Manure applied to soils") -> 4.1.1.9 Manure applied to soils
A32: =HYPERLINK("#'8.1.1.1-2 Transport fuel'!A1", "8.1.1.1-2 Transport fuel") -> 8.1.1.1-2 Transport fuel
A33: =HYPERLINK("#'8.2.1.1-2 Stationary fuel'!A1", "8.2.1.1-2 Stationary fuel") -> 8.2.1.1-2 Stationary fuel
A34: =HYPERLINK("#'10.1.1-2 Solid waste treatment'!A1", "10.1.1.1-2 Solid waste") -> 10.1.1.1-2 Solid waste
A35: =HYPERLINK("#'14.1.1-2 Purchased electricity'!A1", "14.1.1-2 Purchased electricity") -> 14.1.1-2 Purchased electricity
A36: =HYPERLINK("#'15 Scope 3'!A1", "15 Scope 3") -> 15 Scope 3
A37: =HYPERLINK("#'Calcs - Manure sent off-site'!A1", "Calcs - Manure sent off-site") -> Calcs - Manure sent off-site
A38: =HYPERLINK("#'5.1.1.1-2 Inorganic fert N2O'!A1", "5.1.1.1-2 Inorganic fert N2O") -> 5.1.1.1-2 Inorganic fert N2O
A39: =HYPERLINK("#'5.1.1.3-4 Inorganic fert CO2'!A1", "5.1.1.3-4 Inorganic fert CO2") -> 5.1.1.3-4 Inorganic fert CO2
A40: =HYPERLINK("#'5.2.1.1-2 Organic Fert N2O'!A1", "5.2.1.1-2 Organic Fert N2O") -> 5.2.1.1-2 Organic Fert N2O
A41: =HYPERLINK("#'5.3.1.1-2 Lime CO2'!A1", "5.3.1.1-2 Lime CO2") -> 5.3.1.1-2 Lime CO2
A42: =HYPERLINK("#'5.4.1.1-4 Atmos deposition'!A1", "5.4.1.1-4 Atmos deposition") -> 5.4.1.1-4 Atmos deposition
A43: =HYPERLINK("#'5.5.1.1-2 Leaching and runoff'!A1", "5.5.1.1-2 Leaching and runoff") -> 5.5.1.1-2 Leaching and runoff
A46: APPENDICES
A47: =HYPERLINK("#'Constants - Feedlot'!A1", "Constants - Feedlot") -> Constants - Feedlot
A48: =HYPERLINK("#'Constants - Common livestock'!A1", "Constants - Common Livestock") -> Constants - Common Livestock
A49: =HYPERLINK("#'Constants - Electricity'!A1", "Constants - Electricity") -> Constants - Electricity
A50: =HYPERLINK("#'Constants - Fertiliser'!A1", "Constants - Fertiliser") -> Constants - Fertiliser
A51: =HYPERLINK("#'Constants - Fuel'!A1", "Constants - Fuel") -> Constants - Fuel
A52: =HYPERLINK("#'Constants - Scope 3'!A1", "Constants - Scope 3") -> Constants - Scope 3
A53: =HYPERLINK("#'Constants - Solid Waste'!A1", "Constants - Solid Waste") -> Constants - Solid Waste
A54: =HYPERLINK("#'Constants - Common'!A1", "Constants - Common") -> Constants - Common
A55: =HYPERLINK("#'Acknowledgements'!A1", "Acknowledgements") -> Acknowledgements

Sheet Input - Electricity
A1: #VALUE! | C1: Input - Electricity
A3: =HYPERLINK("#'Home'!A1", "Home") -> Home
A4: =HYPERLINK("#'Results - Activity period'!A1", "Results - Activity period") -> Results - Activity period
A5: =HYPERLINK("#'Results - Product EI'!A1", "Results - Product Emissions Intensity") -> Results - Product Emissions Intensity | D5: How do you want to calculate electricity emissions? | E5: Location-based (simpler) | F5: ← Please select
E6: =IF(X_Cell_Electricity_CalculationMethod="Location-based (simpler)", "Complete the fields in the Location-based section", "Complete the fields in the Market-based section") -> Complete the fields in the Location-based section
A8: INPUTS
A9: =HYPERLINK("#'Input - Enterprise'!A1", "Enterprise") -> Enterprise | D9: Option 1: Location-based electricity
A10: =HYPERLINK("#'Input - Site'!A1", "Site") -> Site
A11: =HYPERLINK("#'Input - Feedlot'!A1", "Feedlot") -> Feedlot | D11: State grid electricity purchases
A12: =HYPERLINK("#'Input - Livestock sales'!A1", "Livestock sales") -> Livestock sales
A13: =HYPERLINK("#'Input - Beef cattle purchases'!A1", "Beef cattle purchases") -> Beef cattle purchases | D13: 💡The grid you purchase electricity from is typically the same as the state and region the farm is in.
A14: =HYPERLINK("#'Input - Fuel'!A1", "Fuel") -> Fuel
A15: =HYPERLINK("#'Input - Electricity'!A1", "Electricity") -> Electricity | D15: Amount purchased in kWh | E15: 30000 | F15: kWh
A16: =HYPERLINK("#'Input - Common farm inputs'!A1", "Common farm inputs") -> Common farm inputs | D16: State and region your farm is in | E16: =IF(X_Cell_Site_State="Western Australia", X_Cell_Site_Region, X_Cell_Site_State) -> Western Australia - Outback (South)
A17: =HYPERLINK("#'Input - Livestock farm Inputs'!A1", "Livestock farm Inputs") -> Livestock farm Inputs | D17: Grid where electricity purchased from | E17: Western Australia - North Western Interconnected System (NWIS) | F17: ← Please select
A18: =HYPERLINK("#'Input - Freight'!A1", "Freight") -> Freight
A19: =HYPERLINK("#'Input - Solid waste'!A1", "Solid waste") -> Solid waste
A20: =HYPERLINK("#'Input - Manure sent off-site'!A1", "Manure sent off-site") -> Manure sent off-site
A21: =HYPERLINK("#'Input - Data quality'!A1", "Data quality") -> Data quality | D21: Option 2: Market-based electricity
A22: =HYPERLINK("#'Input - Fert Prod System'!A1", "Fert Prod System") -> Fert Prod System | E22: =IF(E16="ACT", "", "ALERT: Your farm is not in the ACT, so the JRPP is not applicable") -> ALERT: Your farm is not in the ACT, so the JRPP is not applicable
A23: =HYPERLINK("#'Input - Fertiliser'!A1", "Fertiliser") -> Fertiliser | D23: Electricity purchased in kWh (excluding GreenPower providers) | E23: 30000 | F23: kWh
D24: Renewable Power Percentage | E24: 0.1 | F24: percent
D25: Jurisdictional renewable power percentage (ACT only) | E25: 0.1 | F25: percent
A26: CALCULATIONS
A27: =HYPERLINK("#'3.1.1.1-2 Enteric Methane'!A1", "3.1.1.1-2 Enteric Methane") -> 3.1.1.1-2 Enteric Methane | D27: Electricity purchased from an accredited GreenPower provider | E27: 10000 | F27: kWh
A28: =HYPERLINK("#'4.1.1.1-2 Methane'!A1", "4.1.1.1-2 Manure Methane") -> 4.1.1.1-2 Manure Methane
A29: =HYPERLINK("#'4.1.1.3-4 Direct N20'!A1", "4.1.1.3-4 Manure Direct N2O") -> 4.1.1.3-4 Manure Direct N2O | D29: Start of reporting year | E29: =TEXT(X_Cell_Site_StartDate, "dd mmm yyyy") -> 01 Jan 2025
A30: =HYPERLINK("#'4.1.1.5-6 Atmos Deposition'!A1", "4.1.1.5-6 Manure Atmos Dep") -> 4.1.1.5-6 Manure Atmos Dep | D30: End of reporting year | E30: =TEXT(X_Cell_Site_EndDate, "dd mmm yyyy") -> 31 Dec 2025
A31: =HYPERLINK("#'4.1.1.9 Manure applied to soils'!A1", "4.1.1.9 Manure applied to soils") -> 4.1.1.9 Manure applied to soils
A32: =HYPERLINK("#'8.1.1.1-2 Transport fuel'!A1", "8.1.1.1-2 Transport fuel") -> 8.1.1.1-2 Transport fuel | D32: Voluntarily surrendered Renewable Energy Certificates (RECs)
A33: =HYPERLINK("#'8.2.1.1-2 Stationary fuel'!A1", "8.2.1.1-2 Stationary fuel") -> 8.2.1.1-2 Stationary fuel
A34: =HYPERLINK("#'10.1.1-2 Solid waste treatment'!A1", "10.1.1.1-2 Solid waste") -> 10.1.1.1-2 Solid waste | D34: 💡 You can add more rows to the table by right-clicking on the table and selecting "Insert > Table rows above/below"
A35: =HYPERLINK("#'14.1.1-2 Purchased electricity'!A1", "14.1.1-2 Purchased electricity") -> 14.1.1-2 Purchased electricity
A36: =HYPERLINK("#'15 Scope 3'!A1", "15 Scope 3") -> 15 Scope 3 | D36: Description | E36: Source (select) | F36: Generation date | G36: Number of certificates | H36: MWh | I36: Elegibility
A37: =HYPERLINK("#'Calcs - Manure sent off-site'!A1", "Calcs - Manure sent off-site") -> Calcs - Manure sent off-site | D37: Dec 2020 certs | E37: Purchased certificate | F37: 44185 | G37: 12 | H37: =Table_Input_RECSurrendered[[#This Row],[Number of certificates]] -> 12 | I37: =IF(DATEDIF(Table_Input_RECSurrendered[[#This Row],[Generation date]],DATEVALUE($E$30),"M")>36,"Ineligible - older than 36 months","Elegible") -> Ineligible - older than 36 months
A38: =HYPERLINK("#'5.1.1.1-2 Inorganic fert N2O'!A1", "5.1.1.1-2 Inorganic fert N2O") -> 5.1.1.1-2 Inorganic fert N2O | D38: Jan 2022 certs | E38: Issued for generated electricity | F38: 44575 | G38: 5 | H38: =Table_Input_RECSurrendered[[#This Row],[Number of certificates]] -> 5 | I38: =IF(DATEDIF(Table_Input_RECSurrendered[[#This Row],[Generation date]],DATEVALUE($E$30),"M")>36,"Ineligible - older than 36 months","Elegible") -> Ineligible - older than 36 months
A39: =HYPERLINK("#'5.1.1.3-4 Inorganic fert CO2'!A1", "5.1.1.3-4 Inorganic fert CO2") -> 5.1.1.3-4 Inorganic fert CO2 | D39: 2024 certs | E39: Purchased certificate | F39: 45438 | G39: 5 | H39: =Table_Input_RECSurrendered[[#This Row],[Number of certificates]] -> 5 | I39: =IF(DATEDIF(Table_Input_RECSurrendered[[#This Row],[Generation date]],DATEVALUE($E$30),"M")>36,"Ineligible - older than 36 months","Elegible") -> Elegible
A40: =HYPERLINK("#'5.2.1.1-2 Organic Fert N2O'!A1", "5.2.1.1-2 Organic Fert N2O") -> 5.2.1.1-2 Organic Fert N2O
A41: =HYPERLINK("#'5.3.1.1-2 Lime CO2'!A1", "5.3.1.1-2 Lime CO2") -> 5.3.1.1-2 Lime CO2 | D41: Total elegible voluntarily surrendered RECs | E41: =SUMIF(Table_Input_RECSurrendered[Elegibility], "Elegible", Table_Input_RECSurrendered[MWh]) -> 5 | F41: MWh
A42: =HYPERLINK("#'5.4.1.1-4 Atmos deposition'!A1", "5.4.1.1-4 Atmos deposition") -> 5.4.1.1-4 Atmos deposition
A43: =HYPERLINK("#'5.5.1.1-2 Leaching and runoff'!A1", "5.5.1.1-2 Leaching and runoff") -> 5.5.1.1-2 Leaching and runoff | D43: Renewable Energy Certificates (RECs) for electricity produced on-site and consumed by the entity
D45: Description | E45: Source | F45: Generation date | G45: Number of certificates | H45: MWh | I45: Elegibility
A46: APPENDICES | D46: May 2022 generated | E46: ="Issued for generated electricity" -> Issued for generated electricity | F46: 44697 | G46: 10 | H46: =Table_Input_RECConsumedByEntity[[#This Row],[Number of certificates]] -> 10 | I46: =IF(AND(Table_Input_RECConsumedByEntity[[#This Row],[Generation date]]>=DATEVALUE($E$29), Table_Input_RECConsumedByEntity[[#This Row],[Generation date]]<= DATEVALUE($E$30)), "Elegible", "Ineligible - outside reporting year") -> Ineligible - outside reporting year
A47: =HYPERLINK("#'Constants - Feedlot'!A1", "Constants - Feedlot") -> Constants - Feedlot | D47: Jul 24 certs generated | E47: ="Issued for generated electricity" -> Issued for generated electricity | F47: 45483 | G47: 4 | H47: =Table_Input_RECConsumedByEntity[[#This Row],[Number of certificates]] -> 4 | I47: =IF(AND(Table_Input_RECConsumedByEntity[[#This Row],[Generation date]]>=DATEVALUE($E$29), Table_Input_RECConsumedByEntity[[#This Row],[Generation date]]<= DATEVALUE($E$30)), "Elegible", "Ineligible - outside reporting year") -> Ineligible - outside reporting year
A48: =HYPERLINK("#'Constants - Common livestock'!A1", "Constants - Common Livestock") -> Constants - Common Livestock | D48: 45597 | E48: ="Issued for generated electricity" -> Issued for generated electricity | F48: 45607 | G48: 7 | H48: =Table_Input_RECConsumedByEntity[[#This Row],[Number of certificates]] -> 7 | I48: =IF(AND(Table_Input_RECConsumedByEntity[[#This Row],[Generation date]]>=DATEVALUE($E$29), Table_Input_RECConsumedByEntity[[#This Row],[Generation date]]<= DATEVALUE($E$30)), "Elegible", "Ineligible - outside reporting year") -> Ineligible - outside reporting year
A49: =HYPERLINK("#'Constants - Electricity'!A1", "Constants - Electricity") -> Constants - Electricity
A50: =HYPERLINK("#'Constants - Fertiliser'!A1", "Constants - Fertiliser") -> Constants - Fertiliser | D50: Total elegible RECs for electricity produced on-site and consumed by entity | E50: =SUMIF(Table_Input_RECConsumedByEntity[Elegibility], "Elegible", Table_Input_RECConsumedByEntity[Number of certificates]) -> 0 | F50: MWh
A51: =HYPERLINK("#'Constants - Fuel'!A1", "Constants - Fuel") -> Constants - Fuel
A52: =HYPERLINK("#'Constants - Scope 3'!A1", "Constants - Scope 3") -> Constants - Scope 3
A53: =HYPERLINK("#'Constants - Solid Waste'!A1", "Constants - Solid Waste") -> Constants - Solid Waste
A54: =HYPERLINK("#'Constants - Common'!A1", "Constants - Common") -> Constants - Common
A55: =HYPERLINK("#'Acknowledgements'!A1", "Acknowledgements") -> Acknowledgements

Sheet Input - Common farm inputs
A1: #VALUE! | C1: Input - Common farm inputs
A3: =HYPERLINK("#'Home'!A1", "Home") -> Home
A4: =HYPERLINK("#'Results - Activity period'!A1", "Results - Activity period") -> Results - Activity period
A5: =HYPERLINK("#'Results - Product EI'!A1", "Results - Product Emissions Intensity") -> Results - Product Emissions Intensity | D5: Cleaning chemicals
D7: Product name | E7: Type (select) | F7: Quantity purchased (kg)
A8: INPUTS | D8: Acid kleen | E8: Phosphoric acid | F8: 100
A9: =HYPERLINK("#'Input - Enterprise'!A1", "Enterprise") -> Enterprise | D9: Kleen alk | E9: Alkaline cleaner | F9: 100
A10: =HYPERLINK("#'Input - Site'!A1", "Site") -> Site | D10: White king | E10: Bleach | F10: 100
A11: =HYPERLINK("#'Input - Feedlot'!A1", "Feedlot") -> Feedlot | D11: White king | E11: Bleach | F11: 100
A12: =HYPERLINK("#'Input - Livestock sales'!A1", "Livestock sales") -> Livestock sales | D12: Acid kleen | E12: Phosphoric acid | F12: 100
A13: =HYPERLINK("#'Input - Beef cattle purchases'!A1", "Beef cattle purchases") -> Beef cattle purchases | D13: Acid kleen | E13: Phosphoric acid | F13: 100
A14: =HYPERLINK("#'Input - Fuel'!A1", "Fuel") -> Fuel
A15: =HYPERLINK("#'Input - Electricity'!A1", "Electricity") -> Electricity
A16: =HYPERLINK("#'Input - Common farm inputs'!A1", "Common farm inputs") -> Common farm inputs
A17: =HYPERLINK("#'Input - Livestock farm Inputs'!A1", "Livestock farm Inputs") -> Livestock farm Inputs
A18: =HYPERLINK("#'Input - Freight'!A1", "Freight") -> Freight
A19: =HYPERLINK("#'Input - Solid waste'!A1", "Solid waste") -> Solid waste
A20: =HYPERLINK("#'Input - Manure sent off-site'!A1", "Manure sent off-site") -> Manure sent off-site | D20: Services and contractors
A21: =HYPERLINK("#'Input - Data quality'!A1", "Data quality") -> Data quality
A22: =HYPERLINK("#'Input - Fert Prod System'!A1", "Fert Prod System") -> Fert Prod System | D22: Service provider / contractor | E22: Activity | F22: Total amount | G22: Amount unit
A23: =HYPERLINK("#'Input - Fertiliser'!A1", "Fertiliser") -> Fertiliser | D23: Pete's Pickers | E23: Fruit picking | F23: 10000 | G23: Hour
D24: Harini's Harvesting Services Pty Ltd | E24: Wheat harvesting | F24: 1000 | G24: Hectare
A26: CALCULATIONS
A27: =HYPERLINK("#'3.1.1.1-2 Enteric Methane'!A1", "3.1.1.1-2 Enteric Methane") -> 3.1.1.1-2 Enteric Methane
A28: =HYPERLINK("#'4.1.1.1-2 Methane'!A1", "4.1.1.1-2 Manure Methane") -> 4.1.1.1-2 Manure Methane
A29: =HYPERLINK("#'4.1.1.3-4 Direct N20'!A1", "4.1.1.3-4 Manure Direct N2O") -> 4.1.1.3-4 Manure Direct N2O
A30: =HYPERLINK("#'4.1.1.5-6 Atmos Deposition'!A1", "4.1.1.5-6 Manure Atmos Dep") -> 4.1.1.5-6 Manure Atmos Dep
A31: =HYPERLINK("#'4.1.1.9 Manure applied to soils'!A1", "4.1.1.9 Manure applied to soils") -> 4.1.1.9 Manure applied to soils
A32: =HYPERLINK("#'8.1.1.1-2 Transport fuel'!A1", "8.1.1.1-2 Transport fuel") -> 8.1.1.1-2 Transport fuel
A33: =HYPERLINK("#'8.2.1.1-2 Stationary fuel'!A1", "8.2.1.1-2 Stationary fuel") -> 8.2.1.1-2 Stationary fuel
A34: =HYPERLINK("#'10.1.1-2 Solid waste treatment'!A1", "10.1.1.1-2 Solid waste") -> 10.1.1.1-2 Solid waste
A35: =HYPERLINK("#'14.1.1-2 Purchased electricity'!A1", "14.1.1-2 Purchased electricity") -> 14.1.1-2 Purchased electricity | D35: Uncategorised products
A36: =HYPERLINK("#'15 Scope 3'!A1", "15 Scope 3") -> 15 Scope 3
A37: =HYPERLINK("#'Calcs - Manure sent off-site'!A1", "Calcs - Manure sent off-site") -> Calcs - Manure sent off-site | D37: Product / service name | E37: Amount | F37: Amount unit
A38: =HYPERLINK("#'5.1.1.1-2 Inorganic fert N2O'!A1", "5.1.1.1-2 Inorganic fert N2O") -> 5.1.1.1-2 Inorganic fert N2O | D38: Something | E38: 1000 | F38: kg
A39: =HYPERLINK("#'5.1.1.3-4 Inorganic fert CO2'!A1", "5.1.1.3-4 Inorganic fert CO2") -> 5.1.1.3-4 Inorganic fert CO2
A40: =HYPERLINK("#'5.2.1.1-2 Organic Fert N2O'!A1", "5.2.1.1-2 Organic Fert N2O") -> 5.2.1.1-2 Organic Fert N2O
A41: =HYPERLINK("#'5.3.1.1-2 Lime CO2'!A1", "5.3.1.1-2 Lime CO2") -> 5.3.1.1-2 Lime CO2
A42: =HYPERLINK("#'5.4.1.1-4 Atmos deposition'!A1", "5.4.1.1-4 Atmos deposition") -> 5.4.1.1-4 Atmos deposition
A43: =HYPERLINK("#'5.5.1.1-2 Leaching and runoff'!A1", "5.5.1.1-2 Leaching and runoff") -> 5.5.1.1-2 Leaching and runoff
A46: APPENDICES
A47: =HYPERLINK("#'Constants - Feedlot'!A1", "Constants - Feedlot") -> Constants - Feedlot
A48: =HYPERLINK("#'Constants - Common livestock'!A1", "Constants - Common Livestock") -> Constants - Common Livestock
A49: =HYPERLINK("#'Constants - Electricity'!A1", "Constants - Electricity") -> Constants - Electricity
A50: =HYPERLINK("#'Constants - Fertiliser'!A1", "Constants - Fertiliser") -> Constants - Fertiliser
A51: =HYPERLINK("#'Constants - Fuel'!A1", "Constants - Fuel") -> Constants - Fuel
A52: =HYPERLINK("#'Constants - Scope 3'!A1", "Constants - Scope 3") -> Constants - Scope 3
A53: =HYPERLINK("#'Constants - Solid Waste'!A1", "Constants - Solid Waste") -> Constants - Solid Waste
A54: =HYPERLINK("#'Constants - Common'!A1", "Constants - Common") -> Constants - Common
A55: =HYPERLINK("#'Acknowledgements'!A1", "Acknowledgements") -> Acknowledgements

Sheet Input - Livestock farm Inputs
C1: Input - Livestock farm inputs
A3: =HYPERLINK("#'Home'!A1", "Home") -> Home
A4: =HYPERLINK("#'Results - Activity period'!A1", "Results - Activity period") -> Results - Activity period
A5: =HYPERLINK("#'Results - Product EI'!A1", "Results - Product Emissions Intensity") -> Results - Product Emissions Intensity | D5: Feed
D6: Lick blocks
D7: {=Table_SourceData_Scope3_LickBlocks[Product]} -> Lick block, dry season mix | E7: 100 | F7: kg
A8: INPUTS | D8: Lick block, mineral | E8: 100 | F8: kg
A9: =HYPERLINK("#'Input - Enterprise'!A1", "Enterprise") -> Enterprise | D9: Lick block, weaner | E9: 100 | F9: kg
A10: =HYPERLINK("#'Input - Site'!A1", "Site") -> Site
A11: =HYPERLINK("#'Input - Feedlot'!A1", "Feedlot") -> Feedlot | D11: Feed rations
A12: =HYPERLINK("#'Input - Livestock sales'!A1", "Livestock sales") -> Livestock sales | D12: {=Table_SourceData_Scope3_MixedRations[Product]} -> Feed for chickens | E12: 100 | F12: kg
A13: =HYPERLINK("#'Input - Beef cattle purchases'!A1", "Beef cattle purchases") -> Beef cattle purchases | D13: Feed for dairy calves | E13: 100 | F13: kg
A14: =HYPERLINK("#'Input - Fuel'!A1", "Fuel") -> Fuel | D14: Feed for dairy cows | E14: 100 | F14: kg
A15: =HYPERLINK("#'Input - Electricity'!A1", "Electricity") -> Electricity | D15: Feed for pigs | E15: 100 | F15: kg
A16: =HYPERLINK("#'Input - Common farm inputs'!A1", "Common farm inputs") -> Common farm inputs
A17: =HYPERLINK("#'Input - Livestock farm Inputs'!A1", "Livestock farm Inputs") -> Livestock farm Inputs | D17: Purchased feed blends for livestock
A18: =HYPERLINK("#'Input - Freight'!A1", "Freight") -> Freight | D18: Feed blend name | E18: Amount fed (kg) | F18: Ingredient 1 (select) | G18: Ingredient 1 source region | H18: Ingredient 1 percent | I18: Ingredient 2 (select) | J18: Ingredient 2 source region | K18: Ingredient 2 percent | L18: Ingredient 3 (select) | M18: Ingredient 3 source region | N18: Ingredient 3 percent | O18: Ingredient 4 (select) | P18: Ingredient 4 source region | Q18: Ingredient 4 percent
A19: =HYPERLINK("#'Input - Solid waste'!A1", "Solid waste") -> Solid waste | E19: 1200 | F19: Cereal silage | G19: SA | H19: 0.35 | I19: Cereal hay | J19: SA | K19: 0.22 | L19: Canola oil | M19: Australia | N19: 0.12 | O19: Molasses | P19: QLD | Q19: 0.05
A20: =HYPERLINK("#'Input - Manure sent off-site'!A1", "Manure sent off-site") -> Manure sent off-site | E20: 3456 | F20: Lucerne hay | G20: Australia | H20: 0.2 | I20: Lucerne hay | J20: NSW | K20: 0.2
A21: =HYPERLINK("#'Input - Data quality'!A1", "Data quality") -> Data quality | D21: Hay bales in paddock | E21: 300 | F21: Wheat grain | G21: SA | H21: 0.8 | I21: Soybean meal | J21: Brazil | K21: 0.2
A22: =HYPERLINK("#'Input - Fert Prod System'!A1", "Fert Prod System") -> Fert Prod System | E22: 500 | F22: Pasture hay | G22: VIC | H22: 1
A23: =HYPERLINK("#'Input - Fertiliser'!A1", "Fertiliser") -> Fertiliser
A26: CALCULATIONS
A27: =HYPERLINK("#'3.1.1.1-2 Enteric Methane'!A1", "3.1.1.1-2 Enteric Methane") -> 3.1.1.1-2 Enteric Methane
A28: =HYPERLINK("#'4.1.1.1-2 Methane'!A1", "4.1.1.1-2 Manure Methane") -> 4.1.1.1-2 Manure Methane
A29: =HYPERLINK("#'4.1.1.3-4 Direct N20'!A1", "4.1.1.3-4 Manure Direct N2O") -> 4.1.1.3-4 Manure Direct N2O
A30: =HYPERLINK("#'4.1.1.5-6 Atmos Deposition'!A1", "4.1.1.5-6 Manure Atmos Dep") -> 4.1.1.5-6 Manure Atmos Dep
A31: =HYPERLINK("#'4.1.1.9 Manure applied to soils'!A1", "4.1.1.9 Manure applied to soils") -> 4.1.1.9 Manure applied to soils | D31: Livestock pharmacy chemicals
A32: =HYPERLINK("#'8.1.1.1-2 Transport fuel'!A1", "8.1.1.1-2 Transport fuel") -> 8.1.1.1-2 Transport fuel | D32: Product name | E32: Type (select) | F32: Number of head treated
A33: =HYPERLINK("#'8.2.1.1-2 Stationary fuel'!A1", "8.2.1.1-2 Stationary fuel") -> 8.2.1.1-2 Stationary fuel | D33: Cow bug off | E33: Parasite control for cattle (external), dipping | F33: 100
A34: =HYPERLINK("#'10.1.1-2 Solid waste treatment'!A1", "10.1.1.1-2 Solid waste") -> 10.1.1.1-2 Solid waste | D34: Cow worm-away | E34: Parasite control for cattle (internal) | F34: 100
A35: =HYPERLINK("#'14.1.1-2 Purchased electricity'!A1", "14.1.1-2 Purchased electricity") -> 14.1.1-2 Purchased electricity | D35: Sheep bug off | E35: Parasite control for sheep (external) | F35: 100
A36: =HYPERLINK("#'15 Scope 3'!A1", "15 Scope 3") -> 15 Scope 3 | D36: Sheep worm-away | E36: Parasite control for sheep (internal) | F36: 100
A37: =HYPERLINK("#'Calcs - Manure sent off-site'!A1", "Calcs - Manure sent off-site") -> Calcs - Manure sent off-site | D37: Cow bug off | E37: Parasite control for cattle (external), dipping | F37: 100
A38: =HYPERLINK("#'5.1.1.1-2 Inorganic fert N2O'!A1", "5.1.1.1-2 Inorganic fert N2O") -> 5.1.1.1-2 Inorganic fert N2O | D38: Cow worm-away | E38: Parasite control for cattle (internal) | F38: 100
A39: =HYPERLINK("#'5.1.1.3-4 Inorganic fert CO2'!A1", "5.1.1.3-4 Inorganic fert CO2") -> 5.1.1.3-4 Inorganic fert CO2
A40: =HYPERLINK("#'5.2.1.1-2 Organic Fert N2O'!A1", "5.2.1.1-2 Organic Fert N2O") -> 5.2.1.1-2 Organic Fert N2O
A41: =HYPERLINK("#'5.3.1.1-2 Lime CO2'!A1", "5.3.1.1-2 Lime CO2") -> 5.3.1.1-2 Lime CO2
A42: =HYPERLINK("#'5.4.1.1-4 Atmos deposition'!A1", "5.4.1.1-4 Atmos deposition") -> 5.4.1.1-4 Atmos deposition
A43: =HYPERLINK("#'5.5.1.1-2 Leaching and runoff'!A1", "5.5.1.1-2 Leaching and runoff") -> 5.5.1.1-2 Leaching and runoff
A46: APPENDICES | D46: Miscellaneous inputs
A47: =HYPERLINK("#'Constants - Feedlot'!A1", "Constants - Feedlot") -> Constants - Feedlot | D47: ='Constants - Scope 3'!E202 -> Animal ear tags (large) | E47: 100 | F47: tags
A48: =HYPERLINK("#'Constants - Common livestock'!A1", "Constants - Common Livestock") -> Constants - Common Livestock | D48: ='Constants - Scope 3'!E203 -> Animal ear tags (small) | E48: 200 | F48: tags
A49: =HYPERLINK("#'Constants - Electricity'!A1", "Constants - Electricity") -> Constants - Electricity
A50: =HYPERLINK("#'Constants - Fertiliser'!A1", "Constants - Fertiliser") -> Constants - Fertiliser
A51: =HYPERLINK("#'Constants - Fuel'!A1", "Constants - Fuel") -> Constants - Fuel
A52: =HYPERLINK("#'Constants - Scope 3'!A1", "Constants - Scope 3") -> Constants - Scope 3
A53: =HYPERLINK("#'Constants - Solid Waste'!A1", "Constants - Solid Waste") -> Constants - Solid Waste
A54: =HYPERLINK("#'Constants - Common'!A1", "Constants - Common") -> Constants - Common
A55: =HYPERLINK("#'Acknowledgements'!A1", "Acknowledgements") -> Acknowledgements

Sheet Input - Freight
C1: Input - Freight
A3: =HYPERLINK("#'Home'!A1", "Home") -> Home
A4: =HYPERLINK("#'Results - Activity period'!A1", "Results - Activity period") -> Results - Activity period
A5: =HYPERLINK("#'Results - Product EI'!A1", "Results - Product Emissions Intensity") -> Results - Product Emissions Intensity
D6: Incoming freight
A8: INPUTS | D8: Route name | E8: Freight type (select) | F8: Route distance (km) | G8: Average weight of freight per trip (t) | H8: Number of trips taken
A9: =HYPERLINK("#'Input - Enterprise'!A1", "Enterprise") -> Enterprise | D9: Melbourne depot to farm depot weekly | E9: Transport in truck | F9: 986 | G9: 10 | H9: 52
A10: =HYPERLINK("#'Input - Site'!A1", "Site") -> Site | D10: Fertiliser supplier to farm | E10: Rail | F10: 65 | G10: 10 | H10: 6
A11: =HYPERLINK("#'Input - Feedlot'!A1", "Feedlot") -> Feedlot
A12: =HYPERLINK("#'Input - Livestock sales'!A1", "Livestock sales") -> Livestock sales
A13: =HYPERLINK("#'Input - Beef cattle purchases'!A1", "Beef cattle purchases") -> Beef cattle purchases
A14: =HYPERLINK("#'Input - Fuel'!A1", "Fuel") -> Fuel
A15: =HYPERLINK("#'Input - Electricity'!A1", "Electricity") -> Electricity
A16: =HYPERLINK("#'Input - Common farm inputs'!A1", "Common farm inputs") -> Common farm inputs
A17: =HYPERLINK("#'Input - Livestock farm Inputs'!A1", "Livestock farm Inputs") -> Livestock farm Inputs
A18: =HYPERLINK("#'Input - Freight'!A1", "Freight") -> Freight
A19: =HYPERLINK("#'Input - Solid waste'!A1", "Solid waste") -> Solid waste
A20: =HYPERLINK("#'Input - Manure sent off-site'!A1", "Manure sent off-site") -> Manure sent off-site
A21: =HYPERLINK("#'Input - Data quality'!A1", "Data quality") -> Data quality
A22: =HYPERLINK("#'Input - Fert Prod System'!A1", "Fert Prod System") -> Fert Prod System | D22: Outgoing freight
A23: =HYPERLINK("#'Input - Fertiliser'!A1", "Fertiliser") -> Fertiliser
D24: Route name | E24: Freight type (select) | F24: Route distance (km) | G24: Average weight of freight per trip (t) | H24: Number of trips taken
D25: Farm to bulk handler | E25: Transport in truck | F25: 65 | G25: 20 | H25: 52
A26: CALCULATIONS
A27: =HYPERLINK("#'3.1.1.1-2 Enteric Methane'!A1", "3.1.1.1-2 Enteric Methane") -> 3.1.1.1-2 Enteric Methane
A28: =HYPERLINK("#'4.1.1.1-2 Methane'!A1", "4.1.1.1-2 Manure Methane") -> 4.1.1.1-2 Manure Methane
A29: =HYPERLINK("#'4.1.1.3-4 Direct N20'!A1", "4.1.1.3-4 Manure Direct N2O") -> 4.1.1.3-4 Manure Direct N2O
A30: =HYPERLINK("#'4.1.1.5-6 Atmos Deposition'!A1", "4.1.1.5-6 Manure Atmos Dep") -> 4.1.1.5-6 Manure Atmos Dep
A31: =HYPERLINK("#'4.1.1.9 Manure applied to soils'!A1", "4.1.1.9 Manure applied to soils") -> 4.1.1.9 Manure applied to soils
A32: =HYPERLINK("#'8.1.1.1-2 Transport fuel'!A1", "8.1.1.1-2 Transport fuel") -> 8.1.1.1-2 Transport fuel
A33: =HYPERLINK("#'8.2.1.1-2 Stationary fuel'!A1", "8.2.1.1-2 Stationary fuel") -> 8.2.1.1-2 Stationary fuel
A34: =HYPERLINK("#'10.1.1-2 Solid waste treatment'!A1", "10.1.1.1-2 Solid waste") -> 10.1.1.1-2 Solid waste
A35: =HYPERLINK("#'14.1.1-2 Purchased electricity'!A1", "14.1.1-2 Purchased electricity") -> 14.1.1-2 Purchased electricity
A36: =HYPERLINK("#'15 Scope 3'!A1", "15 Scope 3") -> 15 Scope 3
A37: =HYPERLINK("#'Calcs - Manure sent off-site'!A1", "Calcs - Manure sent off-site") -> Calcs - Manure sent off-site
A38: =HYPERLINK("#'5.1.1.1-2 Inorganic fert N2O'!A1", "5.1.1.1-2 Inorganic fert N2O") -> 5.1.1.1-2 Inorganic fert N2O
A39: =HYPERLINK("#'5.1.1.3-4 Inorganic fert CO2'!A1", "5.1.1.3-4 Inorganic fert CO2") -> 5.1.1.3-4 Inorganic fert CO2
A40: =HYPERLINK("#'5.2.1.1-2 Organic Fert N2O'!A1", "5.2.1.1-2 Organic Fert N2O") -> 5.2.1.1-2 Organic Fert N2O
A41: =HYPERLINK("#'5.3.1.1-2 Lime CO2'!A1", "5.3.1.1-2 Lime CO2") -> 5.3.1.1-2 Lime CO2
A42: =HYPERLINK("#'5.4.1.1-4 Atmos deposition'!A1", "5.4.1.1-4 Atmos deposition") -> 5.4.1.1-4 Atmos deposition
A43: =HYPERLINK("#'5.5.1.1-2 Leaching and runoff'!A1", "5.5.1.1-2 Leaching and runoff") -> 5.5.1.1-2 Leaching and runoff
A46: APPENDICES
A47: =HYPERLINK("#'Constants - Feedlot'!A1", "Constants - Feedlot") -> Constants - Feedlot
A48: =HYPERLINK("#'Constants - Common livestock'!A1", "Constants - Common Livestock") -> Constants - Common Livestock
A49: =HYPERLINK("#'Constants - Electricity'!A1", "Constants - Electricity") -> Constants - Electricity
A50: =HYPERLINK("#'Constants - Fertiliser'!A1", "Constants - Fertiliser") -> Constants - Fertiliser
A51: =HYPERLINK("#'Constants - Fuel'!A1", "Constants - Fuel") -> Constants - Fuel
A52: =HYPERLINK("#'Constants - Scope 3'!A1", "Constants - Scope 3") -> Constants - Scope 3
A53: =HYPERLINK("#'Constants - Solid Waste'!A1", "Constants - Solid Waste") -> Constants - Solid Waste
A54: =HYPERLINK("#'Constants - Common'!A1", "Constants - Common") -> Constants - Common
A55: =HYPERLINK("#'Acknowledgements'!A1", "Acknowledgements") -> Acknowledgements

Sheet Input - Solid waste
A1: #VALUE! | C1: Input - Solid waste
A3: =HYPERLINK("#'Home'!A1", "Home") -> Home
A4: =HYPERLINK("#'Results - Activity period'!A1", "Results - Activity period") -> Results - Activity period
A5: =HYPERLINK("#'Results - Product EI'!A1", "Results - Product Emissions Intensity") -> Results - Product Emissions Intensity | D5: Solid waste treatment
D7: 💡 You can add more rows to the table by right-clicking on the table and selecting "Insert > Table rows above/below"
A8: INPUTS
A9: =HYPERLINK("#'Input - Enterprise'!A1", "Enterprise") -> Enterprise | D9: Description | E9: Treatment type (select) | F9: Waste type (select) | G9: Treatment location (select) | H9: Amount | I9: Amount unit (select)
A10: =HYPERLINK("#'Input - Site'!A1", "Site") -> Site | D10: Compost paper and cardboard on site (tonnes) | E10: Composting | F10: Paper and cardboard | G10: Removed and treated off-site | H10: 50 | I10: tonnes
A11: =HYPERLINK("#'Input - Feedlot'!A1", "Feedlot") -> Feedlot | D11: Compost paper and cardboard on site (m3) | E11: Composting | F11: Paper and cardboard | G11: Treated on-site | H11: 50 | I11: cubic metres m3
A12: =HYPERLINK("#'Input - Livestock sales'!A1", "Livestock sales") -> Livestock sales | D12: Compost food waste on site (tonnes) | E12: Composting | F12: Food waste (including animal carcasses, spoiled animal feed or crop) | G12: Removed and treated off-site | H12: 50 | I12: tonnes
A13: =HYPERLINK("#'Input - Beef cattle purchases'!A1", "Beef cattle purchases") -> Beef cattle purchases | D13: Compost food waste on site (m3) | E13: Composting | F13: Food waste (including animal carcasses, spoiled animal feed or crop) | G13: Treated on-site | H13: 50 | I13: cubic metres m3
A14: =HYPERLINK("#'Input - Fuel'!A1", "Fuel") -> Fuel | D14: Landfill food waste offsite (tonnes) | E14: Landfill | F14: Food waste (including animal carcasses, spoiled animal feed or crop) | G14: Removed and treated off-site | H14: 50 | I14: tonnes
A15: =HYPERLINK("#'Input - Electricity'!A1", "Electricity") -> Electricity | D15: Landfill food waste offsite (m3) | E15: Landfill | F15: Food waste (including animal carcasses, spoiled animal feed or crop) | G15: Removed and treated off-site | H15: 50 | I15: cubic metres m3
A16: =HYPERLINK("#'Input - Common farm inputs'!A1", "Common farm inputs") -> Common farm inputs | D16: Landfill food waste on site (tonnes) | E16: Landfill | F16: Food waste (including animal carcasses, spoiled animal feed or crop) | G16: Treated on-site | H16: 50 | I16: tonnes
A17: =HYPERLINK("#'Input - Livestock farm Inputs'!A1", "Livestock farm Inputs") -> Livestock farm Inputs | D17: Landfill food waste on site (m3) | E17: Landfill | F17: Food waste (including animal carcasses, spoiled animal feed or crop) | G17: Treated on-site | H17: 50 | I17: cubic metres m3
A18: =HYPERLINK("#'Input - Freight'!A1", "Freight") -> Freight | D18: Landfill Paper offsite (tonnes) | E18: Landfill | F18: Paper and cardboard | G18: Removed and treated off-site | H18: 50 | I18: tonnes
A19: =HYPERLINK("#'Input - Solid waste'!A1", "Solid waste") -> Solid waste | D19: Landfill Paper waste offsite (m3) | E19: Landfill | F19: Paper and cardboard | G19: Removed and treated off-site | H19: 50 | I19: cubic metres m3
A20: =HYPERLINK("#'Input - Manure sent off-site'!A1", "Manure sent off-site") -> Manure sent off-site | D20: Landfill Paper waste on site (tonnes) | E20: Landfill | F20: Paper and cardboard | G20: Treated on-site | H20: 50 | I20: tonnes
A21: =HYPERLINK("#'Input - Data quality'!A1", "Data quality") -> Data quality | D21: Landfill Paper on site (m3) | E21: Landfill | F21: Paper and cardboard | G21: Treated on-site | H21: 50 | I21: cubic metres m3
A22: =HYPERLINK("#'Input - Fert Prod System'!A1", "Fert Prod System") -> Fert Prod System | D22: Landfill Green waste offsite (tonnes) | E22: Landfill | F22: Green waste (including crop residues or prunings) | G22: Removed and treated off-site | H22: 50 | I22: tonnes
A23: =HYPERLINK("#'Input - Fertiliser'!A1", "Fertiliser") -> Fertiliser | D23: Landfill Green waste offsite (m3) | E23: Landfill | F23: Green waste (including crop residues or prunings) | G23: Removed and treated off-site | H23: 50 | I23: cubic metres m3
D24: Landfill Green waste on site (tonnes) | E24: Landfill | F24: Green waste (including crop residues or prunings) | G24: Treated on-site | H24: 50 | I24: tonnes
D25: Landfill Green waste on site (m3) | E25: Landfill | F25: Green waste (including crop residues or prunings) | G25: Treated on-site | H25: 50 | I25: cubic metres m3
A26: CALCULATIONS | D26: Incineration paper and cardboard on site (tonnes) | E26: Incineration | F26: Paper and cardboard | G26: Treated on-site | H26: 50 | I26: tonnes
A27: =HYPERLINK("#'3.1.1.1-2 Enteric Methane'!A1", "3.1.1.1-2 Enteric Methane") -> 3.1.1.1-2 Enteric Methane | D27: Incineration paper and cardboard on site (m3) | E27: Incineration | F27: Paper and cardboard | G27: Treated on-site | H27: 50 | I27: cubic metres m3
A28: =HYPERLINK("#'4.1.1.1-2 Methane'!A1", "4.1.1.1-2 Manure Methane") -> 4.1.1.1-2 Manure Methane | D28: Incineration green waste on site (tonnes) | E28: Incineration | F28: Green waste (including crop residues or prunings) | G28: Treated on-site | H28: 50 | I28: tonnes
A29: =HYPERLINK("#'4.1.1.3-4 Direct N20'!A1", "4.1.1.3-4 Manure Direct N2O") -> 4.1.1.3-4 Manure Direct N2O | D29: Incineration green waste on site (m3) | E29: Incineration | F29: Green waste (including crop residues or prunings) | G29: Treated on-site | H29: 50 | I29: cubic metres m3
A30: =HYPERLINK("#'4.1.1.5-6 Atmos Deposition'!A1", "4.1.1.5-6 Manure Atmos Dep") -> 4.1.1.5-6 Manure Atmos Dep | D30: Incineration green waste offsite (tonnes) | E30: Incineration | F30: Green waste (including crop residues or prunings) | G30: Removed and treated off-site | H30: 50 | I30: tonnes
A31: =HYPERLINK("#'4.1.1.9 Manure applied to soils'!A1", "4.1.1.9 Manure applied to soils") -> 4.1.1.9 Manure applied to soils | D31: Incineration green waste offsite (m3) | E31: Incineration | F31: Green waste (including crop residues or prunings) | G31: Removed and treated off-site | H31: 50 | I31: cubic metres m3
A32: =HYPERLINK("#'8.1.1.1-2 Transport fuel'!A1", "8.1.1.1-2 Transport fuel") -> 8.1.1.1-2 Transport fuel | D32: Incineration green waste on site (m3) | E32: Incineration | F32: Green waste (including crop residues or prunings) | G32: Treated on-site | H32: 50 | I32: cubic metres m3
A33: =HYPERLINK("#'8.2.1.1-2 Stationary fuel'!A1", "8.2.1.1-2 Stationary fuel") -> 8.2.1.1-2 Stationary fuel
A34: =HYPERLINK("#'10.1.1-2 Solid waste treatment'!A1", "10.1.1.1-2 Solid waste") -> 10.1.1.1-2 Solid waste
A35: =HYPERLINK("#'14.1.1-2 Purchased electricity'!A1", "14.1.1-2 Purchased electricity") -> 14.1.1-2 Purchased electricity
A36: =HYPERLINK("#'15 Scope 3'!A1", "15 Scope 3") -> 15 Scope 3
A37: =HYPERLINK("#'Calcs - Manure sent off-site'!A1", "Calcs - Manure sent off-site") -> Calcs - Manure sent off-site
A38: =HYPERLINK("#'5.1.1.1-2 Inorganic fert N2O'!A1", "5.1.1.1-2 Inorganic fert N2O") -> 5.1.1.1-2 Inorganic fert N2O
A39: =HYPERLINK("#'5.1.1.3-4 Inorganic fert CO2'!A1", "5.1.1.3-4 Inorganic fert CO2") -> 5.1.1.3-4 Inorganic fert CO2
A40: =HYPERLINK("#'5.2.1.1-2 Organic Fert N2O'!A1", "5.2.1.1-2 Organic Fert N2O") -> 5.2.1.1-2 Organic Fert N2O
A41: =HYPERLINK("#'5.3.1.1-2 Lime CO2'!A1", "5.3.1.1-2 Lime CO2") -> 5.3.1.1-2 Lime CO2
A42: =HYPERLINK("#'5.4.1.1-4 Atmos deposition'!A1", "5.4.1.1-4 Atmos deposition") -> 5.4.1.1-4 Atmos deposition
A43: =HYPERLINK("#'5.5.1.1-2 Leaching and runoff'!A1", "5.5.1.1-2 Leaching and runoff") -> 5.5.1.1-2 Leaching and runoff
A46: APPENDICES
A47: =HYPERLINK("#'Constants - Feedlot'!A1", "Constants - Feedlot") -> Constants - Feedlot
A48: =HYPERLINK("#'Constants - Common livestock'!A1", "Constants - Common Livestock") -> Constants - Common Livestock
A49: =HYPERLINK("#'Constants - Electricity'!A1", "Constants - Electricity") -> Constants - Electricity
A50: =HYPERLINK("#'Constants - Fertiliser'!A1", "Constants - Fertiliser") -> Constants - Fertiliser
A51: =HYPERLINK("#'Constants - Fuel'!A1", "Constants - Fuel") -> Constants - Fuel
A52: =HYPERLINK("#'Constants - Scope 3'!A1", "Constants - Scope 3") -> Constants - Scope 3
A53: =HYPERLINK("#'Constants - Solid Waste'!A1", "Constants - Solid Waste") -> Constants - Solid Waste
A54: =HYPERLINK("#'Constants - Common'!A1", "Constants - Common") -> Constants - Common
A55: =HYPERLINK("#'Acknowledgements'!A1", "Acknowledgements") -> Acknowledgements

Sheet Input - Manure sent off-site
A1: #VALUE! | C1: Input - Manure sent off-site
A3: =HYPERLINK("#'Home'!A1", "Home") -> Home
A4: =HYPERLINK("#'Results - Activity period'!A1", "Results - Activity period") -> Results - Activity period
A5: =HYPERLINK("#'Results - Product EI'!A1", "Results - Product Emissions Intensity") -> Results - Product Emissions Intensity | D5: Manure sent off-site
D7: For each relevant livestock type:
A8: INPUTS | D8: Use the 'Mass of nitrogen applied to soil for scope 3 emissions (MNSoilscope3)' value calculated in the 'Manure applied to soils' equations (Chapter 4 of VEERG)
A9: =HYPERLINK("#'Input - Enterprise'!A1", "Enterprise") -> Enterprise
A10: =HYPERLINK("#'Input - Site'!A1", "Site") -> Site | D10: Mass of Nitrogen from manure sent offsite (MNSoil) - Method 1 | F10: 1000 | G10: kg N
A11: =HYPERLINK("#'Input - Feedlot'!A1", "Feedlot") -> Feedlot | D11: Mass of Nitrogen from manure sent offsite (MNSoil) - Method 2 | F11: 2000 | G11: kg N
A12: =HYPERLINK("#'Input - Livestock sales'!A1", "Livestock sales") -> Livestock sales
A13: =HYPERLINK("#'Input - Beef cattle purchases'!A1", "Beef cattle purchases") -> Beef cattle purchases | D13: Production system where manure is anticipated to be deposited | F13: Crop | G13: ← Please select
A14: =HYPERLINK("#'Input - Fuel'!A1", "Fuel") -> Fuel | D14: Irrigation method where manure is anticipated to be deposited | F14: Sprinkler irrigation | G14: ← Please select
A15: =HYPERLINK("#'Input - Electricity'!A1", "Electricity") -> Electricity
A16: =HYPERLINK("#'Input - Common farm inputs'!A1", "Common farm inputs") -> Common farm inputs
A17: =HYPERLINK("#'Input - Livestock farm Inputs'!A1", "Livestock farm Inputs") -> Livestock farm Inputs
A18: =HYPERLINK("#'Input - Freight'!A1", "Freight") -> Freight
A19: =HYPERLINK("#'Input - Solid waste'!A1", "Solid waste") -> Solid waste
A20: =HYPERLINK("#'Input - Manure sent off-site'!A1", "Manure sent off-site") -> Manure sent off-site
A21: =HYPERLINK("#'Input - Data quality'!A1", "Data quality") -> Data quality
A22: =HYPERLINK("#'Input - Fert Prod System'!A1", "Fert Prod System") -> Fert Prod System
A23: =HYPERLINK("#'Input - Fertiliser'!A1", "Fertiliser") -> Fertiliser
A26: CALCULATIONS
A27: =HYPERLINK("#'3.1.1.1-2 Enteric Methane'!A1", "3.1.1.1-2 Enteric Methane") -> 3.1.1.1-2 Enteric Methane
A28: =HYPERLINK("#'4.1.1.1-2 Methane'!A1", "4.1.1.1-2 Manure Methane") -> 4.1.1.1-2 Manure Methane
A29: =HYPERLINK("#'4.1.1.3-4 Direct N20'!A1", "4.1.1.3-4 Manure Direct N2O") -> 4.1.1.3-4 Manure Direct N2O
A30: =HYPERLINK("#'4.1.1.5-6 Atmos Deposition'!A1", "4.1.1.5-6 Manure Atmos Dep") -> 4.1.1.5-6 Manure Atmos Dep
A31: =HYPERLINK("#'4.1.1.9 Manure applied to soils'!A1", "4.1.1.9 Manure applied to soils") -> 4.1.1.9 Manure applied to soils
A32: =HYPERLINK("#'8.1.1.1-2 Transport fuel'!A1", "8.1.1.1-2 Transport fuel") -> 8.1.1.1-2 Transport fuel
A33: =HYPERLINK("#'8.2.1.1-2 Stationary fuel'!A1", "8.2.1.1-2 Stationary fuel") -> 8.2.1.1-2 Stationary fuel
A34: =HYPERLINK("#'10.1.1-2 Solid waste treatment'!A1", "10.1.1.1-2 Solid waste") -> 10.1.1.1-2 Solid waste
A35: =HYPERLINK("#'14.1.1-2 Purchased electricity'!A1", "14.1.1-2 Purchased electricity") -> 14.1.1-2 Purchased electricity
A36: =HYPERLINK("#'15 Scope 3'!A1", "15 Scope 3") -> 15 Scope 3
A37: =HYPERLINK("#'Calcs - Manure sent off-site'!A1", "Calcs - Manure sent off-site") -> Calcs - Manure sent off-site
A38: =HYPERLINK("#'5.1.1.1-2 Inorganic fert N2O'!A1", "5.1.1.1-2 Inorganic fert N2O") -> 5.1.1.1-2 Inorganic fert N2O
A39: =HYPERLINK("#'5.1.1.3-4 Inorganic fert CO2'!A1", "5.1.1.3-4 Inorganic fert CO2") -> 5.1.1.3-4 Inorganic fert CO2
A40: =HYPERLINK("#'5.2.1.1-2 Organic Fert N2O'!A1", "5.2.1.1-2 Organic Fert N2O") -> 5.2.1.1-2 Organic Fert N2O
A41: =HYPERLINK("#'5.3.1.1-2 Lime CO2'!A1", "5.3.1.1-2 Lime CO2") -> 5.3.1.1-2 Lime CO2
A42: =HYPERLINK("#'5.4.1.1-4 Atmos deposition'!A1", "5.4.1.1-4 Atmos deposition") -> 5.4.1.1-4 Atmos deposition
A43: =HYPERLINK("#'5.5.1.1-2 Leaching and runoff'!A1", "5.5.1.1-2 Leaching and runoff") -> 5.5.1.1-2 Leaching and runoff
A46: APPENDICES
A47: =HYPERLINK("#'Constants - Feedlot'!A1", "Constants - Feedlot") -> Constants - Feedlot
A48: =HYPERLINK("#'Constants - Common livestock'!A1", "Constants - Common Livestock") -> Constants - Common Livestock
A49: =HYPERLINK("#'Constants - Electricity'!A1", "Constants - Electricity") -> Constants - Electricity
A50: =HYPERLINK("#'Constants - Fertiliser'!A1", "Constants - Fertiliser") -> Constants - Fertiliser
A51: =HYPERLINK("#'Constants - Fuel'!A1", "Constants - Fuel") -> Constants - Fuel
A52: =HYPERLINK("#'Constants - Scope 3'!A1", "Constants - Scope 3") -> Constants - Scope 3
A53: =HYPERLINK("#'Constants - Solid Waste'!A1", "Constants - Solid Waste") -> Constants - Solid Waste
A54: =HYPERLINK("#'Constants - Common'!A1", "Constants - Common") -> Constants - Common
A55: =HYPERLINK("#'Acknowledgements'!A1", "Acknowledgements") -> Acknowledgements

Sheet Input - Data quality
C1: Input - Data quality
A3: =HYPERLINK("#'Home'!A1", "Home") -> Home
A4: =HYPERLINK("#'Results - Activity period'!A1", "Results - Activity period") -> Results - Activity period
A5: =HYPERLINK("#'Results - Product EI'!A1", "Results - Product Emissions Intensity") -> Results - Product Emissions Intensity | D5: Enterprise
D7: Data type | E7: When was the data sourced? | F7: Where is the data sourced from? | G7: How much of the data was from direct samples? | H7: Notes | I7: Evidence files | J7: Score
A8: INPUTS | D8: ="Liveweight sold" -> Liveweight sold | E8: During this emissions calculation period | F8: This location with spatial partitioning | G8: Over 90% | J8: =IFERROR(_xlfn.XLOOKUP(Table_Input_DataQuality_Enterprise[[#This Row],[When was the data sourced?]],Table_SourceData_DataQuality_TemporalRepresentativeness[User friendly description],Table_SourceData_DataQuality_TemporalRepresentativeness[Score])+_xlfn.XLOOKUP(Table_Input_DataQuality_Enterprise[[#This Row],[Where is the data sourced from?]],Table_SourceData_DataQuality_SpatialRepresentativeness[User friendly description],Table_SourceData_DataQuality_SpatialRepresentativeness[Score])+_xlfn.XLOOKUP(Table_Input_DataQuality_Enterprise[[#This Row],[How much of the data was from direct samples?]],Table_SourceData_DataQuality_SampleSize[User friendly description],Table_SourceData_DataQuality_SampleSize[Score]), 0) -> 15
A9: =HYPERLINK("#'Input - Enterprise'!A1", "Enterprise") -> Enterprise | D9: ="Manure produced" -> Manure produced | E9: Within 2 years of this emissions calculation period | F9: This location without spatial partitioning | G9: Between 51% and 90% | J9: =IFERROR(_xlfn.XLOOKUP(Table_Input_DataQuality_Enterprise[[#This Row],[When was the data sourced?]],Table_SourceData_DataQuality_TemporalRepresentativeness[User friendly description],Table_SourceData_DataQuality_TemporalRepresentativeness[Score])+_xlfn.XLOOKUP(Table_Input_DataQuality_Enterprise[[#This Row],[Where is the data sourced from?]],Table_SourceData_DataQuality_SpatialRepresentativeness[User friendly description],Table_SourceData_DataQuality_SpatialRepresentativeness[Score])+_xlfn.XLOOKUP(Table_Input_DataQuality_Enterprise[[#This Row],[How much of the data was from direct samples?]],Table_SourceData_DataQuality_SampleSize[User friendly description],Table_SourceData_DataQuality_SampleSize[Score]), 0) -> 12
A10: =HYPERLINK("#'Input - Site'!A1", "Site") -> Site | D10: ="Manure sold" -> Manure sold | E10: Within 3 years of this emissions calculation period | F10: Regional-level data from a government or industry database/survey | G10: Between 51% and 90% | J10: =IFERROR(_xlfn.XLOOKUP(Table_Input_DataQuality_Enterprise[[#This Row],[When was the data sourced?]],Table_SourceData_DataQuality_TemporalRepresentativeness[User friendly description],Table_SourceData_DataQuality_TemporalRepresentativeness[Score])+_xlfn.XLOOKUP(Table_Input_DataQuality_Enterprise[[#This Row],[Where is the data sourced from?]],Table_SourceData_DataQuality_SpatialRepresentativeness[User friendly description],Table_SourceData_DataQuality_SpatialRepresentativeness[Score])+_xlfn.XLOOKUP(Table_Input_DataQuality_Enterprise[[#This Row],[How much of the data was from direct samples?]],Table_SourceData_DataQuality_SampleSize[User friendly description],Table_SourceData_DataQuality_SampleSize[Score]), 0) -> 10
A11: =HYPERLINK("#'Input - Feedlot'!A1", "Feedlot") -> Feedlot | D11: ="Percent income from liveweight sold" -> Percent income from liveweight sold | E11: Unknown, or more than 4 years of this emissions calculation period | F11: National-level data from a government or industry database/survey | G11: Unknown | J11: =IFERROR(_xlfn.XLOOKUP(Table_Input_DataQuality_Enterprise[[#This Row],[When was the data sourced?]],Table_SourceData_DataQuality_TemporalRepresentativeness[User friendly description],Table_SourceData_DataQuality_TemporalRepresentativeness[Score])+_xlfn.XLOOKUP(Table_Input_DataQuality_Enterprise[[#This Row],[Where is the data sourced from?]],Table_SourceData_DataQuality_SpatialRepresentativeness[User friendly description],Table_SourceData_DataQuality_SpatialRepresentativeness[Score])+_xlfn.XLOOKUP(Table_Input_DataQuality_Enterprise[[#This Row],[How much of the data was from direct samples?]],Table_SourceData_DataQuality_SampleSize[User friendly description],Table_SourceData_DataQuality_SampleSize[Score]), 0) -> 3
A12: =HYPERLINK("#'Input - Livestock sales'!A1", "Livestock sales") -> Livestock sales | D12: ="Percent income from manure sold" -> Percent income from manure sold | E12: During this emissions calculation period | F12: This location without spatial partitioning | G12: Over 90% | J12: =IFERROR(_xlfn.XLOOKUP(Table_Input_DataQuality_Enterprise[[#This Row],[When was the data sourced?]],Table_SourceData_DataQuality_TemporalRepresentativeness[User friendly description],Table_SourceData_DataQuality_TemporalRepresentativeness[Score])+_xlfn.XLOOKUP(Table_Input_DataQuality_Enterprise[[#This Row],[Where is the data sourced from?]],Table_SourceData_DataQuality_SpatialRepresentativeness[User friendly description],Table_SourceData_DataQuality_SpatialRepresentativeness[Score])+_xlfn.XLOOKUP(Table_Input_DataQuality_Enterprise[[#This Row],[How much of the data was from direct samples?]],Table_SourceData_DataQuality_SampleSize[User friendly description],Table_SourceData_DataQuality_SampleSize[Score]), 0) -> 14
A13: =HYPERLINK("#'Input - Beef cattle purchases'!A1", "Beef cattle purchases") -> Beef cattle purchases
A14: =HYPERLINK("#'Input - Fuel'!A1", "Fuel") -> Fuel | J14: =SUM(Table_Input_DataQuality_Enterprise[Score]) -> 54
A15: =HYPERLINK("#'Input - Electricity'!A1", "Electricity") -> Electricity | D15: Site
A16: =HYPERLINK("#'Input - Common farm inputs'!A1", "Common farm inputs") -> Common farm inputs
A17: =HYPERLINK("#'Input - Livestock farm Inputs'!A1", "Livestock farm Inputs") -> Livestock farm Inputs | D17: Data type | E17: When was the data sourced? | F17: Where is the data sourced from? | G17: How much of the data was from direct samples? | H17: Notes | I17: Evidence files | J17: Score
A18: =HYPERLINK("#'Input - Freight'!A1", "Freight") -> Freight | D18: ="Leaching zone" -> Leaching zone | E18: Within 2 years of this emissions calculation period | F18: Regional-level data from a government or industry database/survey | G18: Over 90% | J18: =IFERROR(_xlfn.XLOOKUP(Table_Input_DataQuality_Site[[#This Row],[When was the data sourced?]],Table_SourceData_DataQuality_TemporalRepresentativeness[User friendly description],Table_SourceData_DataQuality_TemporalRepresentativeness[Score])+_xlfn.XLOOKUP(Table_Input_DataQuality_Site[[#This Row],[Where is the data sourced from?]],Table_SourceData_DataQuality_SpatialRepresentativeness[User friendly description],Table_SourceData_DataQuality_SpatialRepresentativeness[Score])+_xlfn.XLOOKUP(Table_Input_DataQuality_Site[[#This Row],[How much of the data was from direct samples?]],Table_SourceData_DataQuality_SampleSize[User friendly description],Table_SourceData_DataQuality_SampleSize[Score]), 0) -> 12
A19: =HYPERLINK("#'Input - Solid waste'!A1", "Solid waste") -> Solid waste | D19: ="Elevation" -> Elevation | E19: Within 2 years of this emissions calculation period | F19: Regional-level data from a government or industry database/survey | G19: Over 90% | J19: =IFERROR(_xlfn.XLOOKUP(Table_Input_DataQuality_Site[[#This Row],[When was the data sourced?]],Table_SourceData_DataQuality_TemporalRepresentativeness[User friendly description],Table_SourceData_DataQuality_TemporalRepresentativeness[Score])+_xlfn.XLOOKUP(Table_Input_DataQuality_Site[[#This Row],[Where is the data sourced from?]],Table_SourceData_DataQuality_SpatialRepresentativeness[User friendly description],Table_SourceData_DataQuality_SpatialRepresentativeness[Score])+_xlfn.XLOOKUP(Table_Input_DataQuality_Site[[#This Row],[How much of the data was from direct samples?]],Table_SourceData_DataQuality_SampleSize[User friendly description],Table_SourceData_DataQuality_SampleSize[Score]), 0) -> 12
A20: =HYPERLINK("#'Input - Manure sent off-site'!A1", "Manure sent off-site") -> Manure sent off-site | D20: ="Average temperature for reporting period" -> Average temperature for reporting period | E20: Within 2 years of this emissions calculation period | F20: Regional-level data from a government or industry database/survey | G20: Over 90% | J20: =IFERROR(_xlfn.XLOOKUP(Table_Input_DataQuality_Site[[#This Row],[When was the data sourced?]],Table_SourceData_DataQuality_TemporalRepresentativeness[User friendly description],Table_SourceData_DataQuality_TemporalRepresentativeness[Score])+_xlfn.XLOOKUP(Table_Input_DataQuality_Site[[#This Row],[Where is the data sourced from?]],Table_SourceData_DataQuality_SpatialRepresentativeness[User friendly description],Table_SourceData_DataQuality_SpatialRepresentativeness[Score])+_xlfn.XLOOKUP(Table_Input_DataQuality_Site[[#This Row],[How much of the data was from direct samples?]],Table_SourceData_DataQuality_SampleSize[User friendly description],Table_SourceData_DataQuality_SampleSize[Score]), 0) -> 12
A21: =HYPERLINK("#'Input - Data quality'!A1", "Data quality") -> Data quality | D21: ="Total rainfall for reporting period" -> Total rainfall for reporting period | E21: During this emissions calculation period | F21: This location without spatial partitioning | G21: Over 90% | J21: =IFERROR(_xlfn.XLOOKUP(Table_Input_DataQuality_Site[[#This Row],[When was the data sourced?]],Table_SourceData_DataQuality_TemporalRepresentativeness[User friendly description],Table_SourceData_DataQuality_TemporalRepresentativeness[Score])+_xlfn.XLOOKUP(Table_Input_DataQuality_Site[[#This Row],[Where is the data sourced from?]],Table_SourceData_DataQuality_SpatialRepresentativeness[User friendly description],Table_SourceData_DataQuality_SpatialRepresentativeness[Score])+_xlfn.XLOOKUP(Table_Input_DataQuality_Site[[#This Row],[How much of the data was from direct samples?]],Table_SourceData_DataQuality_SampleSize[User friendly description],Table_SourceData_DataQuality_SampleSize[Score]), 0) -> 14
A22: =HYPERLINK("#'Input - Fert Prod System'!A1", "Fert Prod System") -> Fert Prod System | D22: ="Potential evapotranspiration for reporting period" -> Potential evapotranspiration for reporting period | E22: Within 2 years of this emissions calculation period | F22: Regional-level data from a government or industry database/survey | G22: Over 90% | J22: =IFERROR(_xlfn.XLOOKUP(Table_Input_DataQuality_Site[[#This Row],[When was the data sourced?]],Table_SourceData_DataQuality_TemporalRepresentativeness[User friendly description],Table_SourceData_DataQuality_TemporalRepresentativeness[Score])+_xlfn.XLOOKUP(Table_Input_DataQuality_Site[[#This Row],[Where is the data sourced from?]],Table_SourceData_DataQuality_SpatialRepresentativeness[User friendly description],Table_SourceData_DataQuality_SpatialRepresentativeness[Score])+_xlfn.XLOOKUP(Table_Input_DataQuality_Site[[#This Row],[How much of the data was from direct samples?]],Table_SourceData_DataQuality_SampleSize[User friendly description],Table_SourceData_DataQuality_SampleSize[Score]), 0) -> 12
A23: =HYPERLINK("#'Input - Fertiliser'!A1", "Fertiliser") -> Fertiliser | D23: ="Number of frost days for reporting period" -> Number of frost days for reporting period | E23: Within 3 years of this emissions calculation period | F23: Regional-level data from a government or industry database/survey | G23: Over 90% | J23: =IFERROR(_xlfn.XLOOKUP(Table_Input_DataQuality_Site[[#This Row],[When was the data sourced?]],Table_SourceData_DataQuality_TemporalRepresentativeness[User friendly description],Table_SourceData_DataQuality_TemporalRepresentativeness[Score])+_xlfn.XLOOKUP(Table_Input_DataQuality_Site[[#This Row],[Where is the data sourced from?]],Table_SourceData_DataQuality_SpatialRepresentativeness[User friendly description],Table_SourceData_DataQuality_SpatialRepresentativeness[Score])+_xlfn.XLOOKUP(Table_Input_DataQuality_Site[[#This Row],[How much of the data was from direct samples?]],Table_SourceData_DataQuality_SampleSize[User friendly description],Table_SourceData_DataQuality_SampleSize[Score]), 0) -> 11
J25: =SUM(Table_Input_DataQuality_Site[Score]) -> 73
A26: CALCULATIONS | D26: Feedlot management
A27: =HYPERLINK("#'3.1.1.1-2 Enteric Methane'!A1", "3.1.1.1-2 Enteric Methane") -> 3.1.1.1-2 Enteric Methane
A28: =HYPERLINK("#'4.1.1.1-2 Methane'!A1", "4.1.1.1-2 Manure Methane") -> 4.1.1.1-2 Manure Methane | D28: Data type | E28: When was the data sourced? | F28: Where is the data sourced from? | G28: How much of the data was from direct samples? | H28: Notes | I28: Evidence files | J28: Score
A29: =HYPERLINK("#'4.1.1.3-4 Direct N20'!A1", "4.1.1.3-4 Manure Direct N2O") -> 4.1.1.3-4 Manure Direct N2O | D29: ="Head count" -> Head count | E29: During this emissions calculation period | F29: This location without spatial partitioning | G29: Over 90% | J29: =IFERROR(_xlfn.XLOOKUP(Table_Input_DataQuality_PastureManagement[[#This Row],[When was the data sourced?]],Table_SourceData_DataQuality_TemporalRepresentativeness[User friendly description],Table_SourceData_DataQuality_TemporalRepresentativeness[Score])+_xlfn.XLOOKUP(Table_Input_DataQuality_PastureManagement[[#This Row],[Where is the data sourced from?]],Table_SourceData_DataQuality_SpatialRepresentativeness[User friendly description],Table_SourceData_DataQuality_SpatialRepresentativeness[Score])+_xlfn.XLOOKUP(Table_Input_DataQuality_PastureManagement[[#This Row],[How much of the data was from direct samples?]],Table_SourceData_DataQuality_SampleSize[User friendly description],Table_SourceData_DataQuality_SampleSize[Score]), 0) -> 14
A30: =HYPERLINK("#'4.1.1.5-6 Atmos Deposition'!A1", "4.1.1.5-6 Manure Atmos Dep") -> 4.1.1.5-6 Manure Atmos Dep | D30: ="Duration of stay" -> Duration of stay | J30: =IFERROR(_xlfn.XLOOKUP(Table_Input_DataQuality_PastureManagement[[#This Row],[When was the data sourced?]],Table_SourceData_DataQuality_TemporalRepresentativeness[User friendly description],Table_SourceData_DataQuality_TemporalRepresentativeness[Score])+_xlfn.XLOOKUP(Table_Input_DataQuality_PastureManagement[[#This Row],[Where is the data sourced from?]],Table_SourceData_DataQuality_SpatialRepresentativeness[User friendly description],Table_SourceData_DataQuality_SpatialRepresentativeness[Score])+_xlfn.XLOOKUP(Table_Input_DataQuality_PastureManagement[[#This Row],[How much of the data was from direct samples?]],Table_SourceData_DataQuality_SampleSize[User friendly description],Table_SourceData_DataQuality_SampleSize[Score]), 0) -> 0
A31: =HYPERLINK("#'4.1.1.9 Manure applied to soils'!A1", "4.1.1.9 Manure applied to soils") -> 4.1.1.9 Manure applied to soils | D31: ="Diet - Feed intake" -> Diet - Feed intake | E31: During this emissions calculation period | F31: This location without spatial partitioning | G31: Over 90% | J31: =IFERROR(_xlfn.XLOOKUP(Table_Input_DataQuality_PastureManagement[[#This Row],[When was the data sourced?]],Table_SourceData_DataQuality_TemporalRepresentativeness[User friendly description],Table_SourceData_DataQuality_TemporalRepresentativeness[Score])+_xlfn.XLOOKUP(Table_Input_DataQuality_PastureManagement[[#This Row],[Where is the data sourced from?]],Table_SourceData_DataQuality_SpatialRepresentativeness[User friendly description],Table_SourceData_DataQuality_SpatialRepresentativeness[Score])+_xlfn.XLOOKUP(Table_Input_DataQuality_PastureManagement[[#This Row],[How much of the data was from direct samples?]],Table_SourceData_DataQuality_SampleSize[User friendly description],Table_SourceData_DataQuality_SampleSize[Score]), 0) -> 14
A32: =HYPERLINK("#'8.1.1.1-2 Transport fuel'!A1", "8.1.1.1-2 Transport fuel") -> 8.1.1.1-2 Transport fuel | D32: ="Diet - Ether extract" -> Diet - Ether extract | E32: During this emissions calculation period | F32: This location without spatial partitioning | G32: Over 90% | J32: =IFERROR(_xlfn.XLOOKUP(Table_Input_DataQuality_PastureManagement[[#This Row],[When was the data sourced?]],Table_SourceData_DataQuality_TemporalRepresentativeness[User friendly description],Table_SourceData_DataQuality_TemporalRepresentativeness[Score])+_xlfn.XLOOKUP(Table_Input_DataQuality_PastureManagement[[#This Row],[Where is the data sourced from?]],Table_SourceData_DataQuality_SpatialRepresentativeness[User friendly description],Table_SourceData_DataQuality_SpatialRepresentativeness[Score])+_xlfn.XLOOKUP(Table_Input_DataQuality_PastureManagement[[#This Row],[How much of the data was from direct samples?]],Table_SourceData_DataQuality_SampleSize[User friendly description],Table_SourceData_DataQuality_SampleSize[Score]), 0) -> 14
A33: =HYPERLINK("#'8.2.1.1-2 Stationary fuel'!A1", "8.2.1.1-2 Stationary fuel") -> 8.2.1.1-2 Stationary fuel | D33: ="Diet - NDF" -> Diet - NDF | J33: =IFERROR(_xlfn.XLOOKUP(Table_Input_DataQuality_PastureManagement[[#This Row],[When was the data sourced?]],Table_SourceData_DataQuality_TemporalRepresentativeness[User friendly description],Table_SourceData_DataQuality_TemporalRepresentativeness[Score])+_xlfn.XLOOKUP(Table_Input_DataQuality_PastureManagement[[#This Row],[Where is the data sourced from?]],Table_SourceData_DataQuality_SpatialRepresentativeness[User friendly description],Table_SourceData_DataQuality_SpatialRepresentativeness[Score])+_xlfn.XLOOKUP(Table_Input_DataQuality_PastureManagement[[#This Row],[How much of the data was from direct samples?]],Table_SourceData_DataQuality_SampleSize[User friendly description],Table_SourceData_DataQuality_SampleSize[Score]), 0) -> 0
A34: =HYPERLINK("#'10.1.1-2 Solid waste treatment'!A1", "10.1.1.1-2 Solid waste") -> 10.1.1.1-2 Solid waste | D34: ="Diet - Dry matter digestibility" -> Diet - Dry matter digestibility | J34: =IFERROR(_xlfn.XLOOKUP(Table_Input_DataQuality_PastureManagement[[#This Row],[When was the data sourced?]],Table_SourceData_DataQuality_TemporalRepresentativeness[User friendly description],Table_SourceData_DataQuality_TemporalRepresentativeness[Score])+_xlfn.XLOOKUP(Table_Input_DataQuality_PastureManagement[[#This Row],[Where is the data sourced from?]],Table_SourceData_DataQuality_SpatialRepresentativeness[User friendly description],Table_SourceData_DataQuality_SpatialRepresentativeness[Score])+_xlfn.XLOOKUP(Table_Input_DataQuality_PastureManagement[[#This Row],[How much of the data was from direct samples?]],Table_SourceData_DataQuality_SampleSize[User friendly description],Table_SourceData_DataQuality_SampleSize[Score]), 0) -> 0
A35: =HYPERLINK("#'14.1.1-2 Purchased electricity'!A1", "14.1.1-2 Purchased electricity") -> 14.1.1-2 Purchased electricity | D35: ="Diet - Crude protein" -> Diet - Crude protein | J35: =IFERROR(_xlfn.XLOOKUP(Table_Input_DataQuality_PastureManagement[[#This Row],[When was the data sourced?]],Table_SourceData_DataQuality_TemporalRepresentativeness[User friendly description],Table_SourceData_DataQuality_TemporalRepresentativeness[Score])+_xlfn.XLOOKUP(Table_Input_DataQuality_PastureManagement[[#This Row],[Where is the data sourced from?]],Table_SourceData_DataQuality_SpatialRepresentativeness[User friendly description],Table_SourceData_DataQuality_SpatialRepresentativeness[Score])+_xlfn.XLOOKUP(Table_Input_DataQuality_PastureManagement[[#This Row],[How much of the data was from direct samples?]],Table_SourceData_DataQuality_SampleSize[User friendly description],Table_SourceData_DataQuality_SampleSize[Score]), 0) -> 0
A36: =HYPERLINK("#'15 Scope 3'!A1", "15 Scope 3") -> 15 Scope 3 | D36: ="Diet - Nitrogen retention" -> Diet - Nitrogen retention | J36: =IFERROR(_xlfn.XLOOKUP(Table_Input_DataQuality_PastureManagement[[#This Row],[When was the data sourced?]],Table_SourceData_DataQuality_TemporalRepresentativeness[User friendly description],Table_SourceData_DataQuality_TemporalRepresentativeness[Score])+_xlfn.XLOOKUP(Table_Input_DataQuality_PastureManagement[[#This Row],[Where is the data sourced from?]],Table_SourceData_DataQuality_SpatialRepresentativeness[User friendly description],Table_SourceData_DataQuality_SpatialRepresentativeness[Score])+_xlfn.XLOOKUP(Table_Input_DataQuality_PastureManagement[[#This Row],[How much of the data was from direct samples?]],Table_SourceData_DataQuality_SampleSize[User friendly description],Table_SourceData_DataQuality_SampleSize[Score]), 0) -> 0
A37: =HYPERLINK("#'Calcs - Manure sent off-site'!A1", "Calcs - Manure sent off-site") -> Calcs - Manure sent off-site | D37: ="Production and manure management systems" -> Production and manure management systems | E37: During this emissions calculation period | F37: This location without spatial partitioning | G37: Over 90% | J37: =IFERROR(_xlfn.XLOOKUP(Table_Input_DataQuality_PastureManagement[[#This Row],[When was the data sourced?]],Table_SourceData_DataQuality_TemporalRepresentativeness[User friendly description],Table_SourceData_DataQuality_TemporalRepresentativeness[Score])+_xlfn.XLOOKUP(Table_Input_DataQuality_PastureManagement[[#This Row],[Where is the data sourced from?]],Table_SourceData_DataQuality_SpatialRepresentativeness[User friendly description],Table_SourceData_DataQuality_SpatialRepresentativeness[Score])+_xlfn.XLOOKUP(Table_Input_DataQuality_PastureManagement[[#This Row],[How much of the data was from direct samples?]],Table_SourceData_DataQuality_SampleSize[User friendly description],Table_SourceData_DataQuality_SampleSize[Score]), 0) -> 14
A38: =HYPERLINK("#'5.1.1.1-2 Inorganic fert N2O'!A1", "5.1.1.1-2 Inorganic fert N2O") -> 5.1.1.1-2 Inorganic fert N2O | D38: ="Livestock sales" -> Livestock sales | J38: =IFERROR(_xlfn.XLOOKUP(Table_Input_DataQuality_PastureManagement[[#This Row],[When was the data sourced?]],Table_SourceData_DataQuality_TemporalRepresentativeness[User friendly description],Table_SourceData_DataQuality_TemporalRepresentativeness[Score])+_xlfn.XLOOKUP(Table_Input_DataQuality_PastureManagement[[#This Row],[Where is the data sourced from?]],Table_SourceData_DataQuality_SpatialRepresentativeness[User friendly description],Table_SourceData_DataQuality_SpatialRepresentativeness[Score])+_xlfn.XLOOKUP(Table_Input_DataQuality_PastureManagement[[#This Row],[How much of the data was from direct samples?]],Table_SourceData_DataQuality_SampleSize[User friendly description],Table_SourceData_DataQuality_SampleSize[Score]), 0) -> 0
A39: =HYPERLINK("#'5.1.1.3-4 Inorganic fert CO2'!A1", "5.1.1.3-4 Inorganic fert CO2") -> 5.1.1.3-4 Inorganic fert CO2 | D39: ="Livestock purchases" -> Livestock purchases | J39: =IFERROR(_xlfn.XLOOKUP(Table_Input_DataQuality_PastureManagement[[#This Row],[When was the data sourced?]],Table_SourceData_DataQuality_TemporalRepresentativeness[User friendly description],Table_SourceData_DataQuality_TemporalRepresentativeness[Score])+_xlfn.XLOOKUP(Table_Input_DataQuality_PastureManagement[[#This Row],[Where is the data sourced from?]],Table_SourceData_DataQuality_SpatialRepresentativeness[User friendly description],Table_SourceData_DataQuality_SpatialRepresentativeness[Score])+_xlfn.XLOOKUP(Table_Input_DataQuality_PastureManagement[[#This Row],[How much of the data was from direct samples?]],Table_SourceData_DataQuality_SampleSize[User friendly description],Table_SourceData_DataQuality_SampleSize[Score]), 0) -> 0
A40: =HYPERLINK("#'5.2.1.1-2 Organic Fert N2O'!A1", "5.2.1.1-2 Organic Fert N2O") -> 5.2.1.1-2 Organic Fert N2O
A41: =HYPERLINK("#'5.3.1.1-2 Lime CO2'!A1", "5.3.1.1-2 Lime CO2") -> 5.3.1.1-2 Lime CO2 | J41: =SUM(Table_Input_DataQuality_PastureManagement[Score]) -> 56
A42: =HYPERLINK("#'5.4.1.1-4 Atmos deposition'!A1", "5.4.1.1-4 Atmos deposition") -> 5.4.1.1-4 Atmos deposition | D42: Fuel and electricity
A43: =HYPERLINK("#'5.5.1.1-2 Leaching and runoff'!A1", "5.5.1.1-2 Leaching and runoff") -> 5.5.1.1-2 Leaching and runoff
D44: Data type | E44: When was the data sourced? | F44: Where is the data sourced from? | G44: How much of the data was from direct samples? | H44: Notes | I44: Evidence files | J44: Score
D45: ="Fuel purchases" -> Fuel purchases | E45: During this emissions calculation period | F45: This location without spatial partitioning | G45: Between 51% and 90% | J45: =IFERROR(_xlfn.XLOOKUP(Table_Input_DataQuality_FuelElectricity[[#This Row],[When was the data sourced?]],Table_SourceData_DataQuality_TemporalRepresentativeness[User friendly description],Table_SourceData_DataQuality_TemporalRepresentativeness[Score])+_xlfn.XLOOKUP(Table_Input_DataQuality_FuelElectricity[[#This Row],[Where is the data sourced from?]],Table_SourceData_DataQuality_SpatialRepresentativeness[User friendly description],Table_SourceData_DataQuality_SpatialRepresentativeness[Score])+_xlfn.XLOOKUP(Table_Input_DataQuality_FuelElectricity[[#This Row],[How much of the data was from direct samples?]],Table_SourceData_DataQuality_SampleSize[User friendly description],Table_SourceData_DataQuality_SampleSize[Score]), 0) -> 13
A46: APPENDICES | D46: ="Fuel consumption" -> Fuel consumption | E46: During this emissions calculation period | F46: This location without spatial partitioning | G46: Over 90% | J46: =IFERROR(_xlfn.XLOOKUP(Table_Input_DataQuality_FuelElectricity[[#This Row],[When was the data sourced?]],Table_SourceData_DataQuality_TemporalRepresentativeness[User friendly description],Table_SourceData_DataQuality_TemporalRepresentativeness[Score])+_xlfn.XLOOKUP(Table_Input_DataQuality_FuelElectricity[[#This Row],[Where is the data sourced from?]],Table_SourceData_DataQuality_SpatialRepresentativeness[User friendly description],Table_SourceData_DataQuality_SpatialRepresentativeness[Score])+_xlfn.XLOOKUP(Table_Input_DataQuality_FuelElectricity[[#This Row],[How much of the data was from direct samples?]],Table_SourceData_DataQuality_SampleSize[User friendly description],Table_SourceData_DataQuality_SampleSize[Score]), 0) -> 14
A47: =HYPERLINK("#'Constants - Feedlot'!A1", "Constants - Feedlot") -> Constants - Feedlot | D47: ="Electricity consumption" -> Electricity consumption | E47: During this emissions calculation period | F47: This location without spatial partitioning | G47: Over 90% | J47: =IFERROR(_xlfn.XLOOKUP(Table_Input_DataQuality_FuelElectricity[[#This Row],[When was the data sourced?]],Table_SourceData_DataQuality_TemporalRepresentativeness[User friendly description],Table_SourceData_DataQuality_TemporalRepresentativeness[Score])+_xlfn.XLOOKUP(Table_Input_DataQuality_FuelElectricity[[#This Row],[Where is the data sourced from?]],Table_SourceData_DataQuality_SpatialRepresentativeness[User friendly description],Table_SourceData_DataQuality_SpatialRepresentativeness[Score])+_xlfn.XLOOKUP(Table_Input_DataQuality_FuelElectricity[[#This Row],[How much of the data was from direct samples?]],Table_SourceData_DataQuality_SampleSize[User friendly description],Table_SourceData_DataQuality_SampleSize[Score]), 0) -> 14
A48: =HYPERLINK("#'Constants - Common livestock'!A1", "Constants - Common Livestock") -> Constants - Common Livestock | D48: ="Electricity generation" -> Electricity generation | E48: During this emissions calculation period | F48: This location without spatial partitioning | G48: Over 90% | J48: =IFERROR(_xlfn.XLOOKUP(Table_Input_DataQuality_FuelElectricity[[#This Row],[When was the data sourced?]],Table_SourceData_DataQuality_TemporalRepresentativeness[User friendly description],Table_SourceData_DataQuality_TemporalRepresentativeness[Score])+_xlfn.XLOOKUP(Table_Input_DataQuality_FuelElectricity[[#This Row],[Where is the data sourced from?]],Table_SourceData_DataQuality_SpatialRepresentativeness[User friendly description],Table_SourceData_DataQuality_SpatialRepresentativeness[Score])+_xlfn.XLOOKUP(Table_Input_DataQuality_FuelElectricity[[#This Row],[How much of the data was from direct samples?]],Table_SourceData_DataQuality_SampleSize[User friendly description],Table_SourceData_DataQuality_SampleSize[Score]), 0) -> 14
A49: =HYPERLINK("#'Constants - Electricity'!A1", "Constants - Electricity") -> Constants - Electricity
A50: =HYPERLINK("#'Constants - Fertiliser'!A1", "Constants - Fertiliser") -> Constants - Fertiliser | J50: =SUM(Table_Input_DataQuality_FuelElectricity[Score]) -> 55
A51: =HYPERLINK("#'Constants - Fuel'!A1", "Constants - Fuel") -> Constants - Fuel
A52: =HYPERLINK("#'Constants - Scope 3'!A1", "Constants - Scope 3") -> Constants - Scope 3 | D52: Farm input purchases, freight and waste outputs
A53: =HYPERLINK("#'Constants - Solid Waste'!A1", "Constants - Solid Waste") -> Constants - Solid Waste
A54: =HYPERLINK("#'Constants - Common'!A1", "Constants - Common") -> Constants - Common | D54: Data type | E54: When was the data sourced? | F54: Where is the data sourced from? | G54: How much of the data was from direct samples? | H54: Notes | I54: Evidence files | J54: Score
A55: =HYPERLINK("#'Acknowledgements'!A1", "Acknowledgements") -> Acknowledgements | D55: ="Farm input purchases" -> Farm input purchases | E55: During this emissions calculation period | F55: This location without spatial partitioning | G55: Between 51% and 90% | J55: =IFERROR(_xlfn.XLOOKUP(Table_Input_DataQuality_FarmInputsFreightWaste[[#This Row],[When was the data sourced?]],Table_SourceData_DataQuality_TemporalRepresentativeness[User friendly description],Table_SourceData_DataQuality_TemporalRepresentativeness[Score])+_xlfn.XLOOKUP(Table_Input_DataQuality_FarmInputsFreightWaste[[#This Row],[Where is the data sourced from?]],Table_SourceData_DataQuality_SpatialRepresentativeness[User friendly description],Table_SourceData_DataQuality_SpatialRepresentativeness[Score])+_xlfn.XLOOKUP(Table_Input_DataQuality_FarmInputsFreightWaste[[#This Row],[How much of the data was from direct samples?]],Table_SourceData_DataQuality_SampleSize[User friendly description],Table_SourceData_DataQuality_SampleSize[Score]), 0) -> 13
D56: ="Inbound freight use" -> Inbound freight use | E56: During this emissions calculation period | F56: This location without spatial partitioning | G56: Over 90% | J56: =IFERROR(_xlfn.XLOOKUP(Table_Input_DataQuality_FarmInputsFreightWaste[[#This Row],[When was the data sourced?]],Table_SourceData_DataQuality_TemporalRepresentativeness[User friendly description],Table_SourceData_DataQuality_TemporalRepresentativeness[Score])+_xlfn.XLOOKUP(Table_Input_DataQuality_FarmInputsFreightWaste[[#This Row],[Where is the data sourced from?]],Table_SourceData_DataQuality_SpatialRepresentativeness[User friendly description],Table_SourceData_DataQuality_SpatialRepresentativeness[Score])+_xlfn.XLOOKUP(Table_Input_DataQuality_FarmInputsFreightWaste[[#This Row],[How much of the data was from direct samples?]],Table_SourceData_DataQuality_SampleSize[User friendly description],Table_SourceData_DataQuality_SampleSize[Score]), 0) -> 14
D57: ="Outbound freight use" -> Outbound freight use | E57: During this emissions calculation period | F57: This location without spatial partitioning | G57: Over 90% | J57: =IFERROR(_xlfn.XLOOKUP(Table_Input_DataQuality_FarmInputsFreightWaste[[#This Row],[When was the data sourced?]],Table_SourceData_DataQuality_TemporalRepresentativeness[User friendly description],Table_SourceData_DataQuality_TemporalRepresentativeness[Score])+_xlfn.XLOOKUP(Table_Input_DataQuality_FarmInputsFreightWaste[[#This Row],[Where is the data sourced from?]],Table_SourceData_DataQuality_SpatialRepresentativeness[User friendly description],Table_SourceData_DataQuality_SpatialRepresentativeness[Score])+_xlfn.XLOOKUP(Table_Input_DataQuality_FarmInputsFreightWaste[[#This Row],[How much of the data was from direct samples?]],Table_SourceData_DataQuality_SampleSize[User friendly description],Table_SourceData_DataQuality_SampleSize[Score]), 0) -> 14
D58: ="Use of contractors and service providers" -> Use of contractors and service providers | J58: =IFERROR(_xlfn.XLOOKUP(Table_Input_DataQuality_FarmInputsFreightWaste[[#This Row],[When was the data sourced?]],Table_SourceData_DataQuality_TemporalRepresentativeness[User friendly description],Table_SourceData_DataQuality_TemporalRepresentativeness[Score])+_xlfn.XLOOKUP(Table_Input_DataQuality_FarmInputsFreightWaste[[#This Row],[Where is the data sourced from?]],Table_SourceData_DataQuality_SpatialRepresentativeness[User friendly description],Table_SourceData_DataQuality_SpatialRepresentativeness[Score])+_xlfn.XLOOKUP(Table_Input_DataQuality_FarmInputsFreightWaste[[#This Row],[How much of the data was from direct samples?]],Table_SourceData_DataQuality_SampleSize[User friendly description],Table_SourceData_DataQuality_SampleSize[Score]), 0) -> 0
D59: ="Solid waste generation and treatment" -> Solid waste generation and treatment | E59: During this emissions calculation period | F59: This location without spatial partitioning | G59: Over 90% | J59: =IFERROR(_xlfn.XLOOKUP(Table_Input_DataQuality_FarmInputsFreightWaste[[#This Row],[When was the data sourced?]],Table_SourceData_DataQuality_TemporalRepresentativeness[User friendly description],Table_SourceData_DataQuality_TemporalRepresentativeness[Score])+_xlfn.XLOOKUP(Table_Input_DataQuality_FarmInputsFreightWaste[[#This Row],[Where is the data sourced from?]],Table_SourceData_DataQuality_SpatialRepresentativeness[User friendly description],Table_SourceData_DataQuality_SpatialRepresentativeness[Score])+_xlfn.XLOOKUP(Table_Input_DataQuality_FarmInputsFreightWaste[[#This Row],[How much of the data was from direct samples?]],Table_SourceData_DataQuality_SampleSize[User friendly description],Table_SourceData_DataQuality_SampleSize[Score]), 0) -> 14
J61: =SUM(Table_Input_DataQuality_FarmInputsFreightWaste[Score]) -> 55
D63: Total data quality score | E63: =(J14+J25+J41+J50+J61)&" out of "&((COUNT(Table_Input_DataQuality_Enterprise[Score])*15)+(COUNT(Table_Input_DataQuality_Site[Score])*15)+(COUNT(Table_Input_DataQuality_PastureManagement[Score])*15)+(COUNT(Table_Input_DataQuality_FuelElectricity[Score])*15)+(COUNT(Table_Input_DataQuality_FarmInputsFreightWaste[Score])*15)) -> 293 out of 465

Sheet 3.1.1.1-2 Enteric Methane
A1: #VALUE! | C1: 3.1.1.1-2 Enteric Methane Beef Feedlot
A3: =HYPERLINK("#'Home'!A1", "Home") -> Home | D3: Method 1 | M3: Method 2
A4: =HYPERLINK("#'Results - Activity period'!A1", "Results - Activity period") -> Results - Activity period
A5: =HYPERLINK("#'Results - Product EI'!A1", "Results - Product Emissions Intensity") -> Results - Product Emissions Intensity | D5: Daily production of enteric methane
D6: VEERG 2026: 3.1.1.1, Equation (2)
A8: INPUTS
A9: =HYPERLINK("#'Input - Enterprise'!A1", "Enterprise") -> Enterprise
A10: =HYPERLINK("#'Input - Site'!A1", "Site") -> Site | D10: Variable | E10: M_j
A11: =HYPERLINK("#'Input - Feedlot'!A1", "Feedlot") -> Feedlot | D11: Unit | E11: kg CH4/head/day
A12: =HYPERLINK("#'Input - Livestock sales'!A1", "Livestock sales") -> Livestock sales
A13: =HYPERLINK("#'Input - Beef cattle purchases'!A1", "Beef cattle purchases") -> Beef cattle purchases | D13: I_j | E13: dry matter intake | G13: kg DM/head/day | H13: Input | I13: {=HYPERLINK(Common_InputFunctions.Utility_SourceHyperlink($D$17),$D$17)} -> M1_Table_I_j
A14: =HYPERLINK("#'Input - Fuel'!A1", "Fuel") -> Fuel | D14: EE_j | E14: ether extract as a percentage of I_j | G14: per cent | H14: Input | I14: {=HYPERLINK(Common_InputFunctions.Utility_SourceHyperlink($D$22),$D$22)} -> M1_Table_EE_j
A15: =HYPERLINK("#'Input - Electricity'!A1", "Electricity") -> Electricity | D15: NDF_j | E15: neutral detergent fibre as a percentage of I_j | G15: per cent | H15: Input | I15: {=HYPERLINK(Common_InputFunctions.Utility_SourceHyperlink($D$27),$D$27)} -> M1_Table_NDF_j
A16: =HYPERLINK("#'Input - Common farm inputs'!A1", "Common farm inputs") -> Common farm inputs
A17: =HYPERLINK("#'Input - Livestock farm Inputs'!A1", "Livestock farm Inputs") -> Livestock farm Inputs | D17: M1_Table_I_j | M17: M2_Table_I_j
A18: =HYPERLINK("#'Input - Freight'!A1", "Freight") -> Freight | D18: Dry matter intake (Method 1) | M18: Dry matter intake (Method 2)
A19: =HYPERLINK("#'Input - Solid waste'!A1", "Solid waste") -> Solid waste | D19: Domestic | E19: Mid-fed | F19: Long-fed | M19: Domestic | N19: Mid-fed | O19: Long-fed
A20: =HYPERLINK("#'Input - Manure sent off-site'!A1", "Manure sent off-site") -> Manure sent off-site | D20: {=OFFSET(X_Table_Feedlot_Intake_Method1, 1,1, 1,3)} -> 10.4 | E20: 10.8 | F20: 8.2 | G20: =$G$13 -> kg DM/head/day | M20: {=OFFSET(X_Table_Feedlot_Intake_Method2, 1,1, 1,3)} -> 10.4 | N20: 10.8 | O20: 8.2 | P20: =$G$13 -> kg DM/head/day
A21: =HYPERLINK("#'Input - Data quality'!A1", "Data quality") -> Data quality
A22: =HYPERLINK("#'Input - Fert Prod System'!A1", "Fert Prod System") -> Fert Prod System | D22: M1_Table_EE_j | M22: M2_Table_EE_j
A23: =HYPERLINK("#'Input - Fertiliser'!A1", "Fertiliser") -> Fertiliser | D23: Ether extract (Method 1) | M23: Ether extract (Method 2)
D24: Domestic | E24: Mid-fed | F24: Long-fed | M24: Domestic | N24: Mid-fed | O24: Long-fed
D25: {=OFFSET(X_Table_Feedlot_Intake_Method1, 2,1, 1,3)} -> 4.8 | E25: 5 | F25: 5.5 | G25: =$G$14 -> per cent | M25: {=OFFSET(X_Table_Feedlot_Intake_Method2, 2,1, 1,3)} -> 4.8 | N25: 5 | O25: 5.5 | P25: =$G$14 -> per cent
A26: CALCULATIONS
A27: =HYPERLINK("#'3.1.1.1-2 Enteric Methane'!A1", "3.1.1.1-2 Enteric Methane") -> 3.1.1.1-2 Enteric Methane | D27: M1_Table_NDF_j | M27: M2_Table_NDF_j
A28: =HYPERLINK("#'4.1.1.1-2 Methane'!A1", "4.1.1.1-2 Manure Methane") -> 4.1.1.1-2 Manure Methane | D28: Neutral detergent fibre (Method 1) | M28: Neutral detergent fibre (Method 2)
A29: =HYPERLINK("#'4.1.1.3-4 Direct N20'!A1", "4.1.1.3-4 Manure Direct N2O") -> 4.1.1.3-4 Manure Direct N2O | D29: Domestic | E29: Mid-fed | F29: Long-fed | M29: Domestic | N29: Mid-fed | O29: Long-fed
A30: =HYPERLINK("#'4.1.1.5-6 Atmos Deposition'!A1", "4.1.1.5-6 Manure Atmos Dep") -> 4.1.1.5-6 Manure Atmos Dep | D30: {=OFFSET(X_Table_Feedlot_Intake_Method1, 3,1, 1,3)} -> 22 | E30: 22 | F30: 24 | G30: =$G$15 -> per cent | M30: {=OFFSET(X_Table_Feedlot_Intake_Method2, 3,1, 1,3)} -> 22 | N30: 22 | O30: 24 | P30: =$G$15 -> per cent
A31: =HYPERLINK("#'4.1.1.9 Manure applied to soils'!A1", "4.1.1.9 Manure applied to soils") -> 4.1.1.9 Manure applied to soils
A32: =HYPERLINK("#'8.1.1.1-2 Transport fuel'!A1", "8.1.1.1-2 Transport fuel") -> 8.1.1.1-2 Transport fuel | D32: M1_Table_M_j | M32: M2_Table_M_j
A33: =HYPERLINK("#'8.2.1.1-2 Stationary fuel'!A1", "8.2.1.1-2 Stationary fuel") -> 8.2.1.1-2 Stationary fuel | D33: Daily production of enteric methane (Method 1) | M33: Daily production of enteric methane (Method 2)
A34: =HYPERLINK("#'10.1.1-2 Solid waste treatment'!A1", "10.1.1.1-2 Solid waste") -> 10.1.1.1-2 Solid waste | D34: Domestic | E34: Mid-fed | F34: Long-fed | M34: Domestic | N34: Mid-fed | O34: Long-fed
A35: =HYPERLINK("#'14.1.1-2 Purchased electricity'!A1", "14.1.1-2 Purchased electricity") -> 14.1.1-2 Purchased electricity | D35: =((5.11 * D20 - 4 * D25 + 2.26 * D30) * 10 ^ -3) -> 0.083664 | E35: =((5.11 * E20 - 4 * E25 + 2.26 * E30) * 10 ^ -3) -> 0.084908 | F35: =((5.11 * F20 - 4 * F25 + 2.26 * F30) * 10 ^ -3) -> 0.074142 | G35: =$E$11 -> kg CH4/head/day | M35: =((5.11 * M20 - 4 * M25 + 2.26 * M30) * 10 ^ -3) -> 0.083664 | N35: =((5.11 * N20 - 4 * N25 + 2.26 * N30) * 10 ^ -3) -> 0.084908 | O35: =((5.11 * O20 - 4 * O25 + 2.26 * O30) * 10 ^ -3) -> 0.074142 | P35: =$E$11 -> kg CH4/head/day
A36: =HYPERLINK("#'15 Scope 3'!A1", "15 Scope 3") -> 15 Scope 3
A37: =HYPERLINK("#'Calcs - Manure sent off-site'!A1", "Calcs - Manure sent off-site") -> Calcs - Manure sent off-site
A38: =HYPERLINK("#'5.1.1.1-2 Inorganic fert N2O'!A1", "5.1.1.1-2 Inorganic fert N2O") -> 5.1.1.1-2 Inorganic fert N2O
A39: =HYPERLINK("#'5.1.1.3-4 Inorganic fert CO2'!A1", "5.1.1.3-4 Inorganic fert CO2") -> 5.1.1.3-4 Inorganic fert CO2 | D39: Total annual methane production from enteric fermentation in feedlot beef cattle
A40: =HYPERLINK("#'5.2.1.1-2 Organic Fert N2O'!A1", "5.2.1.1-2 Organic Fert N2O") -> 5.2.1.1-2 Organic Fert N2O | D40: VEERG 2026: 3.1.1.1, Equation (1)
A41: =HYPERLINK("#'5.3.1.1-2 Lime CO2'!A1", "5.3.1.1-2 Lime CO2") -> 5.3.1.1-2 Lime CO2
A42: =HYPERLINK("#'5.4.1.1-4 Atmos deposition'!A1", "5.4.1.1-4 Atmos deposition") -> 5.4.1.1-4 Atmos deposition
A43: =HYPERLINK("#'5.5.1.1-2 Leaching and runoff'!A1", "5.5.1.1-2 Leaching and runoff") -> 5.5.1.1-2 Leaching and runoff
D45: Variable | E45: E_enteric
A46: APPENDICES | D46: Unit | E46: t CH4
A47: =HYPERLINK("#'Constants - Feedlot'!A1", "Constants - Feedlot") -> Constants - Feedlot
A48: =HYPERLINK("#'Constants - Common livestock'!A1", "Constants - Common Livestock") -> Constants - Common Livestock | D48: D_j | E48: duration of stay of each cattle lot | G48: days | H48: Input | I48: {=HYPERLINK(Common_InputFunctions.Utility_SourceHyperlink($D$52),$D$52)} -> Table_D_j
A49: =HYPERLINK("#'Constants - Electricity'!A1", "Constants - Electricity") -> Constants - Electricity | D49: M_j | E49: daily methane production | G49: kg CH4/head/day | H49: Calculated from 3.1.1.1, (2) | I49: {=HYPERLINK(Common_InputFunctions.Utility_SourceHyperlink($D$32),$D$32)} -> M1_Table_M_j
A50: =HYPERLINK("#'Constants - Fertiliser'!A1", "Constants - Fertiliser") -> Constants - Fertiliser | D50: N_j | E50: numbers of feedlot cattle in each cattle lot | G50: head | H50: Input | I50: {=HYPERLINK(Common_InputFunctions.Utility_SourceHyperlink($D$57),$D$57)} -> Table_N_j
A51: =HYPERLINK("#'Constants - Fuel'!A1", "Constants - Fuel") -> Constants - Fuel
A52: =HYPERLINK("#'Constants - Scope 3'!A1", "Constants - Scope 3") -> Constants - Scope 3 | D52: Table_D_j
A53: =HYPERLINK("#'Constants - Solid Waste'!A1", "Constants - Solid Waste") -> Constants - Solid Waste | D53: Duration of stay
A54: =HYPERLINK("#'Constants - Common'!A1", "Constants - Common") -> Constants - Common | D54: Domestic | E54: Mid-fed | F54: Long-fed
A55: =HYPERLINK("#'Acknowledgements'!A1", "Acknowledgements") -> Acknowledgements | D55: {=OFFSET(X_Table_Feedlot_HerdMovement, 2, 1, 1, 3)} -> 90 | E55: 140 | F55: 250 | G55: =G48 -> days
D57: Table_N_j
D58: Number of head in each group
D59: Domestic | E59: Mid-fed | F59: Long-fed
D60: {=OFFSET(X_Table_Feedlot_HerdMovement, 1, 1, 1, 3)} -> 1000 | E60: 1000 | F60: 1000 | G60: =G50 -> head
D62: M1_Table_E_CH4 | M62: M2_Table_E_CH4
D63: Methane emissions for each group, MMS and treatment stage (Method 1) | M63: Methane emissions for each group, MMS and treatment stage (Method 2)
D64: Domestic | E64: Mid-fed | F64: Long-fed | M64: Domestic | N64: Mid-fed | O64: Long-fed
D65: =((D55 * D35 * D60) * 10 ^ -3) -> 7.52976 | E65: =((E55 * E35 * E60) * 10 ^ -3) -> 11.88712 | F65: =((F55 * F35 * F60) * 10 ^ -3) -> 18.5355 | G65: =$E$46 -> t CH4 | M65: =((D55 * M35 * D60) * 10 ^ -3) -> 7.52976 | N65: =((E55 * N35 * E60) * 10 ^ -3) -> 11.88712 | O65: =((F55 * O35 * F60) * 10 ^ -3) -> 18.5355 | P65: =$E$46 -> t CH4
A66: =HYPERLINK("#A1", "▲ Back to top") -> ▲ Back to top
D67: Eenteric (Method 1) | E67: =SUM(D65:F65) -> 37.95238 | F67: =$E$46 -> t CH4 | M67: Eenteric (Method 2) | N67: =SUM(M65:O65) -> 37.95238 | O67: =$E$46 -> t CH4
D69: {=Common_Equations.Common_ConvertCH4ToCO2e_Arguments()} -> ECH4 | E69: Methane emissions (t CH4) | G69: =VEERG_3_1_1_1__1_TotalAnnualMethaneFromEntericFermentation_Result_Method1 -> 37.95238 | H69: =$E$46 -> t CH4 | M69: {=Common_Equations.Common_ConvertCH4ToCO2e_Arguments()} -> ECH4 | N69: Methane emissions (t CH4) | P69: =N67 -> 37.95238 | Q69: =$E$46 -> t CH4
D70: GWPCH4 | E70: Global warming potential for methane (t CO2-e / t CH4) | G70: =Common_InputFunctions.Utility_LookupValueInTableNumber("CH4",Table_GWPData[Gas],Table_GWPData[CO2-e factor]) -> 28 | M70: GWPCH4 | N70: Global warming potential for methane (t CO2-e / t CH4) | P70: =Common_InputFunctions.Utility_LookupValueInTableNumber("CH4",Table_GWPData[Gas],Table_GWPData[CO2-e factor]) -> 28
D72: ECO2e (Method 1) | E72: {=Common_Equations.Common_ConvertCH4ToCO2e(G69,G70)} -> 1062.6666 | F72: {=Common_Equations.Common_ConvertN2OToCO2e_Unit()} -> t CO2e | M72: ECO2e (Method 2) | N72: {=Common_Equations.Common_ConvertCH4ToCO2e(P69,P70)} -> 1062.6666 | O72: {=Common_Equations.Common_ConvertN2OToCO2e_Unit()} -> t CO2e

Sheet 4.1.1.1-2 Methane
A1: #VALUE! | C1: 4.1.1.1-2 Manure Methane
A3: =HYPERLINK("#'Home'!A1", "Home") -> Home | D3: Method 1 | M3: Method 2
A4: =HYPERLINK("#'Results - Activity period'!A1", "Results - Activity period") -> Results - Activity period
A5: =HYPERLINK("#'Results - Product EI'!A1", "Results - Product Emissions Intensity") -> Results - Product Emissions Intensity | D5: Volatile solid production
D6: VEERG 2026: 4.1.1.1, Equation (5)
A8: INPUTS
A9: =HYPERLINK("#'Input - Enterprise'!A1", "Enterprise") -> Enterprise
A10: =HYPERLINK("#'Input - Site'!A1", "Site") -> Site | D10: Variable | E10: VS_j
A11: =HYPERLINK("#'Input - Feedlot'!A1", "Feedlot") -> Feedlot | D11: Unit | E11: kg/head/day
A12: =HYPERLINK("#'Input - Livestock sales'!A1", "Livestock sales") -> Livestock sales
A13: =HYPERLINK("#'Input - Beef cattle purchases'!A1", "Beef cattle purchases") -> Beef cattle purchases | D13: {=(_xlfn.MAKEARRAY(3, 4, _xlfn.LAMBDA(_xlpm.r,_xlpm.c, INDEX({"I_j","dry matter intake for each group j","kg DM/head/day","Input";"DMD_j","dry matter digestibility for each group j","fraction","Input";"A","ash content of manure","fraction","Constant"}, _xlpm.r, _xlpm.c))))} -> I_j | E13: dry matter intake for each group j | F13: kg DM/head/day | G13: Input | H13: {=HYPERLINK(Common_InputFunctions.Utility_SourceHyperlink($D$17),$D$17)} -> M1_Table_I_j
A14: =HYPERLINK("#'Input - Fuel'!A1", "Fuel") -> Fuel | D14: DMD_j | E14: dry matter digestibility for each group j | F14: fraction | G14: Input | H14: {=HYPERLINK(Common_InputFunctions.Utility_SourceHyperlink($D$22),$D$22)} -> M1_Table_DMD_j
A15: =HYPERLINK("#'Input - Electricity'!A1", "Electricity") -> Electricity | D15: A | E15: ash content of manure | F15: fraction | G15: Constant | H15: =SourceData_Feedlot_AshContent_Data -> 0.16
A16: =HYPERLINK("#'Input - Common farm inputs'!A1", "Common farm inputs") -> Common farm inputs
A17: =HYPERLINK("#'Input - Livestock farm Inputs'!A1", "Livestock farm Inputs") -> Livestock farm Inputs | D17: M1_Table_I_j | M17: M2_Table_I_j
A18: =HYPERLINK("#'Input - Freight'!A1", "Freight") -> Freight | D18: Dry matter intake (Method 1) | M18: Dry matter intake (Method 2)
A19: =HYPERLINK("#'Input - Solid waste'!A1", "Solid waste") -> Solid waste | D19: Domestic | E19: Mid-fed | F19: Long-fed | M19: Domestic | N19: Mid-fed | O19: Long-fed
A20: =HYPERLINK("#'Input - Manure sent off-site'!A1", "Manure sent off-site") -> Manure sent off-site | D20: {=OFFSET(X_Table_Feedlot_Intake_Method1, 1, 1, 1, 3)} -> 10.4 | E20: 10.8 | F20: 8.2 | G20: kg DM/head/day | M20: {=OFFSET(X_Table_Feedlot_Intake_Method2, 1, 1, 1, 3)} -> 10.4 | N20: 10.8 | O20: 8.2 | P20: kg DM/head/day
A21: =HYPERLINK("#'Input - Data quality'!A1", "Data quality") -> Data quality
A22: =HYPERLINK("#'Input - Fert Prod System'!A1", "Fert Prod System") -> Fert Prod System | D22: M1_Table_DMD_j | M22: M2_Table_DMD_j
A23: =HYPERLINK("#'Input - Fertiliser'!A1", "Fertiliser") -> Fertiliser | D23: Dry matter digestibility (Method 1) | M23: Dry matter digestibility (Method 2)
D24: Domestic | E24: Mid-fed | F24: Long-fed | M24: Domestic | N24: Mid-fed | O24: Long-fed
D25: {=OFFSET(X_Table_Feedlot_Intake_Method1, 4, 1, 1, 3)} -> 0.81 | E25: 0.81 | F25: 0.81 | G25: fraction | M25: {=OFFSET(X_Table_Feedlot_Intake_Method2, 4, 1, 1, 3)} -> 0.81 | N25: 0.81 | O25: 0.81 | P25: fraction
A26: CALCULATIONS
A27: =HYPERLINK("#'3.1.1.1-2 Enteric Methane'!A1", "3.1.1.1-2 Enteric Methane") -> 3.1.1.1-2 Enteric Methane | D27: M1_Table_VS_j | M27: M2_Table_VS_j
A28: =HYPERLINK("#'4.1.1.1-2 Methane'!A1", "4.1.1.1-2 Manure Methane") -> 4.1.1.1-2 Manure Methane | D28: Volatile solid production (Method 1) | M28: Volatile solid production (Method 2)
A29: =HYPERLINK("#'4.1.1.3-4 Direct N20'!A1", "4.1.1.3-4 Manure Direct N2O") -> 4.1.1.3-4 Manure Direct N2O | D29: Domestic | E29: Mid-fed | F29: Long-fed | M29: Domestic | N29: Mid-fed | O29: Long-fed
A30: =HYPERLINK("#'4.1.1.5-6 Atmos Deposition'!A1", "4.1.1.5-6 Manure Atmos Dep") -> 4.1.1.5-6 Manure Atmos Dep | D30: =(D20 * (1 - D25) * (1 - $H$15)) -> 1.65984 | E30: =(E20 * (1 - E25) * (1 - $H$15)) -> 1.72368 | F30: =(F20 * (1 - F25) * (1 - $H$15)) -> 1.30872 | G30: =$E$11 -> kg/head/day | M30: =(M20 * (1 - M25) * (1 - $H$15)) -> 1.65984 | N30: =(N20 * (1 - N25) * (1 - $H$15)) -> 1.72368 | O30: =(O20 * (1 - O25) * (1 - $H$15)) -> 1.30872 | P30: =$E$11 -> kg/head/day
A31: =HYPERLINK("#'4.1.1.9 Manure applied to soils'!A1", "4.1.1.9 Manure applied to soils") -> 4.1.1.9 Manure applied to soils
A32: =HYPERLINK("#'8.1.1.1-2 Transport fuel'!A1", "8.1.1.1-2 Transport fuel") -> 8.1.1.1-2 Transport fuel
A33: =HYPERLINK("#'8.2.1.1-2 Stationary fuel'!A1", "8.2.1.1-2 Stationary fuel") -> 8.2.1.1-2 Stationary fuel
A34: =HYPERLINK("#'10.1.1-2 Solid waste treatment'!A1", "10.1.1.1-2 Solid waste") -> 10.1.1.1-2 Solid waste | D34: Production of methane in treatment stage 1 MMS
A35: =HYPERLINK("#'14.1.1-2 Purchased electricity'!A1", "14.1.1-2 Purchased electricity") -> 14.1.1-2 Purchased electricity | D35: VEERG 2026: 4.1.1.1, Equation (2)
A36: =HYPERLINK("#'15 Scope 3'!A1", "15 Scope 3") -> 15 Scope 3
A37: =HYPERLINK("#'Calcs - Manure sent off-site'!A1", "Calcs - Manure sent off-site") -> Calcs - Manure sent off-site
A38: =HYPERLINK("#'5.1.1.1-2 Inorganic fert N2O'!A1", "5.1.1.1-2 Inorganic fert N2O") -> 5.1.1.1-2 Inorganic fert N2O
A39: =HYPERLINK("#'5.1.1.3-4 Inorganic fert CO2'!A1", "5.1.1.3-4 Inorganic fert CO2") -> 5.1.1.3-4 Inorganic fert CO2 | D39: Variable | E39: M_jm5T1
A40: =HYPERLINK("#'5.2.1.1-2 Organic Fert N2O'!A1", "5.2.1.1-2 Organic Fert N2O") -> 5.2.1.1-2 Organic Fert N2O | D40: Unit | E40: kg CH4/head/day | M40: NOTE: Drylot MCF is state based
A41: =HYPERLINK("#'5.3.1.1-2 Lime CO2'!A1", "5.3.1.1-2 Lime CO2") -> 5.3.1.1-2 Lime CO2
A42: =HYPERLINK("#'5.4.1.1-4 Atmos deposition'!A1", "5.4.1.1-4 Atmos deposition") -> 5.4.1.1-4 Atmos deposition | D42: VS_j | E42: volatile solid production from feedlot cattle in each group | G42: kg/head/day | H42: Calculated from 4.1.1.1 (5) | I42: {=HYPERLINK(Common_InputFunctions.Utility_SourceHyperlink($D$27),$D$27)} -> M1_Table_VS_j | M42: VS_j | N42: volatile solid production from feedlot cattle in each group | P42: kg/head/day | Q42: Calculated from 4.1.1.1 (5) | R42: {=HYPERLINK(Common_InputFunctions.Utility_SourceHyperlink($D$27),$D$27)} -> M1_Table_VS_j
A43: =HYPERLINK("#'5.5.1.1-2 Leaching and runoff'!A1", "5.5.1.1-2 Leaching and runoff") -> 5.5.1.1-2 Leaching and runoff | D43: BO | E43: emissions potential | G43: m3 CH4/kg VS | H43: Constant | I43: =SourceData_Feedlot_MethaneEmissionsPotential_Data -> 0.19 | M43: BO | N43: emissions potential | P43: m3 CH4/kg VS | Q43: Constant | R43: =SourceData_Feedlot_MethaneEmissionsPotential_Data -> 0.19
D44: MMS_m5T1 | E44: fraction of manure in primary system drylot MMS | G44: fraction | H44: Input | I44: {=HYPERLINK(Common_InputFunctions.Utility_SourceHyperlink($D$49),$D$49)} -> Table_MMS_m-5_T-1 | M44: MMS_m5T1 | N44: fraction of manure in primary system drylot MMS | P44: fraction | Q44: Input | R44: {=HYPERLINK(Common_InputFunctions.Utility_SourceHyperlink($D$49),$D$49)} -> Table_MMS_m-5_T-1
D45: MCF_im5 | E45: methane conversion factor for state and drylot system | G45: fraction | H45: Constant | I45: =HLOOKUP(I47, Table_SourceData_Feedlot_MCF[#All], 2, FALSE) -> 0.01 | M45: MCF_im5 | N45: methane conversion factor for state and drylot system | P45: fraction | Q45: Constant | R45: =HLOOKUP(I47, Table_SourceData_Feedlot_MCF[#All], 2, FALSE) -> 0.01
A46: APPENDICES | D46: rho | E46: density of methane | G46: kg/m3 | H46: Constant | I46: =Common_SourceData_DensityOfMethane_Data -> 0.6784 | M46: rho | N46: density of methane | P46: kg/m3 | Q46: Constant | R46: =Common_SourceData_DensityOfMethane_Data -> 0.6784
A47: =HYPERLINK("#'Constants - Feedlot'!A1", "Constants - Feedlot") -> Constants - Feedlot | D47: i | E47: state | H47: Input | I47: =Common_InputFunctions.Utility_LookupValueInTable(X_Cell_Site_State,Table_AustralianStates[Common Name],Table_AustralianStates[Abbreviation]) -> WA | M47: i | N47: state | Q47: Input | R47: =Common_InputFunctions.Utility_LookupValueInTable(X_Cell_Site_State,Table_AustralianStates[Common Name],Table_AustralianStates[Abbreviation]) -> WA
A48: =HYPERLINK("#'Constants - Common livestock'!A1", "Constants - Common Livestock") -> Constants - Common Livestock
A49: =HYPERLINK("#'Constants - Electricity'!A1", "Constants - Electricity") -> Constants - Electricity | D49: Table_MMS_m-5_T-1
A50: =HYPERLINK("#'Constants - Fertiliser'!A1", "Constants - Fertiliser") -> Constants - Fertiliser | D50: Fraction of manure in primary system drylot
A51: =HYPERLINK("#'Constants - Fuel'!A1", "Constants - Fuel") -> Constants - Fuel | D51: Stage 1 MMS | E51: Domestic | F51: Mid-fed | G51: Long-fed
A52: =HYPERLINK("#'Constants - Scope 3'!A1", "Constants - Scope 3") -> Constants - Scope 3 | D52: =INDEX(X_Table_Feedlot_MMS_Stage1,2,1) -> Drylot (feed pad) | E52: {=OFFSET(X_Table_Feedlot_MMS_Stage1, 1,1,1,3)} -> 1 | F52: 1 | G52: 1 | H52: fraction
A53: =HYPERLINK("#'Constants - Solid Waste'!A1", "Constants - Solid Waste") -> Constants - Solid Waste
A54: =HYPERLINK("#'Constants - Common'!A1", "Constants - Common") -> Constants - Common | D54: M1_Table_M_j_m-5_T-1 | M54: M2_Table_M_j_m-5_T-1
A55: =HYPERLINK("#'Acknowledgements'!A1", "Acknowledgements") -> Acknowledgements | D55: Production of methane stage 1 MMS (Method 1) | M55: Production of methane stage 1 MMS (Method 2)
D56: Stage 1 MMS | E56: Domestic | F56: Mid-fed | G56: Long-fed | M56: Stage 1 MMS | N56: Domestic | O56: Mid-fed | P56: Long-fed
D57: =INDEX(X_Table_Feedlot_MMS_Stage1,2,1) -> Drylot (feed pad) | E57: =(_xlfn.LET(_xlpm.MCF_im5, IF(ISNUMBER($I$45), $I$45, 0), D30 * $I$43 * E52 * _xlpm.MCF_im5 * $I$46)) -> 0.0021394674 | F57: =(_xlfn.LET(_xlpm.MCF_im5, IF(ISNUMBER($I$45), $I$45, 0), E30 * $I$43 * F52 * _xlpm.MCF_im5 * $I$46)) -> 0.0022217546 | G57: =(_xlfn.LET(_xlpm.MCF_im5, IF(ISNUMBER($I$45), $I$45, 0), F30 * $I$43 * G52 * _xlpm.MCF_im5 * $I$46)) -> 0.0016868877 | H57: =$E$40 -> kg CH4/head/day | M57: =INDEX(X_Table_Feedlot_MMS_Stage1,2,1) -> Drylot (feed pad) | N57: =(_xlfn.LET(_xlpm.MCF_im5, IF(ISNUMBER($I$45), $I$45, 0), M30 * $I$43 * E52 * _xlpm.MCF_im5 * $I$46)) -> 0.0021394674 | O57: =(_xlfn.LET(_xlpm.MCF_im5, IF(ISNUMBER($I$45), $I$45, 0), N30 * $I$43 * F52 * _xlpm.MCF_im5 * $I$46)) -> 0.0022217546 | P57: =(_xlfn.LET(_xlpm.MCF_im5, IF(ISNUMBER($I$45), $I$45, 0), O30 * $I$43 * G52 * _xlpm.MCF_im5 * $I$46)) -> 0.0016868877 | Q57: =$E$40 -> kg CH4/head/day
D58: =IF(ISNUMBER($I$45),"", "⚠️ ALERT: No MCFim5 data provided. Zero is used instead.")
D61: Production of methane in treatment stage 2 MMS
D62: VEERG 2026: 4.1.1.1, Equation (3)
A66: =HYPERLINK("#A1", "▲ Back to top") -> ▲ Back to top | D66: Variable | E66: M_jmT2
D67: Unit | E67: kg CH4/head/day
D69: VSL | E69: fraction of volatile solids lost during storage in the primary system | G69: fraction | H69: Constant | I69: =SourceData_Feedlot_VSL_Data -> 0.5 | M69: VSL | N69: fraction of volatile solids lost during storage in the primary system | P69: fraction | Q69: Constant
D70: VS_j | E70: volatile solid production from feedlot cattle in each group | G70: kg/head/day | H70: Calculated from 4.1.1.1 (5) | I70: {=HYPERLINK(Common_InputFunctions.Utility_SourceHyperlink($D$27),$D$27)} -> M1_Table_VS_j | M70: VS_j | N70: volatile solid production from feedlot cattle in each group | P70: kg/head/day | Q70: Calculated from 4.1.1.1 (5)
D71: BO | E71: emissions potential | G71: m3 CH4/kg VS | H71: Constant | I71: =SourceData_Feedlot_MethaneEmissionsPotential_Data -> 0.19 | M71: BO | N71: emissions potential | P71: m3 CH4/kg VS | Q71: Constant
D72: MMS_mT2 | E72: fraction of manure in each secondary system | G72: fraction | H72: Input | I72: {=HYPERLINK(Common_InputFunctions.Utility_SourceHyperlink($D$77),$D$77)} -> Table_MMS_m_T-2 | M72: MMS_mT2 | N72: fraction of manure in each secondary system | P72: fraction | Q72: Input
D73: MCF_im | E73: methane conversion factor for state and MMS | G73: fraction | H73: Constant | I73: {=HYPERLINK(Common_InputFunctions.Utility_SourceHyperlink($D$84),$D$84)} -> M1_Table_MCF_i_m | M73: MCF_im | N73: methane conversion factor for mean annual temperature and MMS | P73: fraction | Q73: Constant | R73: {=HYPERLINK(Common_InputFunctions.Utility_SourceHyperlink($M$84),$M$84)} -> M2_Table_MCF_i_m
D74: rho | E74: density of methane | G74: kg/m3 | H74: Constant | I74: =Common_SourceData_DensityOfMethane_Data -> 0.6784 | M74: rho | N74: density of methane | P74: kg/m3 | Q74: Constant
D75: i | E75: state | H75: Input | I75: =Common_InputFunctions.Utility_LookupValueInTable(X_Cell_Site_State,Table_AustralianStates[Common Name],Table_AustralianStates[Abbreviation]) -> WA | M75: i | N75: Mean annual temperature | Q75: Input | R75: =X_Cell_Site_AverageTemperature -> 18
D77: Table_MMS_m_T-2
D78: Fraction of manure sent to stage 2 MMS
D79: Stage 1 MMS | E79: Stage 2 MMS | F79: Domestic | G79: Mid-fed | H79: Long-fed
D80: Drylot (feed pad) | E80: {=OFFSET(X_Table_Feedlot_MMS_Stage2,2, 0, 3, 4)} -> Solid storage | F80: 0.2 | G80: 0.2 | H80: 0.2 | I80: =G72 -> fraction
D81: Drylot (feed pad) | E81: Composting (passive windrow) | F81: 0.2 | G81: 0.2 | H81: 0.2
D82: Drylot (feed pad) | E82: Direct application | F82: 0.6 | G82: 0.6 | H82: 0.6
D84: M1_Table_MCF_i_m | M84: M2_Table_MCF_i_m
D85: Methane conversion factor for state and MMS (Method 1) | M85: Methane conversion factor for state and MMS (Method 2)
D86: Stage 1 MMS | E86: Stage 2 MMS | F86: MCFim | M86: Stage 1 MMS | N86: Stage 2 MMS | O86: MCFim
D87: Drylot (feed pad) | E87: =INDEX(X_Table_Feedlot_MMS_Stage2,3,1) -> Solid storage | F87: {=_xlfn.XLOOKUP($I$75, Table_SourceData_Feedlot_MCF[#Headers], _xlfn.XLOOKUP(E87, Table_SourceData_Feedlot_MCF[NIR definition], Table_SourceData_Feedlot_MCF[#Data]))} -> 0.02 | G87: =G73 -> fraction | M87: =INDEX(X_Table_Feedlot_MMS_Stage1,2,1) -> Drylot (feed pad) | N87: =INDEX(X_Table_Feedlot_MMS_Stage2,3,1) -> Solid storage | O87: =Common_InputFunctions.Common_GetMCFTemperatureZone($R$75,N87,Table_SourceData_Common_MCFTemperatureZone[MAT (ºC)],Table_SourceData_Common_MCFTemperatureZone[#Headers],Table_SourceData_Common_MCFTemperatureZone[#Data]) -> 0.02 | P87: =P73 -> fraction
D88: Drylot (feed pad) | E88: =INDEX(X_Table_Feedlot_MMS_Stage2,4,1) -> Composting (passive windrow) | F88: {=_xlfn.XLOOKUP($I$75, Table_SourceData_Feedlot_MCF[#Headers], _xlfn.XLOOKUP(E88, Table_SourceData_Feedlot_MCF[NIR definition], Table_SourceData_Feedlot_MCF[#Data]))} -> 0.01 | M88: =INDEX(X_Table_Feedlot_MMS_Stage1,2,1) -> Drylot (feed pad) | N88: =INDEX(X_Table_Feedlot_MMS_Stage2,4,1) -> Composting (passive windrow) | O88: =Common_InputFunctions.Common_GetMCFTemperatureZone($R$75,N88,Table_SourceData_Common_MCFTemperatureZone[MAT (ºC)],Table_SourceData_Common_MCFTemperatureZone[#Headers],Table_SourceData_Common_MCFTemperatureZone[#Data]) -> 0.01
D89: Drylot (feed pad) | E89: =INDEX(X_Table_Feedlot_MMS_Stage2,5,1) -> Direct application | F89: {=_xlfn.XLOOKUP($I$75, Table_SourceData_Feedlot_MCF[#Headers], _xlfn.XLOOKUP(E89, Table_SourceData_Feedlot_MCF[NIR definition], Table_SourceData_Feedlot_MCF[#Data]))} -> 0 | M89: =INDEX(X_Table_Feedlot_MMS_Stage1,2,1) -> Drylot (feed pad) | N89: =INDEX(X_Table_Feedlot_MMS_Stage2,5,1) -> Direct application | O89: =Common_InputFunctions.Common_GetMCFTemperatureZone($R$75,N89,Table_SourceData_Common_MCFTemperatureZone[MAT (ºC)],Table_SourceData_Common_MCFTemperatureZone[#Headers],Table_SourceData_Common_MCFTemperatureZone[#Data]) -> 0
D91: Note: Manure that is directly applied to soils after it is scraped from the feed pad is calculated as having zero methane emissions.
D93: M1_Table_M_j_m_T-2 | M93: M2_Table_M_j_m_T-2
D94: Production of methane in stage 2 MMS (Method 1) | M94: Production of methane in stage 2 MMS (Method 2)
D95: Stage 2 MMS | E95: Domestic | F95: Mid-fed | G95: Long-fed | M95: Stage 2 MMS | N95: Domestic | O95: Mid-fed | P95: Long-fed
A96: =HYPERLINK("#A1", "▲ Back to top") -> ▲ Back to top | D96: =INDEX(X_Table_Feedlot_MMS_Stage2,3,1) -> Solid storage | E96: =((1 - $I$69) * D$30 * $I$71 * F80 * (_xlfn.XLOOKUP($D96,$E$87:$E$89,$F$87:$F$89)) * $I$74) -> 0.00042789347 | F96: =((1 - $I$69) * E$30 * $I$71 * G80 * (_xlfn.XLOOKUP($D96,$E$87:$E$89,$F$87:$F$89)) * $I$74) -> 0.00044435091 | G96: =((1 - $I$69) * F$30 * $I$71 * H80 * (_xlfn.XLOOKUP($D96,$E$87:$E$89,$F$87:$F$89)) * $I$74) -> 0.00033737755 | H96: =$E$67 -> kg CH4/head/day | M96: =INDEX(X_Table_Feedlot_MMS_Stage2,3,1) -> Solid storage | N96: =((1 - $I$69) * M$30 * $I$71 * F80 * (_xlfn.XLOOKUP($M96,$N$87:$N$89,$O$87:$O$89)) * $I$74) -> 0.00042789347 | O96: =((1 - $I$69) * N$30 * $I$71 * G80 * (_xlfn.XLOOKUP($M96,$N$87:$N$89,$O$87:$O$89)) * $I$74) -> 0.00044435091 | P96: =((1 - $I$69) * O$30 * $I$71 * H80 * (_xlfn.XLOOKUP($M96,$N$87:$N$89,$O$87:$O$89)) * $I$74) -> 0.00033737755 | Q96: =$E$67 -> kg CH4/head/day
D97: =INDEX(X_Table_Feedlot_MMS_Stage2,4,1) -> Composting (passive windrow) | E97: =((1 - $I$69) * D$30 * $I$71 * F81 * (_xlfn.XLOOKUP($D97,$E$87:$E$89,$F$87:$F$89)) * $I$74) -> 0.00021394674 | F97: =((1 - $I$69) * E$30 * $I$71 * G81 * (_xlfn.XLOOKUP($D97,$E$87:$E$89,$F$87:$F$89)) * $I$74) -> 0.00022217546 | G97: =((1 - $I$69) * F$30 * $I$71 * H81 * (_xlfn.XLOOKUP($D97,$E$87:$E$89,$F$87:$F$89)) * $I$74) -> 0.00016868877 | M97: =INDEX(X_Table_Feedlot_MMS_Stage2,4,1) -> Composting (passive windrow) | N97: =((1 - $I$69) * M$30 * $I$71 * F81 * (_xlfn.XLOOKUP($M97,$N$87:$N$89,$O$87:$O$89)) * $I$74) -> 0.00021394674 | O97: =((1 - $I$69) * N$30 * $I$71 * G81 * (_xlfn.XLOOKUP($M97,$N$87:$N$89,$O$87:$O$89)) * $I$74) -> 0.00022217546 | P97: =((1 - $I$69) * O$30 * $I$71 * H81 * (_xlfn.XLOOKUP($M97,$N$87:$N$89,$O$87:$O$89)) * $I$74) -> 0.00016868877
D98: =INDEX(X_Table_Feedlot_MMS_Stage2,5,1) -> Direct application | E98: =((1 - $I$69) * D$30 * $I$71 * F82 * (_xlfn.XLOOKUP($D98,$E$87:$E$89,$F$87:$F$89)) * $I$74) -> 0 | F98: =((1 - $I$69) * E$30 * $I$71 * G82 * (_xlfn.XLOOKUP($D98,$E$87:$E$89,$F$87:$F$89)) * $I$74) -> 0 | G98: =((1 - $I$69) * F$30 * $I$71 * H82 * (_xlfn.XLOOKUP($D98,$E$87:$E$89,$F$87:$F$89)) * $I$74) -> 0 | M98: =INDEX(X_Table_Feedlot_MMS_Stage2,5,1) -> Direct application | N98: =((1 - $I$69) * M$30 * $I$71 * F82 * (_xlfn.XLOOKUP($M98,$N$87:$N$89,$O$87:$O$89)) * $I$74) -> 0 | O98: =((1 - $I$69) * N$30 * $I$71 * G82 * (_xlfn.XLOOKUP($M98,$N$87:$N$89,$O$87:$O$89)) * $I$74) -> 0 | P98: =((1 - $I$69) * O$30 * $I$71 * H82 * (_xlfn.XLOOKUP($M98,$N$87:$N$89,$O$87:$O$89)) * $I$74) -> 0
D102: Production of methane in treatment stage 3 MMS
D103: VEERG 2026: 4.1.1.1, Equation (4)
D107: Variable | E107: M_jm1T3
D108: Unit | E108: kg CH4/head/day
D110: VS_j | E110: volatile solid production from feedlot cattle in each group j | G110: kg/head/day | H110: Calculated from 4.1.1.1 (5) | I110: {=HYPERLINK(Common_InputFunctions.Utility_SourceHyperlink($D$27),$D$27)} -> M1_Table_VS_j | M110: VS_j | N110: volatile solid production from feedlot cattle in each group j | P110: kg/head/day | Q110: Calculated from 4.1.1.1 (5)
D111: BO | E111: emissions potential | G111: m3 CH4/kg VS | H111: Constant | I111: =SourceData_Feedlot_MethaneEmissionsPotential_Data -> 0.19 | M111: BO | N111: emissions potential | P111: m3 CH4/kg VS | Q111: Constant
D112: MMS_m1T3 | E112: fraction of manure to tertiary anaerobic lagoon system | G112: fraction | H112: Input | I112: {=HYPERLINK(Common_InputFunctions.Utility_SourceHyperlink($D$117),$D$117)} -> Table_MMS_m-1_T-3 | M112: MMS_m1T3 | N112: fraction of manure to tertiary anaerobic lagoon system | P112: fraction | Q112: Input | R112: {=HYPERLINK(Common_InputFunctions.Utility_SourceHyperlink($D$117),$D$117)} -> Table_MMS_m-1_T-3
D113: MCF_im1 | E113: methane conversion factor for state and anaerobic lagoon system | G113: fraction | H113: Constant | I113: =HLOOKUP(I115, Table_SourceData_Feedlot_MCF[#All], 6, FALSE) -> 0.77 | M113: MCF_im1 | N113: methane conversion factor for mean annual temperature and anaerobic lagoon system | P113: fraction | Q113: Constant | R113: =Common_InputFunctions.Common_GetMCFTemperatureZone(R115,M125,Table_SourceData_Common_MCFTemperatureZone[MAT (ºC)],Table_SourceData_Common_MCFTemperatureZone[#Headers],Table_SourceData_Common_MCFTemperatureZone[#Data]) -> 0.77
D114: rho | E114: density of methane | G114: kg/m3 | H114: Constant | I114: =Common_SourceData_DensityOfMethane_Data -> 0.6784 | M114: rho | N114: density of methane | P114: kg/m3 | Q114: Constant
D115: i | E115: state | H115: Input | I115: =Common_InputFunctions.Utility_LookupValueInTable(X_Cell_Site_State,Table_AustralianStates[Common Name],Table_AustralianStates[Abbreviation]) -> WA | M115: i | N115: Mean annual temperature | Q115: Input | R115: =X_Cell_Site_AverageTemperature -> 18
D117: Table_MMS_m-1_T-3
D118: Fraction of manure sent to tertiary MMS
D119: Stage 3 MMS | E119: Domestic | F119: Mid-fed | G119: Long-fed
D120: {=OFFSET(X_Table_Feedlot_MMS_Stage3,2,0,1,4)} -> Anaerobic lagoon | E120: 0.02 | F120: 0.02 | G120: 0.02 | H120: =G112 -> fraction
...

Sheet 4.1.1.3-4 Direct N20
A1: #VALUE! | C1: 4.1.1.3-4 Manure Direct N2O
A3: =HYPERLINK("#'Home'!A1", "Home") -> Home | D3: Method 1 | O3: Method 2
A4: =HYPERLINK("#'Results - Activity period'!A1", "Results - Activity period") -> Results - Activity period
A5: =HYPERLINK("#'Results - Product EI'!A1", "Results - Product Emissions Intensity") -> Results - Product Emissions Intensity | D5: Nitrogen intake of feedlot cattle
D6: VEERG 2026: 4.1.1.3, Equation (5)
D7: Formula name
A8: INPUTS
A9: =HYPERLINK("#'Input - Enterprise'!A1", "Enterprise") -> Enterprise
A10: =HYPERLINK("#'Input - Site'!A1", "Site") -> Site | D10: Variable | E10: NI_j
A11: =HYPERLINK("#'Input - Feedlot'!A1", "Feedlot") -> Feedlot | D11: Unit | E11: kg N/head/day
A12: =HYPERLINK("#'Input - Livestock sales'!A1", "Livestock sales") -> Livestock sales
A13: =HYPERLINK("#'Input - Beef cattle purchases'!A1", "Beef cattle purchases") -> Beef cattle purchases | D13: I_j | E13: dry matter intake | G13: kg DM/head/day | H13: Input | I13: {=HYPERLINK(Common_InputFunctions.Utility_SourceHyperlink($D$17),$D$17)} -> M1_Table_I_j
A14: =HYPERLINK("#'Input - Fuel'!A1", "Fuel") -> Fuel | D14: CP_j | E14: crude protein content of feed | G14: fraction | H14: Input | I14: {=HYPERLINK(Common_InputFunctions.Utility_SourceHyperlink($D$22),$D$22)} -> M1_Table_CP_j
A15: =HYPERLINK("#'Input - Electricity'!A1", "Electricity") -> Electricity | D15: 6.25 | E15: factor for converting crude protein into nitrogen | G15: ratio | H15: Constant | I15: =D15 -> 6.25
A16: =HYPERLINK("#'Input - Common farm inputs'!A1", "Common farm inputs") -> Common farm inputs
A17: =HYPERLINK("#'Input - Livestock farm Inputs'!A1", "Livestock farm Inputs") -> Livestock farm Inputs | D17: M1_Table_I_j | O17: M2_Table_I_j
A18: =HYPERLINK("#'Input - Freight'!A1", "Freight") -> Freight | D18: Dry matter intake (Method 1) | O18: Dry matter intake (Method 2)
A19: =HYPERLINK("#'Input - Solid waste'!A1", "Solid waste") -> Solid waste | D19: Domestic | E19: Mid-fed | F19: Long-fed | O19: Domestic | P19: Mid-fed | Q19: Long-fed
A20: =HYPERLINK("#'Input - Manure sent off-site'!A1", "Manure sent off-site") -> Manure sent off-site | D20: {=OFFSET(X_Table_Feedlot_Intake_Method1,1,1,1,3)} -> 10.4 | E20: 10.8 | F20: 8.2 | G20: kg DM/head/day | O20: {=OFFSET(X_Table_Feedlot_Intake_Method2,1,1,1,3)} -> 10.4 | P20: 10.8 | Q20: 8.2 | R20: kg DM/head/day
A21: =HYPERLINK("#'Input - Data quality'!A1", "Data quality") -> Data quality
A22: =HYPERLINK("#'Input - Fert Prod System'!A1", "Fert Prod System") -> Fert Prod System | D22: M1_Table_CP_j | O22: M2_Table_CP_j
A23: =HYPERLINK("#'Input - Fertiliser'!A1", "Fertiliser") -> Fertiliser | D23: Crude protein content of feed (Method 1) | O23: Crude protein content of feed (Method 2)
D24: Domestic | E24: Mid-fed | F24: Long-fed | O24: Domestic | P24: Mid-fed | Q24: Long-fed
D25: {=OFFSET(X_Table_Feedlot_Intake_Method1,5,1,1,3)} -> 0.14 | E25: 0.12 | F25: 0.12 | G25: fraction | O25: {=OFFSET(X_Table_Feedlot_Intake_Method2,5,1,1,3)} -> 0.14 | P25: 0.12 | Q25: 0.12 | R25: fraction
A26: CALCULATIONS
A27: =HYPERLINK("#'3.1.1.1-2 Enteric Methane'!A1", "3.1.1.1-2 Enteric Methane") -> 3.1.1.1-2 Enteric Methane | D27: M1_Table_NI_j | O27: M2_Table_NI_j
A28: =HYPERLINK("#'4.1.1.1-2 Methane'!A1", "4.1.1.1-2 Manure Methane") -> 4.1.1.1-2 Manure Methane | D28: Nitrogen intake (Method 1) | O28: Nitrogen intake (Method 2)
A29: =HYPERLINK("#'4.1.1.3-4 Direct N20'!A1", "4.1.1.3-4 Manure Direct N2O") -> 4.1.1.3-4 Manure Direct N2O | D29: Domestic | E29: Mid-fed | F29: Long-fed | O29: Domestic | P29: Mid-fed | Q29: Long-fed
A30: =HYPERLINK("#'4.1.1.5-6 Atmos Deposition'!A1", "4.1.1.5-6 Manure Atmos Dep") -> 4.1.1.5-6 Manure Atmos Dep | D30: =(D20 * D25 / 6.25) -> 0.23296 | E30: =(E20 * E25 / 6.25) -> 0.20736 | F30: =(F20 * F25 / 6.25) -> 0.15744 | G30: =$E$11 -> kg N/head/day | O30: =(O20 * O25 / 6.25) -> 0.23296 | P30: =(P20 * P25 / 6.25) -> 0.20736 | Q30: =(Q20 * Q25 / 6.25) -> 0.15744 | R30: =$E$11 -> kg N/head/day
A31: =HYPERLINK("#'4.1.1.9 Manure applied to soils'!A1", "4.1.1.9 Manure applied to soils") -> 4.1.1.9 Manure applied to soils
A32: =HYPERLINK("#'8.1.1.1-2 Transport fuel'!A1", "8.1.1.1-2 Transport fuel") -> 8.1.1.1-2 Transport fuel
A33: =HYPERLINK("#'8.2.1.1-2 Stationary fuel'!A1", "8.2.1.1-2 Stationary fuel") -> 8.2.1.1-2 Stationary fuel
A34: =HYPERLINK("#'10.1.1-2 Solid waste treatment'!A1", "10.1.1.1-2 Solid waste") -> 10.1.1.1-2 Solid waste | D34: Nitrogen excretion per head per day
A35: =HYPERLINK("#'14.1.1-2 Purchased electricity'!A1", "14.1.1-2 Purchased electricity") -> 14.1.1-2 Purchased electricity | D35: VEERG 2026: 4.1.1.3, Equation (4)
A36: =HYPERLINK("#'15 Scope 3'!A1", "15 Scope 3") -> 15 Scope 3
A37: =HYPERLINK("#'Calcs - Manure sent off-site'!A1", "Calcs - Manure sent off-site") -> Calcs - Manure sent off-site
A38: =HYPERLINK("#'5.1.1.1-2 Inorganic fert N2O'!A1", "5.1.1.1-2 Inorganic fert N2O") -> 5.1.1.1-2 Inorganic fert N2O
A39: =HYPERLINK("#'5.1.1.3-4 Inorganic fert CO2'!A1", "5.1.1.3-4 Inorganic fert CO2") -> 5.1.1.3-4 Inorganic fert CO2
A40: =HYPERLINK("#'5.2.1.1-2 Organic Fert N2O'!A1", "5.2.1.1-2 Organic Fert N2O") -> 5.2.1.1-2 Organic Fert N2O | D40: Variable | E40: NE_j
A41: =HYPERLINK("#'5.3.1.1-2 Lime CO2'!A1", "5.3.1.1-2 Lime CO2") -> 5.3.1.1-2 Lime CO2 | D41: Unit | E41: kg N/head/day
A42: =HYPERLINK("#'5.4.1.1-4 Atmos deposition'!A1", "5.4.1.1-4 Atmos deposition") -> 5.4.1.1-4 Atmos deposition
A43: =HYPERLINK("#'5.5.1.1-2 Leaching and runoff'!A1", "5.5.1.1-2 Leaching and runoff") -> 5.5.1.1-2 Leaching and runoff | D43: NI_j | E43: nitrogen intake | G43: kg N/head/day | H43: Calculated from 4.1.1.3 (5) | I43: {=HYPERLINK(Common_InputFunctions.Utility_SourceHyperlink($D$27),$D$27)} -> M1_Table_NI_j
