Workbook
Name _Toc225350871: '5.4.1.1-4 Atmos deposition'!$C$1
Name _Toc225350871: '5.5.1.1-2 Leaching and runoff'!$C$1
Name AgResidue_Equations_FieldBurning.VEERG_6_4_1_1__1__MethaneEmissionsFromBurningOfCropResidues: _xlfn.LAMBDA(_xlpm.Mburnc,_xlpm.CCc,_xlpm.EFCH4,_xlpm.C_CH4, _xlpm.Mburnc * _xlpm.CCc * _xlpm.EFCH4 * _xlpm.C_CH4 * 10 ^ (-3))
Name AgResidue_Equations_FieldBurning.VEERG_6_4_1_1__1__MethaneEmissionsFromBurningOfCropResidues_FunctionName: _xlfn.LAMBDA("VEERG_6_4_1_1__1__MethaneEmissionsFromBurningOfCropResidues")
Name AgResidue_Equations_FieldBurning.VEERG_6_4_1_1__1__MethaneEmissionsFromBurningOfCropResidues_LatexEquation: _xlfn.LAMBDA("E_{CH4}=\sum_{c}(M_{burn,c}\times CC_{c}\times EF_{CH4}\times C_{CH4}\times 10^{-3})")
Name AgResidue_Equations_FieldBurning.VEERG_6_4_1_1__1__MethaneEmissionsFromBurningOfCropResidues_NIRReference: _xlfn.LAMBDA("")
Name AgResidue_Equations_FieldBurning.VEERG_6_4_1_1__1__MethaneEmissionsFromBurningOfCropResidues_Source: _xlfn.LAMBDA("VEERG 2026: 6.4.1.1, Equation (1)")
Name AgResidue_Equations_FieldBurning.VEERG_6_4_1_1__1__MethaneEmissionsFromBurningOfCropResidues_Title: _xlfn.LAMBDA("Methane emissions from the burning of crop residues")
Name AgResidue_Equations_FieldBurning.VEERG_6_4_1_1__1__MethaneEmissionsFromBurningOfCropResidues_Unit: _xlfn.LAMBDA("t CH4")
Name AgResidue_Equations_FieldBurning.VEERG_6_4_1_1__1__MethaneEmissionsFromBurningOfCropResidues_Variable: _xlfn.LAMBDA("ECH4")
Name AgResidue_Equations_FieldBurning.VEERG_6_4_1_1__2__NitrousOxideEmissionsFromBurningOfCropResidues: _xlfn.LAMBDA(_xlpm.Mburnc,_xlpm.NCAGc,_xlpm.EFN2O,_xlpm.CN2O, _xlpm.Mburnc * _xlpm.NCAGc * _xlpm.EFN2O * _xlpm.CN2O * 10 ^ (-3))
Name AgResidue_Equations_FieldBurning.VEERG_6_4_1_1__2__NitrousOxideEmissionsFromBurningOfCropResidues_FunctionName: _xlfn.LAMBDA("VEERG_6_4_1_1__2__NitrousOxideEmissionsFromBurningOfCropResidues")
Name AgResidue_Equations_FieldBurning.VEERG_6_4_1_1__2__NitrousOxideEmissionsFromBurningOfCropResidues_LatexEquation: _xlfn.LAMBDA("E_{N2O}=\sum_{c}(M_{burn,c}\times NC_{AGc}\times EF_{N2O}\times C_{N2O}\times 10^{-3})")
Name AgResidue_Equations_FieldBurning.VEERG_6_4_1_1__2__NitrousOxideEmissionsFromBurningOfCropResidues_NIRReference: _xlfn.LAMBDA("")
Name AgResidue_Equations_FieldBurning.VEERG_6_4_1_1__2__NitrousOxideEmissionsFromBurningOfCropResidues_Source: _xlfn.LAMBDA("VEERG 2026: 6.4.1.1, Equation (2)")
Name AgResidue_Equations_FieldBurning.VEERG_6_4_1_1__2__NitrousOxideEmissionsFromBurningOfCropResidues_Title: _xlfn.LAMBDA("Nitrous oxide emissions from the burning of crop residues")
Name AgResidue_Equations_FieldBurning.VEERG_6_4_1_1__2__NitrousOxideEmissionsFromBurningOfCropResidues_Unit: _xlfn.LAMBDA("t N2O")
Name AgResidue_Equations_FieldBurning.VEERG_6_4_1_1__2__NitrousOxideEmissionsFromBurningOfCropResidues_Variable: _xlfn.LAMBDA("EN2O")
Name AgResidue_Equations_FieldBurning.VEERG_6_4_1_1__3__MassOfCropResidueBurnt: _xlfn.LAMBDA(_xlpm.Pc,_xlpm.RAGc,_xlpm.Sc,_xlpm.DMc,_xlpm.Zc,_xlpm.Fc, _xlpm.Pc * _xlpm.RAGc * _xlpm.Sc * _xlpm.DMc * _xlpm.Zc * _xlpm.Fc)
Name AgResidue_Equations_FieldBurning.VEERG_6_4_1_1__3__MassOfCropResidueBurnt_FunctionName: _xlfn.LAMBDA("VEERG_6_4_1_1__3__MassOfCropResidueBurnt")
Name AgResidue_Equations_FieldBurning.VEERG_6_4_1_1__3__MassOfCropResidueBurnt_LatexEquation: _xlfn.LAMBDA("M_{burn,c}=P_{c}\times R_{AGc}\times S_{c}\times DM_{c}\times Z_{c}\times F_{c}")
Name AgResidue_Equations_FieldBurning.VEERG_6_4_1_1__3__MassOfCropResidueBurnt_NIRReference: _xlfn.LAMBDA("")
Name AgResidue_Equations_FieldBurning.VEERG_6_4_1_1__3__MassOfCropResidueBurnt_Source: _xlfn.LAMBDA("VEERG 2026: 6.4.1.1, Equation (3)")
Name AgResidue_Equations_FieldBurning.VEERG_6_4_1_1__3__MassOfCropResidueBurnt_Title: _xlfn.LAMBDA("Mass of residue of crop c burnt")
Name AgResidue_Equations_FieldBurning.VEERG_6_4_1_1__3__MassOfCropResidueBurnt_Unit: _xlfn.LAMBDA("kg")
Name AgResidue_Equations_FieldBurning.VEERG_6_4_1_1__3__MassOfCropResidueBurnt_Variable: _xlfn.LAMBDA("Mburnc")
Name AgResidues_Equations_CropResidues.VEERG_6_1_1_1__1__NitrousOxideEmissionsFromCropResidues: _xlfn.LAMBDA(_xlpm.Mc,_xlpm.EFNi,_xlpm.CgN2O, _xlpm.Mc * _xlpm.EFNi * _xlpm.CgN2O * 10 ^ (-3))
Name AgResidues_Equations_CropResidues.VEERG_6_1_1_1__1__NitrousOxideEmissionsFromCropResidues_FunctionName: _xlfn.LAMBDA("VEERG_6_1_1_1__1__NitrousOxideEmissionsFromCropResidues")
Name AgResidues_Equations_CropResidues.VEERG_6_1_1_1__1__NitrousOxideEmissionsFromCropResidues_LatexEquation: _xlfn.LAMBDA("E=\sum_{c}{M_{c}\times EF_{N}\times C_{g,N2O}\times 10^{-3}}")
Name AgResidues_Equations_CropResidues.VEERG_6_1_1_1__1__NitrousOxideEmissionsFromCropResidues_NIRReference: _xlfn.LAMBDA("")
Name AgResidues_Equations_CropResidues.VEERG_6_1_1_1__1__NitrousOxideEmissionsFromCropResidues_Source: _xlfn.LAMBDA("VEERG 2026: 6.1.1.1, Equation (1)")
Name AgResidues_Equations_CropResidues.VEERG_6_1_1_1__1__NitrousOxideEmissionsFromCropResidues_Title: _xlfn.LAMBDA("Nitrous oxide emissions from the return of crop residues across all crops c to the soil")
Name AgResidues_Equations_CropResidues.VEERG_6_1_1_1__1__NitrousOxideEmissionsFromCropResidues_Unit: _xlfn.LAMBDA("t N2O")
Name AgResidues_Equations_CropResidues.VEERG_6_1_1_1__1__NitrousOxideEmissionsFromCropResidues_Variable: _xlfn.LAMBDA("E")
Name AgResidues_Equations_CropResidues.VEERG_6_1_1_1__2__MassOfNitrogenInCropResidues_LatexEquation: _xlfn.LAMBDA("M_{c}=(P_{c}\times R_{AGc}\times(1-F_{c}-FFOD_{c})\times DM_{c}\times NC_{AGc})+(P_{c}\times R_{AGc}\times R_{BGc}\times DM_{c}\times NC_{BGc})")
Name AgResidues_Equations_CropResidues.VEERG_6_1_1_1__2__MassOfNitrogenInCropResidues_NIRReference: _xlfn.LAMBDA("")
Name AgResidues_Equations_CropResidues.VEERG_6_1_1_1__2__MassOfNitrogenInCropResidues_Source: _xlfn.LAMBDA("VEERG 2026: 6.1.1.1, Equation (2)")
Name AgResidues_Equations_CropResidues.VEERG_6_1_1_1__2__MassOfNitrogenInCropResidues_Title: _xlfn.LAMBDA("Mass of nitrogen in crop residues returned to the soil")
Name AgResidues_Equations_CropResidues.VEERG_6_1_1_1__2__MassOfNitrogenInCropResidues_Unit: _xlfn.LAMBDA("kg N")
Name AgResidues_Equations_CropResidues.VEERG_6_1_1_1__2__MassOfNitrogenInCropResidues_Variable: _xlfn.LAMBDA("Mc")
Name AgResidues_Equations_CropResidues.VEERG_6_1_1_2__1__FractionOfCropResidueRemovedBaled: _xlfn.LAMBDA(_xlpm.B,_xlpm.MB,_xlpm.Pc,_xlpm.RAGc, IFERROR((_xlpm.B * _xlpm.MB) / (_xlpm.Pc * _xlpm.RAGc), 0))
Name AgResidues_Equations_CropResidues.VEERG_6_1_1_2__1__FractionOfCropResidueRemovedBaled_LatexEquation: _xlfn.LAMBDA("FFOD_{c,baled}=\frac{B\times M_{B}}{P_{c}\times R_{AG,c}}")
Name AgResidues_Equations_CropResidues.VEERG_6_1_1_2__1__FractionOfCropResidueRemovedBaled_NIRReference: _xlfn.LAMBDA("")
Name AgResidues_Equations_CropResidues.VEERG_6_1_1_2__1__FractionOfCropResidueRemovedBaled_Source: _xlfn.LAMBDA("VEERG 2026: 6.1.1.2, Equation (1)")
Name AgResidues_Equations_CropResidues.VEERG_6_1_1_2__1__FractionOfCropResidueRemovedBaled_Title: _xlfn.LAMBDA("Fraction of crop residue that is removed for crop c, calculated where residues are baled")
Name AgResidues_Equations_CropResidues.VEERG_6_1_1_2__1__FractionOfCropResidueRemovedBaled_Unit: _xlfn.LAMBDA("dimensionless")
Name AgResidues_Equations_CropResidues.VEERG_6_1_1_2__1__FractionOfCropResidueRemovedBaled_Variable: _xlfn.LAMBDA("FFODcbaled")
Name AgResidues_Equations_CropResidues.VEERG_6_1_1_2__1__FractionOfCropResidueRemovedBaled_Variation: _xlfn.LAMBDA("VARIATION FROM SOURCE: Added 'baled' to variable subscript")
Name AgResidues_Equations_CropResidues.VEERG_6_1_1_2__1a__FractionOfCropResidueRemoved: _xlfn.LAMBDA(_xlpm.FFODcbaled,_xlpm.FFODcother, _xlpm.FFODcbaled + _xlpm.FFODcother)
Name AgResidues_Equations_CropResidues.VEERG_6_1_1_2__1a__FractionOfCropResidueRemoved_LatexEquation: _xlfn.LAMBDA("FFOD_{c} = FFOD_{c,baled} + FFOD_{c,other}")
Name AgResidues_Equations_CropResidues.VEERG_6_1_1_2__1a__FractionOfCropResidueRemoved_NIRReference: _xlfn.LAMBDA("")
Name AgResidues_Equations_CropResidues.VEERG_6_1_1_2__1a__FractionOfCropResidueRemoved_Source: _xlfn.LAMBDA("")
Name AgResidues_Equations_CropResidues.VEERG_6_1_1_2__1a__FractionOfCropResidueRemoved_Title: _xlfn.LAMBDA("Fraction of crop residue that is removed for crop c")
Name AgResidues_Equations_CropResidues.VEERG_6_1_1_2__1a__FractionOfCropResidueRemoved_Unit: _xlfn.LAMBDA("dimensionless")
Name AgResidues_Equations_CropResidues.VEERG_6_1_1_2__1a__FractionOfCropResidueRemoved_Variable: _xlfn.LAMBDA("FFODc")
Name AgResidues_Equations_CropResidues.VEERG_6_1_1_2__1a__FractionOfCropResidueRemoved_Variation: _xlfn.LAMBDA("VARIATION FROM SOURCE: Added this equation to accommodate user-defined residue removal other than baling.")
Name AgResidues_Equations_Leaching.VEERG_6_3_1_1__1__LeachingAndRunoffEmissionsCropAndPastureResidue: _xlfn.LAMBDA(_xlpm.Mleachcp,_xlpm.EFleach,_xlpm.CgN2O, _xlpm.Mleachcp * _xlpm.EFleach * _xlpm.CgN2O * 10 ^ (-3))
Name AgResidues_Equations_Leaching.VEERG_6_3_1_1__1__LeachingAndRunoffEmissionsCropAndPastureResidue_LatexEquation: _xlfn.LAMBDA("E_{N2O}=\sum_{c}\sum_{p}(M_{leach,cp}\times EF_{leach}\times Cg_{N2O}\times 10^{-3})")
Name AgResidues_Equations_Leaching.VEERG_6_3_1_1__1__LeachingAndRunoffEmissionsCropAndPastureResidue_NIRReference: _xlfn.LAMBDA("")
Name AgResidues_Equations_Leaching.VEERG_6_3_1_1__1__LeachingAndRunoffEmissionsCropAndPastureResidue_Source: _xlfn.LAMBDA("VEERG 2026: 6.3.1.1, Equation (1)")

Sheet Home
A1: #VALUE!
A3: =HYPERLINK("#'Home'!A1", "Home") -> Home
A4: =HYPERLINK("#'Results - Activity period'!A1", "Results - Activity period") -> Results - Activity period
A5: =HYPERLINK("#'Results - Product EI'!A1", "Results - Product Emissions Intensity") -> Results - Product Emissions Intensity
A8: INPUTS
A9: =HYPERLINK("#'Input - Enterprise'!A1", "Enterprise") -> Enterprise
A10: =HYPERLINK("#'Input - Site'!A1", "Site") -> Site
A11: =HYPERLINK("#'Input - Poultry'!A1", "Poultry") -> Poultry
A12: =HYPERLINK("#'Input - Livestock sales'!A1", "Livestock sales") -> Livestock sales
A13: =HYPERLINK("#'Input - Poultry purchases'!A1", "Poultry purchases") -> Poultry purchases
A14: =HYPERLINK("#'Input - Fuel'!A1", "Fuel") -> Fuel
A15: =HYPERLINK("#'Input - Electricity'!A1", "Electricity") -> Electricity
A16: =HYPERLINK("#'Input - Common farm inputs'!A1", "Common farm inputs") -> Common farm inputs
A17: =HYPERLINK("#'Input - Livestock farm Inputs'!A1", "Livestock farm Inputs") -> Livestock farm Inputs
A18: =HYPERLINK("#'Input - Freight'!A1", "Freight") -> Freight
A19: =HYPERLINK("#'Input - Solid waste'!A1", "Solid waste") -> Solid waste
A20: =HYPERLINK("#'Input - Manure sent off-site'!A1", "Manure sent off-site") -> Manure sent off-site
A21: =HYPERLINK("#'Input - Data quality'!A1", "Data quality") -> Data quality
A22: =HYPERLINK("#'Input - Fert Prod System'!A1", "Fert Prod System") -> Fert Prod System
A23: =HYPERLINK("#'Input - Fertiliser'!A1", "Fertiliser") -> Fertiliser
A26: CALCULATIONS
A27: =HYPERLINK("#'4.6.1.1-2 Methane'!A1", "4.6.1.1-2 Manure Methane") -> 4.6.1.1-2 Manure Methane
A28: =HYPERLINK("#'4.6.1.3-4 Direct N20'!A1", "4.6.1.3-4 Manure Direct N2O") -> 4.6.1.3-4 Manure Direct N2O
A29: =HYPERLINK("#'4.6.1.5-6 Atmos Dep'!A1", "4.6.1.5-6 Manure Atmos Dep") -> 4.6.1.5-6 Manure Atmos Dep
A30: =HYPERLINK("#'4.6.1.7-8 Leaching and runoff'!A1", "4.6.1.7-8 Manure Leaching and runoff") -> 4.6.1.7-8 Manure Leaching and runoff
A31: =HYPERLINK("#'4.6.1.9 Manure applied to soils'!A1", "4.6.1.9 Manure applied to soils") -> 4.6.1.9 Manure applied to soils
A32: =HYPERLINK("#'4.6.1.10-11 Soil direct N2O'!A1", "4.6.1.10-11 Soil direct N2O") -> 4.6.1.10-11 Soil direct N2O
A33: =HYPERLINK("#'4.6.1.12-13 Soil atmos dep'!A1", "4.6.1.12-13 Soil atmos dep") -> 4.6.1.12-13 Soil atmos dep
A34: =HYPERLINK("#'4.6.1.14-15 Soil leach runoff'!A1", "4.6.1.14-15 Soil leach runoff") -> 4.6.1.14-15 Soil leach runoff
A35: =HYPERLINK("#'8.1.1.1-2 Transport fuel'!A1", "8.1.1.1-2 Transport fuel") -> 8.1.1.1-2 Transport fuel
A36: =HYPERLINK("#'8.2.1.1-2 Stationary fuel'!A1", "8.2.1.1-2 Stationary fuel") -> 8.2.1.1-2 Stationary fuel
A37: =HYPERLINK("#'10.1.1-2 Solid waste treatment'!A1", "10.1.1.1-2 Solid waste") -> 10.1.1.1-2 Solid waste
A38: =HYPERLINK("#'14.1.1-2 Purchased electricity'!A1", "14.1.1-2 Purchased electricity") -> 14.1.1-2 Purchased electricity
A39: =HYPERLINK("#'15 Scope 3'!A1", "15 Scope 3") -> 15 Scope 3
A40: =HYPERLINK("#'Calcs - Manure sent off-site'!A1", "Calcs - Manure sent off-site") -> Calcs - Manure sent off-site
A41: =HYPERLINK("#'5.1.1.1-2 Inorganic fert N2O'!A1", "5.1.1.1-2 Inorganic fert N2O") -> 5.1.1.1-2 Inorganic fert N2O
A42: =HYPERLINK("#'5.1.1.3-4 Inorganic fert CO2'!A1", "5.1.1.3-4 Inorganic fert CO2") -> 5.1.1.3-4 Inorganic fert CO2
A43: =HYPERLINK("#'5.2.1.1-2 Organic Fert N2O'!A1", "5.2.1.1-2 Organic Fert N2O") -> 5.2.1.1-2 Organic Fert N2O
A44: =HYPERLINK("#'5.3.1.1-2 Lime CO2'!A1", "5.3.1.1-2 Lime CO2") -> 5.3.1.1-2 Lime CO2
A45: =HYPERLINK("#'5.4.1.1-4 Atmos deposition'!A1", "5.4.1.1-4 Atmos deposition") -> 5.4.1.1-4 Atmos deposition
A46: =HYPERLINK("#'5.5.1.1-2 Leaching and runoff'!A1", "5.5.1.1-2 Leaching and runoff") -> 5.5.1.1-2 Leaching and runoff
A49: APPENDICES
A50: =HYPERLINK("#'Constants - Poultry'!A1", "Constants - Poultry") -> Constants - Poultry
A51: =HYPERLINK("#'Constants - Common livestock'!A1", "Constants - Common Livestock") -> Constants - Common Livestock
A52: =HYPERLINK("#'Constants - Electricity'!A1", "Constants - Electricity") -> Constants - Electricity
A53: =HYPERLINK("#'Constants - Fertiliser'!A1", "Constants - Fertiliser") -> Constants - Fertiliser
A54: =HYPERLINK("#'Constants - Fuel'!A1", "Constants - Fuel") -> Constants - Fuel
A55: =HYPERLINK("#'Constants - Scope 3'!A1", "Constants - Scope 3") -> Constants - Scope 3
A56: =HYPERLINK("#'Constants - Solid Waste'!A1", "Constants - Solid Waste") -> Constants - Solid Waste
A57: =HYPERLINK("#'Constants - Common'!A1", "Constants - Common") -> Constants - Common

Sheet Results - Activity period
A1: #VALUE! | C1: Results - Activity period
A3: =HYPERLINK("#'Home'!A1", "Home") -> Home
A4: =HYPERLINK("#'Results - Activity period'!A1", "Results - Activity period") -> Results - Activity period | D4: ="Emissions breakdown for activities running between " & TEXT(X_Cell_Site_StartDate, "dd mmmm yyyy") & " and " & TEXT('Input - Enterprise'!E13, "dd mmmm yyyy") -> Emissions breakdown for activities running between 01 January 2025 and 31 December 2025
A5: =HYPERLINK("#'Results - Product EI'!A1", "Results - Product Emissions Intensity") -> Results - Product Emissions Intensity
D6: Scope 1
A8: INPUTS | D8: Scope 1 source | E8: GHG emissions method 1 | F8: GHG emissions method 2 | G8: GHG Unit | H8: CO2-e emissions method 1 | I8: CO2-e emissions method 2
A9: =HYPERLINK("#'Input - Enterprise'!A1", "Enterprise") -> Enterprise | D9: 4.6.1.1-2 Manure Methane | E9: =_xlfn.SINGLE(VEERG_4_6_1_1__1_TotalAnnualMethaneEmissions_Result_Method1) -> 0.019999321 | F9: =_xlfn.SINGLE(VEERG_4_6_1_1__1_TotalAnnualMethaneEmissions_Result_Method2) -> 0.019245864 | G9: t CH4 | H9: {=Common_Equations.Common_ConvertCH4ToCO2e(E9,_xlfn.XLOOKUP("CH4", Table_GWPData[Gas],Table_GWPData[CO2-e factor]))} -> 0.55998099 | I9: {=Common_Equations.Common_ConvertCH4ToCO2e(F9,_xlfn.XLOOKUP("CH4", Table_GWPData[Gas],Table_GWPData[CO2-e factor]))} -> 0.53888418 | J9: t CO2e
A10: =HYPERLINK("#'Input - Site'!A1", "Site") -> Site | D10: 4.6.1.3-4 Manure Direct N20 | E10: =_xlfn.SINGLE(VEERG_4_6_1_3__1_TotalAnnualDirectNitrousOxideEmissionsFromMMS_Result_Method1) -> 0.00057674955 | F10: =_xlfn.SINGLE(VEERG_4_6_1_3__1_TotalAnnualDirectNitrousOxideEmissionsFromMMS_Result_Method2) -> 0.00057674955 | G10: t CH4 | H10: {=Common_Equations.Common_ConvertN2OToCO2e(E10,_xlfn.XLOOKUP("N2O", Table_GWPData[Gas],Table_GWPData[CO2-e factor]))} -> 0.15283863 | I10: {=Common_Equations.Common_ConvertN2OToCO2e(F10,_xlfn.XLOOKUP("N2O", Table_GWPData[Gas],Table_GWPData[CO2-e factor]))} -> 0.15283863 | J10: t CO2e
A11: =HYPERLINK("#'Input - Poultry'!A1", "Poultry") -> Poultry | D11: 4.6.1.5-6 Manure Atmospheric Deposition | E11: =_xlfn.SINGLE(VEERG_4_6_1_5__1_TotalAnnualAtmosphericDepositionEmissionsFromMMS_Result_Method1) -> 0.00022877541 | F11: =_xlfn.SINGLE(VEERG_4_6_1_5__1_TotalAnnualAtmosphericDepositionEmissionsFromMMS_Result_Method2) -> 0.00022877541 | G11: t N2O | H11: {=Common_Equations.Common_ConvertN2OToCO2e(E11,_xlfn.XLOOKUP("N2O", Table_GWPData[Gas],Table_GWPData[CO2-e factor]))} -> 0.060625483 | I11: {=Common_Equations.Common_ConvertN2OToCO2e(F11,_xlfn.XLOOKUP("N2O", Table_GWPData[Gas],Table_GWPData[CO2-e factor]))} -> 0.060625483 | J11: t CO2e
A12: =HYPERLINK("#'Input - Livestock sales'!A1", "Livestock sales") -> Livestock sales | D12: 4.6.1.7-8 Manure Leaching and runoff | E12: =_xlfn.SINGLE(VEERG_4_6_1_7__1_AnnualEmissionsFromLeachingAndRunoffFromMMS_Result_Method1) -> 3.4753311e-06 | F12: =_xlfn.SINGLE(VEERG_4_6_1_7__1_AnnualEmissionsFromLeachingAndRunoffFromMMS_Result_Method2) -> 3.4753311e-06 | G12: t N2O | H12: {=Common_Equations.Common_ConvertN2OToCO2e(E12,_xlfn.XLOOKUP("N2O", Table_GWPData[Gas],Table_GWPData[CO2-e factor]))} -> 0.00092096274 | I12: {=Common_Equations.Common_ConvertN2OToCO2e(F12,_xlfn.XLOOKUP("N2O", Table_GWPData[Gas],Table_GWPData[CO2-e factor]))} -> 0.00092096274 | J12: t CO2e
A13: =HYPERLINK("#'Input - Poultry purchases'!A1", "Poultry purchases") -> Poultry purchases | D13: 4.6.1.10-11 Soil direct N2O | E13: =_xlfn.SINGLE(VEERG_4_6_1_10__1_DirectNitrousOxideEmissionsFromPoultryManure_Result_Method1) -> 0.00023434149 | F13: =_xlfn.SINGLE(VEERG_4_6_1_10__1_DirectNitrousOxideEmissionsFromPoultryManure_Result_Method2) -> 0.00023434149 | G13: t N2O | H13: {=Common_Equations.Common_ConvertN2OToCO2e(E13,_xlfn.XLOOKUP("N2O", Table_GWPData[Gas],Table_GWPData[CO2-e factor]))} -> 0.062100494 | I13: {=Common_Equations.Common_ConvertN2OToCO2e(F13,_xlfn.XLOOKUP("N2O", Table_GWPData[Gas],Table_GWPData[CO2-e factor]))} -> 0.062100494 | J13: t CO2e
A14: =HYPERLINK("#'Input - Fuel'!A1", "Fuel") -> Fuel | D14: 4.6.1.12-13 Soil atmos dep | E14: =_xlfn.SINGLE(VEERG_4_6_1_12__1_AtmosphericDepositionEmissionsFromPoultryManureOnPasture_Result_Method1) -> 1.7224099e-05 | F14: =_xlfn.SINGLE(VEERG_4_6_1_12__1_AtmosphericDepositionEmissionsFromPoultryManureOnPasture_Result_Method2) -> 1.7224099e-05 | G14: t N2O | H14: {=Common_Equations.Common_ConvertN2OToCO2e(E14,_xlfn.XLOOKUP("N2O", Table_GWPData[Gas],Table_GWPData[CO2-e factor]))} -> 0.0045643863 | I14: {=Common_Equations.Common_ConvertN2OToCO2e(F14,_xlfn.XLOOKUP("N2O", Table_GWPData[Gas],Table_GWPData[CO2-e factor]))} -> 0.0045643863 | J14: t CO2e
A15: =HYPERLINK("#'Input - Electricity'!A1", "Electricity") -> Electricity | D15: 4.6.1.14-15 Soil leach runoff | E15: =_xlfn.SINGLE(VEERG_4_6_1_14__1_LeachingAndRunoffEmissionsFromPoultryManureOnPasture_Result_Method1) -> 2.5777563e-06 | F15: =_xlfn.SINGLE(VEERG_4_6_1_14__1_LeachingAndRunoffEmissionsFromPoultryManureOnPasture_Result_Method2) -> 2.5777563e-06 | G15: t N2O | H15: {=Common_Equations.Common_ConvertN2OToCO2e(E15,_xlfn.XLOOKUP("N2O", Table_GWPData[Gas],Table_GWPData[CO2-e factor]))} -> 0.00068310543 | I15: {=Common_Equations.Common_ConvertN2OToCO2e(F15,_xlfn.XLOOKUP("N2O", Table_GWPData[Gas],Table_GWPData[CO2-e factor]))} -> 0.00068310543 | J15: t CO2e
A16: =HYPERLINK("#'Input - Common farm inputs'!A1", "Common farm inputs") -> Common farm inputs | D16: 8.1.1.1-2 Transport fuel CO2 | E16: {=VEERG_8_1_1_1__1_FuelCombustionTransport_Result_CO2} -> 83.182 | F16: =E16 -> 83.182 | G16: t CO2 | H16: =E17 -> 0.19906 | I16: =F17 -> 0.19906 | J16: t CO2e
A17: =HYPERLINK("#'Input - Livestock farm Inputs'!A1", "Livestock farm Inputs") -> Livestock farm Inputs | D17: 8.1.1.1-2 Transport fuel CH4 | E17: {=VEERG_8_1_1_1__1_FuelCombustionTransport_Result_CH4} -> 0.19906 | F17: =E17 -> 0.19906 | G17: t CH4 | H17: {=Common_Equations.Common_ConvertCH4ToCO2e(E18,_xlfn.XLOOKUP("CH4", Table_GWPData[Gas],Table_GWPData[CO2-e factor]))} -> 16.366 | I17: {=Common_Equations.Common_ConvertCH4ToCO2e(F18,_xlfn.XLOOKUP("CH4", Table_GWPData[Gas],Table_GWPData[CO2-e factor]))} -> 16.366 | J17: t CO2e
A18: =HYPERLINK("#'Input - Freight'!A1", "Freight") -> Freight | D18: 8.1.1.1-2 Transport fuel N2O | E18: {=VEERG_8_1_1_1__1_FuelCombustionTransport_Result_N2O} -> 0.5845 | F18: =E18 -> 0.5845 | G18: t N2O | H18: {=Common_Equations.Common_ConvertN2OToCO2e(E19,_xlfn.XLOOKUP("N2O", Table_GWPData[Gas],Table_GWPData[CO2-e factor]))} -> 7703.762 | I18: {=Common_Equations.Common_ConvertN2OToCO2e(F19,_xlfn.XLOOKUP("N2O", Table_GWPData[Gas],Table_GWPData[CO2-e factor]))} -> 7703.762 | J18: t CO2e
A19: =HYPERLINK("#'Input - Solid waste'!A1", "Solid waste") -> Solid waste | D19: 8.2.1.1-2 Stationary fuel CO2 | E19: {=VEERG_8_2_1_1__1_FuelCombustionStationary_Result_CO2} -> 29.0708 | F19: =E19 -> 29.0708 | G19: t CO2 | H19: =E20 -> 0.0724 | I19: =F20 -> 0.0724 | J19: t CO2e
A20: =HYPERLINK("#'Input - Manure sent off-site'!A1", "Manure sent off-site") -> Manure sent off-site | D20: 8.2.1.1-2 Stationary fuel CH4 | E20: {=VEERG_8_2_1_1__1_FuelCombustionStationary_Result_CH4} -> 0.0724 | F20: =E20 -> 0.0724 | G20: t CH4 | H20: {=Common_Equations.Common_ConvertCH4ToCO2e(E21,_xlfn.XLOOKUP("CH4", Table_GWPData[Gas],Table_GWPData[CO2-e factor]))} -> 1.9992 | I20: {=Common_Equations.Common_ConvertCH4ToCO2e(F21,_xlfn.XLOOKUP("CH4", Table_GWPData[Gas],Table_GWPData[CO2-e factor]))} -> 1.9992 | J20: t CO2e
A21: =HYPERLINK("#'Input - Data quality'!A1", "Data quality") -> Data quality | D21: 8.2.1.1-2 Stationary fuel N2O | E21: {=VEERG_8_2_1_1__1_FuelCombustionStationary_Result_N2O} -> 0.0714 | F21: =E21 -> 0.0714 | G21: t N2O | H21: {=Common_Equations.Common_ConvertN2OToCO2e(E22,_xlfn.XLOOKUP("N2O", Table_GWPData[Gas],Table_GWPData[CO2-e factor]))} -> 116289.43 | I21: {=Common_Equations.Common_ConvertN2OToCO2e(F22,_xlfn.XLOOKUP("N2O", Table_GWPData[Gas],Table_GWPData[CO2-e factor]))} -> 116289.43 | J21: t CO2e
A22: =HYPERLINK("#'Input - Fert Prod System'!A1", "Fert Prod System") -> Fert Prod System | D22: 10.1.1-2 Solid waste treatment | E22: {=VEERG_10_1_1_1__1_EmissionsFromWasteManagement_Scope1_Result_Method1} -> 438.82805 | F22: =E22 -> 438.82805 | G22: t CO2-e | H22: =E22 -> 438.82805 | I22: =F22 -> 438.82805 | J22: t CO2e
A23: =HYPERLINK("#'Input - Fertiliser'!A1", "Fertiliser") -> Fertiliser | D23: Total | H23: =SUM(H9:H22) -> 124451.5 | I23: =SUM(I9:I22) -> 124451.48 | J23: t CO2e
A26: CALCULATIONS | D26: Scope 2
A27: =HYPERLINK("#'4.6.1.1-2 Methane'!A1", "4.6.1.1-2 Manure Methane") -> 4.6.1.1-2 Manure Methane
A28: =HYPERLINK("#'4.6.1.3-4 Direct N20'!A1", "4.6.1.3-4 Manure Direct N2O") -> 4.6.1.3-4 Manure Direct N2O | D28: Scope 2 source | E28: GHG emissions method 1 | F28: GHG emissions method 2 | G28: GHG Unit | H28: CO2-e emissions method 1 | I28: CO2-e emissions method 2
A29: =HYPERLINK("#'4.6.1.5-6 Atmos Dep'!A1", "4.6.1.5-6 Manure Atmos Dep") -> 4.6.1.5-6 Manure Atmos Dep | D29: {="14.1.1-2 Purchased electricity " & IF(X_Cell_Electricity_CalculationMethod="Location-based (simpler)", "(Location-based)", "(Market-based)")} -> 14.1.1-2 Purchased electricity (Location-based) | E29: {=IF(X_Cell_Electricity_CalculationMethod="Location-based (simpler)", VEERG_14_1_1__1_LocationBasedScopeElectricityEmissions_Result_Method1, VEERG_14_1_2__1_MarketBasedScopeElectricityEmissionsVariation_Result_Method1)} -> 16.8 | F29: =E29 -> 16.8 | G29: t CO2e | H29: =E29 -> 16.8 | I29: =F29 -> 16.8 | J29: t CO2e
A30: =HYPERLINK("#'4.6.1.7-8 Leaching and runoff'!A1", "4.6.1.7-8 Manure Leaching and runoff") -> 4.6.1.7-8 Manure Leaching and runoff | D30: Total scope 2 | H30: =SUM(H29:H29) -> 16.8 | I30: =SUM(I29:I29) -> 16.8 | J30: t CO2e
A31: =HYPERLINK("#'4.6.1.9 Manure applied to soils'!A1", "4.6.1.9 Manure applied to soils") -> 4.6.1.9 Manure applied to soils
A32: =HYPERLINK("#'4.6.1.10-11 Soil direct N2O'!A1", "4.6.1.10-11 Soil direct N2O") -> 4.6.1.10-11 Soil direct N2O
A33: =HYPERLINK("#'4.6.1.12-13 Soil atmos dep'!A1", "4.6.1.12-13 Soil atmos dep") -> 4.6.1.12-13 Soil atmos dep | D33: Scope 3
A34: =HYPERLINK("#'4.6.1.14-15 Soil leach runoff'!A1", "4.6.1.14-15 Soil leach runoff") -> 4.6.1.14-15 Soil leach runoff
A35: =HYPERLINK("#'8.1.1.1-2 Transport fuel'!A1", "8.1.1.1-2 Transport fuel") -> 8.1.1.1-2 Transport fuel | D35: Scope 3 source | E35: GHG emissions method 1 | F35: GHG emissions method 2 | G35: GHG Unit | H35: CO2-e emissions method 1 | I35: CO2-e emissions method 2
A36: =HYPERLINK("#'8.2.1.1-2 Stationary fuel'!A1", "8.2.1.1-2 Stationary fuel") -> 8.2.1.1-2 Stationary fuel | D36: 15.1.1.1 Total emissions from purchased livestock - Pigs | E36: {=VEERG_15_1_1_1__1_EmissionsFromPurchasedLivestock_Pigs_Result_Method1} -> 0 | F36: {=VEERG_15_1_1_1__1_EmissionsFromPurchasedLivestock_Pigs_Result_Method2} -> 0 | G36: t CO2e | H36: =E36 -> 0 | I36: =F36 -> 0 | J36: t CO2e
A37: =HYPERLINK("#'10.1.1-2 Solid waste treatment'!A1", "10.1.1.1-2 Solid waste") -> 10.1.1.1-2 Solid waste | D37: 15.2.1.1 Emissions from purchased feed | E37: {=VEERG_15_2_1_1__1_EmissionsFromPurchasedFeed_Result_Method1} -> 0.785052 | F37: {=VEERG_15_2_1_1__1_EmissionsFromPurchasedFeed_Result_Method1} -> 0.785052 | G37: t CO2e | H37: =E37 -> 0.785052 | I37: =F37 -> 0.785052 | J37: t CO2e
A38: =HYPERLINK("#'14.1.1-2 Purchased electricity'!A1", "14.1.1-2 Purchased electricity") -> 14.1.1-2 Purchased electricity | D38: 15.7.1.1 Services and contractor operations | E38: {=VEERG_15_7_1_1__1_EmissionsFromPurchasedServices_Result_Method1} -> No data | F38: {=VEERG_15_7_1_1__1_EmissionsFromPurchasedServices_Result_Method2} -> 42 | G38: t CO2e | H38: =E38 -> No data | I38: =F38 -> 42 | J38: t CO2e
A39: =HYPERLINK("#'15 Scope 3'!A1", "15 Scope 3") -> 15 Scope 3 | D39: 15.10.1.1 Other: Cleaning chemicals | E39: {=VEERG_15_10_1_1__1_OtherPurchasedGoodsAndServices_CleaningChemicals_Result_Method1} -> 0.5051 | F39: {=VEERG_15_10_1_1__1_OtherPurchasedGoodsAndServices_CleaningChemicals_Result_Method2} -> 2.73 | G39: t CO2e | H39: =E39 -> 0.5051 | I39: =F39 -> 2.73 | J39: t CO2e
A40: =HYPERLINK("#'Calcs - Manure sent off-site'!A1", "Calcs - Manure sent off-site") -> Calcs - Manure sent off-site | D40: 15.10.1.1 Other: Pharmacy chemicals | E40: {=VEERG_15_10_1_1__1_OtherPurchasedGoodsAndServices_PharmacyChemicals_Result_Method1} -> 0.015636 | F40: {=VEERG_15_10_1_1__1_OtherPurchasedGoodsAndServices_PharmacyChemicals_Result_Method1} -> 0.015636 | G40: t CO2e | H40: =E40 -> 0.015636 | I40: =F40 -> 0.015636 | J40: t CO2e
A41: =HYPERLINK("#'5.1.1.1-2 Inorganic fert N2O'!A1", "5.1.1.1-2 Inorganic fert N2O") -> 5.1.1.1-2 Inorganic fert N2O | D41: 15.10.1.1 Other: Uncategorised | E41: {=VEERG_15_10_1_1__1_OtherPurchasedGoodsAndServices_Uncategorised_Result_Method1} -> No data | F41: {=VEERG_15_10_1_1__1_OtherPurchasedGoodsAndServices_Uncategorised_Result_Method2} -> 4000 | G41: t CO2e | H41: =E41 -> No data | I41: =F41 -> 4000 | J41: t CO2e
A42: =HYPERLINK("#'5.1.1.3-4 Inorganic fert CO2'!A1", "5.1.1.3-4 Inorganic fert CO2") -> 5.1.1.3-4 Inorganic fert CO2 | D42: 15.11.1.1 Fuel | E42: {=VEERG_15_11_1_1__1_TotalUpstreamEmissionsFromFuel_Result} -> 26.794 | F42: =E42 -> 26.794 | G42: t CO2e | H42: =E42 -> 26.794 | I42: =F42 -> 26.794 | J42: t CO2e
A43: =HYPERLINK("#'5.2.1.1-2 Organic Fert N2O'!A1", "5.2.1.1-2 Organic Fert N2O") -> 5.2.1.1-2 Organic Fert N2O | D43: {="15.12.1.1 Purchased electricity " & IF(X_Cell_Electricity_CalculationMethod="Location-based (simpler)", "(Location-based)", "(Market-based)")} -> 15.12.1.1 Purchased electricity (Location-based) | E43: {=IF(X_Cell_Electricity_CalculationMethod="Location-based (simpler)", VEERG_15_12_1_1__1_UpstreamPurchasedElectricityLocationBased_Result, VEERG_15_12_1_1__1_UpstreamPurchasedElectricityMarketBased_Result)} -> 2.7 | F43: =E43 -> 2.7 | G43: t CO2e | H43: =E43 -> 2.7 | I43: =F43 -> 2.7 | J43: t CO2e
A44: =HYPERLINK("#'5.3.1.1-2 Lime CO2'!A1", "5.3.1.1-2 Lime CO2") -> 5.3.1.1-2 Lime CO2 | D44: 15.13.1.1 Waste sent to treatment facility | E44: {=VEERG_10_1_1_1__1_EmissionsFromWasteManagement_Scope3_Result_Method1} -> 441.15 | F44: =E44 -> 441.15 | G44: t CO2e | H44: =E44 -> 441.15 | I44: =F44 -> 441.15 | J44: t CO2e
A45: =HYPERLINK("#'5.4.1.1-4 Atmos deposition'!A1", "5.4.1.1-4 Atmos deposition") -> 5.4.1.1-4 Atmos deposition | D45: 15.14.1.1 Incoming freight | E45: {=VEERG_15_14_1_1__1_EmbeddedEmissionsFromUpstreamFreight_Incoming_Result_Method1} -> No data | F45: {=VEERG_15_14_1_1__1_EmbeddedEmissionsFromUpstreamFreight_Incoming_Result_Method2} -> 5146700 | G45: t CO2e | H45: =E45 -> No data | I45: =F45 -> 5146700 | J45: t CO2e
A46: =HYPERLINK("#'5.5.1.1-2 Leaching and runoff'!A1", "5.5.1.1-2 Leaching and runoff") -> 5.5.1.1-2 Leaching and runoff | D46: 15.14.1.1 Outgoing freight | E46: {=VEERG_15_14_1_1__1_EmbeddedEmissionsFromUpstreamFreight_Outgoing_Result_Method1} -> No data | F46: {=VEERG_15_14_1_1__1_EmbeddedEmissionsFromUpstreamFreight_Outgoing_Result_Method2} -> 432640 | G46: t CO2e | H46: =E46 -> No data | I46: =F46 -> 432640 | J46: t CO2e
D47: Total scope 3 | H47: =SUM(H36:H46) -> 471.94979 | I47: =SUM(I36:I46) -> 5583856.2 | J47: t CO2e
A49: APPENDICES
A50: =HYPERLINK("#'Constants - Poultry'!A1", "Constants - Poultry") -> Constants - Poultry | D50: ="Carbon removals from plantings for the activity period " & TEXT(X_Cell_Site_StartDate, "d mmmm yyyy") & " and " & TEXT(X_Cell_Site_EndDate, "d mmmm yyyy") -> Carbon removals from plantings for the activity period 1 January 2025 and 31 December 2025
A51: =HYPERLINK("#'Constants - Common livestock'!A1", "Constants - Common Livestock") -> Constants - Common Livestock
A52: =HYPERLINK("#'Constants - Electricity'!A1", "Constants - Electricity") -> Constants - Electricity | D52: Total removals | E52: =SUM(Table_Input_Enterprise_PlantingRemovals[Removal allocated to this enterprise]) -> 0 | F52: t CO2
A53: =HYPERLINK("#'Constants - Fertiliser'!A1", "Constants - Fertiliser") -> Constants - Fertiliser
A54: =HYPERLINK("#'Constants - Fuel'!A1", "Constants - Fuel") -> Constants - Fuel
A55: =HYPERLINK("#'Constants - Scope 3'!A1", "Constants - Scope 3") -> Constants - Scope 3 | D55: ="Net emissions for the activity period " & TEXT(X_Cell_Site_StartDate, "d mmmm yyyy") & " and " & TEXT(X_Cell_Site_EndDate, "d mmmm yyyy") -> Net emissions for the activity period 1 January 2025 and 31 December 2025
A56: =HYPERLINK("#'Constants - Solid Waste'!A1", "Constants - Solid Waste") -> Constants - Solid Waste
A57: =HYPERLINK("#'Constants - Common'!A1", "Constants - Common") -> Constants - Common | E57: Method 1 | F57: Method 2
D58: Total emissions excluding removals | E58: =Result_Enterprise_Scope1_Method1+Result_Enterprise_Scope2_Method1+Result_Enterprise_Scope3_Method1 -> 124940.25 | F58: =Result_Enterprise_Scope1_Method2+Result_Enterprise_Scope2_Method2+Result_Enterprise_Scope3_Method2 -> 5708324.5 | G58: t CO2-e
D59: Total net emissions | E59: =Result_Enterprise_Gross_Method1-Result_Enterprise_Removals -> 124940.25 | F59: =Result_Enterprise_Gross_Method2-Result_Enterprise_Removals -> 5708324.5 | G59: t CO2-e

Sheet Results - Product EI
A1: #VALUE! | C1: Results - Product emissions intensity
A3: =HYPERLINK("#'Home'!A1", "Home") -> Home
A4: =HYPERLINK("#'Results - Activity period'!A1", "Results - Activity period") -> Results - Activity period
A5: =HYPERLINK("#'Results - Product EI'!A1", "Results - Product Emissions Intensity") -> Results - Product Emissions Intensity
A8: INPUTS
A9: =HYPERLINK("#'Input - Enterprise'!A1", "Enterprise") -> Enterprise
A10: =HYPERLINK("#'Input - Site'!A1", "Site") -> Site
A11: =HYPERLINK("#'Input - Poultry'!A1", "Poultry") -> Poultry
A12: =HYPERLINK("#'Input - Livestock sales'!A1", "Livestock sales") -> Livestock sales
A13: =HYPERLINK("#'Input - Poultry purchases'!A1", "Poultry purchases") -> Poultry purchases
A14: =HYPERLINK("#'Input - Fuel'!A1", "Fuel") -> Fuel
A15: =HYPERLINK("#'Input - Electricity'!A1", "Electricity") -> Electricity
A16: =HYPERLINK("#'Input - Common farm inputs'!A1", "Common farm inputs") -> Common farm inputs
A17: =HYPERLINK("#'Input - Livestock farm Inputs'!A1", "Livestock farm Inputs") -> Livestock farm Inputs
A18: =HYPERLINK("#'Input - Freight'!A1", "Freight") -> Freight
A19: =HYPERLINK("#'Input - Solid waste'!A1", "Solid waste") -> Solid waste
A20: =HYPERLINK("#'Input - Manure sent off-site'!A1", "Manure sent off-site") -> Manure sent off-site
A21: =HYPERLINK("#'Input - Data quality'!A1", "Data quality") -> Data quality
A22: =HYPERLINK("#'Input - Fert Prod System'!A1", "Fert Prod System") -> Fert Prod System
A23: =HYPERLINK("#'Input - Fertiliser'!A1", "Fertiliser") -> Fertiliser
A26: CALCULATIONS
A27: =HYPERLINK("#'4.6.1.1-2 Methane'!A1", "4.6.1.1-2 Manure Methane") -> 4.6.1.1-2 Manure Methane
A28: =HYPERLINK("#'4.6.1.3-4 Direct N20'!A1", "4.6.1.3-4 Manure Direct N2O") -> 4.6.1.3-4 Manure Direct N2O
A29: =HYPERLINK("#'4.6.1.5-6 Atmos Dep'!A1", "4.6.1.5-6 Manure Atmos Dep") -> 4.6.1.5-6 Manure Atmos Dep
A30: =HYPERLINK("#'4.6.1.7-8 Leaching and runoff'!A1", "4.6.1.7-8 Manure Leaching and runoff") -> 4.6.1.7-8 Manure Leaching and runoff
A31: =HYPERLINK("#'4.6.1.9 Manure applied to soils'!A1", "4.6.1.9 Manure applied to soils") -> 4.6.1.9 Manure applied to soils
A32: =HYPERLINK("#'4.6.1.10-11 Soil direct N2O'!A1", "4.6.1.10-11 Soil direct N2O") -> 4.6.1.10-11 Soil direct N2O | D32: ="Emissions for whole production cycle running between " & TEXT(X_Cell_Enterprise_ProductionTimeframeStart, "d mmmm yyyy") & " and " & TEXT(X_Cell_Enterprise_ProductionTimeframeEnd, "d mmmm yyyy") -> Emissions for whole production cycle running between 1 November 2025 and 31 March 2026
A33: =HYPERLINK("#'4.6.1.12-13 Soil atmos dep'!A1", "4.6.1.12-13 Soil atmos dep") -> 4.6.1.12-13 Soil atmos dep
A34: =HYPERLINK("#'4.6.1.14-15 Soil leach runoff'!A1", "4.6.1.14-15 Soil leach runoff") -> 4.6.1.14-15 Soil leach runoff
A35: =HYPERLINK("#'8.1.1.1-2 Transport fuel'!A1", "8.1.1.1-2 Transport fuel") -> 8.1.1.1-2 Transport fuel | E35: Method 1 | F35: Method 2
A36: =HYPERLINK("#'8.2.1.1-2 Stationary fuel'!A1", "8.2.1.1-2 Stationary fuel") -> 8.2.1.1-2 Stationary fuel | D36: Emissions for production cycle excluding removals | E36: =Result_EmissionsForWholeProductionCycle_Gross_Method1 -> 124940.25 | F36: =Result_EmissionsForWholeProductionCycle_Gross_Method2 -> 5708324.5 | G36: t CO2e
A37: =HYPERLINK("#'10.1.1-2 Solid waste treatment'!A1", "10.1.1.1-2 Solid waste") -> 10.1.1.1-2 Solid waste | D37: Net emissions for production cycle | E37: =Result_EmissionsForWholeProductionCycle_Net_Method1 -> 124940.25 | F37: =Result_EmissionsForWholeProductionCycle_Net_Method2 -> 5708324.5 | G37: t CO2e
A38: =HYPERLINK("#'14.1.1-2 Purchased electricity'!A1", "14.1.1-2 Purchased electricity") -> 14.1.1-2 Purchased electricity
A39: =HYPERLINK("#'15 Scope 3'!A1", "15 Scope 3") -> 15 Scope 3
A40: =HYPERLINK("#'Calcs - Manure sent off-site'!A1", "Calcs - Manure sent off-site") -> Calcs - Manure sent off-site | D40: ="Product emissions intensity for whole production cycle running between " & TEXT(X_Cell_Enterprise_ProductionTimeframeStart, "d mmmm yyyy") & " and " & TEXT(X_Cell_Enterprise_ProductionTimeframeEnd, "d mmmm yyyy") -> Product emissions intensity for whole production cycle running between 1 November 2025 and 31 March 2026
A41: =HYPERLINK("#'5.1.1.1-2 Inorganic fert N2O'!A1", "5.1.1.1-2 Inorganic fert N2O") -> 5.1.1.1-2 Inorganic fert N2O
A42: =HYPERLINK("#'5.1.1.3-4 Inorganic fert CO2'!A1", "5.1.1.3-4 Inorganic fert CO2") -> 5.1.1.3-4 Inorganic fert CO2 | D42: Product emissions - Mass
A43: =HYPERLINK("#'5.2.1.1-2 Organic Fert N2O'!A1", "5.2.1.1-2 Organic Fert N2O") -> 5.2.1.1-2 Organic Fert N2O | D43: Product | E43: Product type | F43: Amount (tonnnes) | G43: Mass emissions assignment | H43: Emissions intensity (Method 1) | I43: Emissions intensity (Method 2) | J43: Unit
A44: =HYPERLINK("#'5.3.1.1-2 Lime CO2'!A1", "5.3.1.1-2 Lime CO2") -> 5.3.1.1-2 Lime CO2 | D44: Liveweight sold - excluding removals | E44: Main product | F44: =X_Cell_Enterprise_BirdsSold -> 500 | G44: =F44/(F44+F46+F48) -> 0.97847358 | H44: =($E$36/F44)*G44 -> 244.50147 | I44: =($F$36/F44)*G44 -> 11170.889 | J44: t co2e/t birds sold
A45: =HYPERLINK("#'5.4.1.1-4 Atmos deposition'!A1", "5.4.1.1-4 Atmos deposition") -> 5.4.1.1-4 Atmos deposition | D45: Liveweight sold - net emissions | E45: Main product | F45: =F44 -> 500 | G45: =G44 -> 0.97847358 | H45: =($E$37/F45)*G45 -> 244.50147 | I45: =($F$37/F45)*G45 -> 11170.889 | J45: t co2e/t birds sold
A46: =HYPERLINK("#'5.5.1.1-2 Leaching and runoff'!A1", "5.5.1.1-2 Leaching and runoff") -> 5.5.1.1-2 Leaching and runoff | D46: Eggs sold - excluding removals | E46: Main product | F46: =X_Cell_Enterprise_EggsProduced -> 10 | G46: =F46/(F44+F46+F48) -> 0.019569472 | H46: =($E$36/F46)*G46 -> 244.50147 | I46: =($F$36/F46)*G46 -> 11170.889 | J46: t co2e/t eggs sold
D47: Eggs sold - net emissions | E47: Main product | F47: =F46 -> 10 | G47: =G46 -> 0.019569472 | H47: =($E$37/F47)*G47 -> 244.50147 | I47: =($F$37/F47)*G47 -> 11170.889 | J47: t co2e/t eggs sold
D48: Manure sold - excluding removals | E48: Co-product | F48: =X_Cell_Enterprise_ManureProduced*X_Cell_Enterprise_PercentManureSold -> 1 | G48: =F48/(F44+F46+F48) -> 0.0019569472 | H48: =($E$36/F48)*G48 -> 244.50147 | I48: =($F$36/F48)*G48 -> 11170.889 | J48: t co2e/t manure sold
A49: APPENDICES | D49: Manure sold - net emissions | E49: Co-product | F49: =F48 -> 1 | G49: =G48 -> 0.0019569472 | H49: =($E$37/F49)*G49 -> 244.50147 | I49: =($F$37/F49)*G49 -> 11170.889 | J49: t co2e/t manure sold
A50: =HYPERLINK("#'Constants - Poultry'!A1", "Constants - Poultry") -> Constants - Poultry | D50: Manure used as feed on own farm | E50: Residual product | F50: =X_Cell_Enterprise_ManureProduced*X_Cell_Enterprise_PercentManureFertiliserOwnFarm -> 1 | G50: N/A | H50: N/A | I50: N/A
A51: =HYPERLINK("#'Constants - Common livestock'!A1", "Constants - Common Livestock") -> Constants - Common Livestock
A52: =HYPERLINK("#'Constants - Electricity'!A1", "Constants - Electricity") -> Constants - Electricity | D52: Product emissions - Economic
A53: =HYPERLINK("#'Constants - Fertiliser'!A1", "Constants - Fertiliser") -> Constants - Fertiliser | D53: Product | E53: Product type | F53: Amount (tonnnes) | G53: Economic emissions assignment | H53: Emissions intestity (Method 1) | I53: Emissions intestity (Method 2) | J53: Unit
A54: =HYPERLINK("#'Constants - Fuel'!A1", "Constants - Fuel") -> Constants - Fuel | D54: Liveweight sold - excluding removals | E54: Main product | F54: =X_Cell_Enterprise_BirdsSold -> 500 | G54: =X_Cell_Enterprise_PercentIncomeFromBirdsSold -> 0.8 | H54: =$E$36*G54/F54 -> 199.9044 | I54: =$F$36*G54/F54 -> 9133.3191 | J54: t co2e/t birds sold
A55: =HYPERLINK("#'Constants - Scope 3'!A1", "Constants - Scope 3") -> Constants - Scope 3 | D55: Liveweight sold - net emissions | E55: Main product | F55: =F54 -> 500 | G55: =G54 -> 0.8 | H55: =$E$37*G55/F55 -> 199.9044 | I55: =$F$37*G55/F55 -> 9133.3191 | J55: t co2e/t birds sold
A56: =HYPERLINK("#'Constants - Solid Waste'!A1", "Constants - Solid Waste") -> Constants - Solid Waste | D56: Eggs sold - excluding removals | E56: Main product | F56: =X_Cell_Enterprise_EggsProduced -> 10 | G56: =X_Cell_Enterprise_PercentIncomeFromEggsSold -> 0.8 | H56: =$E$36*G56/F56 -> 9995.2201 | I56: =$F$36*G56/F56 -> 456665.96 | J56: t co2e/t eggs sold
A57: =HYPERLINK("#'Constants - Common'!A1", "Constants - Common") -> Constants - Common | D57: Eggs sold - net emissions | E57: Main product | F57: =F56 -> 10 | G57: =G56 -> 0.8 | H57: =$E$37*G57/F57 -> 9995.2201 | I57: =$F$37*G57/F57 -> 456665.96 | J57: t co2e/t eggs sold
D58: Manure sold - excluding removals | E58: Co-product | F58: =X_Cell_Enterprise_ManureProduced*X_Cell_Enterprise_PercentManureSold -> 1 | G58: =X_Cell_Enterprise_PercentIncomeFromManureSold -> 0.2 | H58: =$E$36*G58/F58 -> 24988.05 | I58: =$F$36*G58/F58 -> 1141664.9 | J58: t co2e/t manure sold
D59: Manure sold - net emissions | E59: Co-product | F59: =F58 -> 1 | G59: =G58 -> 0.2 | H59: =$E$37*G59/F59 -> 24988.05 | I59: =$F$37*G59/F59 -> 1141664.9 | J59: t co2e/t manure sold
D60: Manure used as feed on own farm | E60: Residual product | F60: =X_Cell_Enterprise_ManureProduced*X_Cell_Enterprise_PercentManureFertiliserOwnFarm -> 1 | G60: N/A | H60: N/A | I60: N/A

Sheet Input - Enterprise
A1: #VALUE! | C1: Input - Enterprise
A3: =HYPERLINK("#'Home'!A1", "Home") -> Home
A4: =HYPERLINK("#'Results - Activity period'!A1", "Results - Activity period") -> Results - Activity period
A5: =HYPERLINK("#'Results - Product EI'!A1", "Results - Product Emissions Intensity") -> Results - Product Emissions Intensity | D5: Your business
D7: Farm name | E7: Test Farms
A8: INPUTS | D8: Reporting entity name | E8: Test Farms Pty Ltd
A9: =HYPERLINK("#'Input - Enterprise'!A1", "Enterprise") -> Enterprise
A10: =HYPERLINK("#'Input - Site'!A1", "Site") -> Site | D10: 💡An 'Emissions accounting period' is a 12 month period where the business can report on the emissions, and is typically the same as the business' financial accounting period.
A11: =HYPERLINK("#'Input - Poultry'!A1", "Poultry") -> Poultry
A12: =HYPERLINK("#'Input - Livestock sales'!A1", "Livestock sales") -> Livestock sales | D12: Emissions calculation period start date | E12: 45658 | F12: ← DD/MM/YYYY or DD Month YYYY
A13: =HYPERLINK("#'Input - Poultry purchases'!A1", "Poultry purchases") -> Poultry purchases | D13: Emissions calculation period end date | E13: =DATE(YEAR(E12)+1,MONTH(E12),DAY(E12))-1 -> 46022 | F13: ← Automatically calculated, 12 months after start date
A14: =HYPERLINK("#'Input - Fuel'!A1", "Fuel") -> Fuel
A15: =HYPERLINK("#'Input - Electricity'!A1", "Electricity") -> Electricity
A16: =HYPERLINK("#'Input - Common farm inputs'!A1", "Common farm inputs") -> Common farm inputs | D16: Production
A17: =HYPERLINK("#'Input - Livestock farm Inputs'!A1", "Livestock farm Inputs") -> Livestock farm Inputs
A18: =HYPERLINK("#'Input - Freight'!A1", "Freight") -> Freight | D18: Production timeframe start | E18: 45962 | F18: ← DD/MM/YYYY or DD Month YYYY
A19: =HYPERLINK("#'Input - Solid waste'!A1", "Solid waste") -> Solid waste | D19: Production timeframe end | E19: 46112 | F19: ← DD/MM/YYYY or DD Month YYYY
A20: =HYPERLINK("#'Input - Manure sent off-site'!A1", "Manure sent off-site") -> Manure sent off-site | D20: Production timeframe length | E20: =DATEDIF(E18,E19+1,"m") -> 5 | F20: Months
A21: =HYPERLINK("#'Input - Data quality'!A1", "Data quality") -> Data quality
A22: =HYPERLINK("#'Input - Fert Prod System'!A1", "Fert Prod System") -> Fert Prod System | D22: Birds sold | E22: =SUM(Table_Input_LivestockSales[Total liveweight sold])*10^-3 -> 500 | F22: tonnes
A23: =HYPERLINK("#'Input - Fertiliser'!A1", "Fertiliser") -> Fertiliser | D23: Eggs sold | E23: 10 | F23: tonnes
D24: Manure produced | E24: 10 | F24: tonnes
D25: Percent manure sold | E25: 0.1 | F25: percent
A26: CALCULATIONS | D26: Percent manure used as fertiliser on own farm | E26: 0.1 | F26: percent
A27: =HYPERLINK("#'4.6.1.1-2 Methane'!A1", "4.6.1.1-2 Manure Methane") -> 4.6.1.1-2 Manure Methane
A28: =HYPERLINK("#'4.6.1.3-4 Direct N20'!A1", "4.6.1.3-4 Manure Direct N2O") -> 4.6.1.3-4 Manure Direct N2O | D28: Percentage of income from birds sold | E28: 0.8 | F28: percent
A29: =HYPERLINK("#'4.6.1.5-6 Atmos Dep'!A1", "4.6.1.5-6 Manure Atmos Dep") -> 4.6.1.5-6 Manure Atmos Dep | D29: Percentage of income from eggs sold | E29: 0.8 | F29: percent
A30: =HYPERLINK("#'4.6.1.7-8 Leaching and runoff'!A1", "4.6.1.7-8 Manure Leaching and runoff") -> 4.6.1.7-8 Manure Leaching and runoff | D30: Percentage of income from manure sold | E30: 0.2 | F30: percent
A31: =HYPERLINK("#'4.6.1.9 Manure applied to soils'!A1", "4.6.1.9 Manure applied to soils") -> 4.6.1.9 Manure applied to soils
A32: =HYPERLINK("#'4.6.1.10-11 Soil direct N2O'!A1", "4.6.1.10-11 Soil direct N2O") -> 4.6.1.10-11 Soil direct N2O
A33: =HYPERLINK("#'4.6.1.12-13 Soil atmos dep'!A1", "4.6.1.12-13 Soil atmos dep") -> 4.6.1.12-13 Soil atmos dep | D33: Carbon removals
A34: =HYPERLINK("#'4.6.1.14-15 Soil leach runoff'!A1", "4.6.1.14-15 Soil leach runoff") -> 4.6.1.14-15 Soil leach runoff
A35: =HYPERLINK("#'8.1.1.1-2 Transport fuel'!A1", "8.1.1.1-2 Transport fuel") -> 8.1.1.1-2 Transport fuel
A36: =HYPERLINK("#'8.2.1.1-2 Stationary fuel'!A1", "8.2.1.1-2 Stationary fuel") -> 8.2.1.1-2 Stationary fuel | D36: ="Carbon captured from " & TEXT(X_Cell_Site_StartDate, "d mmmm yyyy") & " to " & TEXT(X_Cell_Site_EndDate, "d, mmmm, yyyy") & " from environmental plantings" -> Carbon captured from 1 January 2025 to 31, December, 2025 from environmental plantings
A37: =HYPERLINK("#'10.1.1-2 Solid waste treatment'!A1", "10.1.1.1-2 Solid waste") -> 10.1.1.1-2 Solid waste
A38: =HYPERLINK("#'14.1.1-2 Purchased electricity'!A1", "14.1.1-2 Purchased electricity") -> 14.1.1-2 Purchased electricity | D38: Planting name | E38: Total removed CO2 | F38: Percent allocated to this enterprise | G38: Removal allocated to this enterprise
A39: =HYPERLINK("#'15 Scope 3'!A1", "15 Scope 3") -> 15 Scope 3 | G39: =Table_Input_Enterprise_PlantingRemovals[[#This Row],[Total removed CO2]]*Table_Input_Enterprise_PlantingRemovals[[#This Row],[Percent allocated to this enterprise]] -> 0
A40: =HYPERLINK("#'Calcs - Manure sent off-site'!A1", "Calcs - Manure sent off-site") -> Calcs - Manure sent off-site
A41: =HYPERLINK("#'5.1.1.1-2 Inorganic fert N2O'!A1", "5.1.1.1-2 Inorganic fert N2O") -> 5.1.1.1-2 Inorganic fert N2O
A42: =HYPERLINK("#'5.1.1.3-4 Inorganic fert CO2'!A1", "5.1.1.3-4 Inorganic fert CO2") -> 5.1.1.3-4 Inorganic fert CO2
A43: =HYPERLINK("#'5.2.1.1-2 Organic Fert N2O'!A1", "5.2.1.1-2 Organic Fert N2O") -> 5.2.1.1-2 Organic Fert N2O | D43: Production cycle emissions and removals
A44: =HYPERLINK("#'5.3.1.1-2 Lime CO2'!A1", "5.3.1.1-2 Lime CO2") -> 5.3.1.1-2 Lime CO2
A45: =HYPERLINK("#'5.4.1.1-4 Atmos deposition'!A1", "5.4.1.1-4 Atmos deposition") -> 5.4.1.1-4 Atmos deposition | D45: ="Gross emissions from other activity periods in the production timeframe " & TEXT(X_Cell_Enterprise_ProductionTimeframeStart, "d mmmm yyyy") & " to " & TEXT(X_Cell_Enterprise_ProductionTimeframeEnd, "d mmmm yyyy") -> Gross emissions from other activity periods in the production timeframe 1 November 2025 to 31 March 2026
A46: =HYPERLINK("#'5.5.1.1-2 Leaching and runoff'!A1", "5.5.1.1-2 Leaching and runoff") -> 5.5.1.1-2 Leaching and runoff
D47: {="There are " & Common_InputFunctions.getOverlappingReportingCycles(X_Cell_Enterprise_ProductionTimeframeStart,X_Cell_Enterprise_ProductionTimeframeEnd,X_Cell_Site_StartDate) & " emissions calculation periods that need to be completed before total product emissions can be determined."} -> There are 2 emissions calculation periods that need to be completed before total product emissions can be determined.
D48: Enter the method 1 and 2 CO2e emissions (excluding removals) from previous emissions calculation periods if applicable.
A49: APPENDICES
A50: =HYPERLINK("#'Constants - Poultry'!A1", "Constants - Poultry") -> Constants - Poultry | D50: Emissions calculation cycle | E50: CO2-e emissions method 1 | F50: CO2-e emissions method 2
A51: =HYPERLINK("#'Constants - Common livestock'!A1", "Constants - Common Livestock") -> Constants - Common Livestock | D51: {=Common_InputFunctions.getOverlappingReportingPeriods(X_Cell_Enterprise_ProductionTimeframeStart,X_Cell_Enterprise_ProductionTimeframeEnd,X_Cell_Site_StartDate)} -> 01 Jan 2025 to 31 Dec 2025 (This reporting cycle) | E51: =IF(ISBLANK($D51), 0, IF(ISNUMBER(SEARCH("reporting", $D51)), Result_Enterprise_Gross_Method1, "Enter value")) -> 124940.25 | F51: =IF(ISBLANK($D51), 0, IF(ISNUMBER(SEARCH("reporting", $D51)), Result_Enterprise_Gross_Method2, "Enter value")) -> 5708324.5 | G51: t CO2e
A52: =HYPERLINK("#'Constants - Electricity'!A1", "Constants - Electricity") -> Constants - Electricity | D52: 01 Jan 2026 to 31 Dec 2026 | E52: =IF(ISBLANK($D52), 0, IF(ISNUMBER(SEARCH("reporting", $D52)), Result_Enterprise_Gross_Method1, "Enter value")) -> Enter value | F52: =IF(ISBLANK($D52), 0, IF(ISNUMBER(SEARCH("reporting", $D52)), Result_Enterprise_Gross_Method2, "Enter value")) -> Enter value | G52: t CO2e
A53: =HYPERLINK("#'Constants - Fertiliser'!A1", "Constants - Fertiliser") -> Constants - Fertiliser | E53: =IF(ISBLANK($D53), 0, IF(ISNUMBER(SEARCH("reporting", $D53)), Result_Enterprise_Gross_Method1, "Enter value")) -> 0 | F53: =IF(ISBLANK($D53), 0, IF(ISNUMBER(SEARCH("reporting", $D53)), Result_Enterprise_Gross_Method2, "Enter value")) -> 0 | G53: t CO2e
A54: =HYPERLINK("#'Constants - Fuel'!A1", "Constants - Fuel") -> Constants - Fuel | E54: =IF(ISBLANK($D54), 0, IF(ISNUMBER(SEARCH("reporting", $D54)), Result_Enterprise_Gross_Method1, "Enter value")) -> 0 | F54: =IF(ISBLANK($D54), 0, IF(ISNUMBER(SEARCH("reporting", $D54)), Result_Enterprise_Gross_Method2, "Enter value")) -> 0 | G54: t CO2e
A55: =HYPERLINK("#'Constants - Scope 3'!A1", "Constants - Scope 3") -> Constants - Scope 3 | E55: =IF(ISBLANK($D55), 0, IF(ISNUMBER(SEARCH("reporting", $D55)), Result_Enterprise_Gross_Method1, "Enter value")) -> 0 | F55: =IF(ISBLANK($D55), 0, IF(ISNUMBER(SEARCH("reporting", $D55)), Result_Enterprise_Gross_Method2, "Enter value")) -> 0 | G55: t CO2e
A56: =HYPERLINK("#'Constants - Solid Waste'!A1", "Constants - Solid Waste") -> Constants - Solid Waste | D56: Total emissions for production cycle | E56: =SUM(E51:E55) -> 124940.25 | F56: =SUM(F51:F55) -> 5708324.5 | G56: t CO2e
A57: =HYPERLINK("#'Constants - Common'!A1", "Constants - Common") -> Constants - Common
D61: ="Carbon removals from environmental plantings for whole production cycle running between " & TEXT(X_Cell_Enterprise_ProductionTimeframeStart, "d mmmm yyyy") & " and " & TEXT(X_Cell_Enterprise_ProductionTimeframeEnd, "d mmmm yyyy") -> Carbon removals from environmental plantings for whole production cycle running between 1 November 2025 and 31 March 2026
D63: Emissions calculation cycle | E63: CO2 removed attributed to this enterprise
D64: {=Common_InputFunctions.getOverlappingReportingPeriods(X_Cell_Enterprise_ProductionTimeframeStart,X_Cell_Enterprise_ProductionTimeframeEnd,X_Cell_Site_StartDate)} -> 01 Jan 2025 to 31 Dec 2025 (This reporting cycle) | E64: =IF(ISBLANK($D64), 0, IF(ISNUMBER(SEARCH("reporting", $D64)), SUM(Table_Input_Enterprise_PlantingRemovals[Removal allocated to this enterprise]), "Enter value")) -> 0 | F64: t CO2
D65: 01 Jan 2026 to 31 Dec 2026 | E65: =IF(ISBLANK($D65), 0, IF(ISNUMBER(SEARCH("reporting", $D65)), SUM(Table_Input_Enterprise_PlantingRemovals[Removal allocated to this enterprise]), "Enter value")) -> Enter value | F65: t CO2
E66: =IF(ISBLANK($D66), 0, IF(ISNUMBER(SEARCH("reporting", $D66)), SUM(Table_Input_Enterprise_PlantingRemovals[Removal allocated to this enterprise]), "Enter value")) -> 0 | F66: t CO2
E67: =IF(ISBLANK($D67), 0, IF(ISNUMBER(SEARCH("reporting", $D67)), SUM(Table_Input_Enterprise_PlantingRemovals[Removal allocated to this enterprise]), "Enter value")) -> 0 | F67: t CO2
A68: =HYPERLINK("#A1", "▲ Back to top") -> ▲ Back to top | E68: =IF(ISBLANK($D68), 0, IF(ISNUMBER(SEARCH("reporting", $D68)), SUM(Table_Input_Enterprise_PlantingRemovals[Removal allocated to this enterprise]), "Enter value")) -> 0 | F68: t CO2
D69: Total carbon removals for production cycle | E69: =SUM(E64:E68) -> 0 | F69: t CO2
D72: ="Net emissions from other activity periods in the production timeframe " & TEXT(X_Cell_Enterprise_ProductionTimeframeStart, "d mmmm yyyy") & " to " & TEXT(X_Cell_Enterprise_ProductionTimeframeEnd, "d mmmm yyyy") -> Net emissions from other activity periods in the production timeframe 1 November 2025 to 31 March 2026
D74: Emissions calculation cycle | E74: CO2-e emissions method 1 | F74: CO2-e emissions method 2
D75: {=Common_InputFunctions.getOverlappingReportingPeriods(X_Cell_Enterprise_ProductionTimeframeStart,X_Cell_Enterprise_ProductionTimeframeEnd,X_Cell_Site_StartDate)} -> 01 Jan 2025 to 31 Dec 2025 (This reporting cycle) | E75: =IF(ISBLANK($D75), 0, IF(ISNUMBER(SEARCH("reporting", $D75)), E51-$E$64, "Enter value")) -> 124940.25 | F75: =IF(ISBLANK($D75), 0, IF(ISNUMBER(SEARCH("reporting", $D75)), F51-$E$64, "Enter value")) -> 5708324.5 | G75: t CO2e
D76: 01 Jan 2026 to 31 Dec 2026 | E76: =IF(ISBLANK($D76), 0, IF(ISNUMBER(SEARCH("reporting", $D76)), E52-$E$65, "Enter value")) -> Enter value | F76: =IF(ISBLANK($D76), 0, IF(ISNUMBER(SEARCH("reporting", $D76)), F52-$E$65, "Enter value")) -> Enter value | G76: t CO2e
E77: =IF(ISBLANK($D77), 0, IF(ISNUMBER(SEARCH("reporting", $D77)), E53-$E$66, "Enter value")) -> 0 | F77: =IF(ISBLANK($D77), 0, IF(ISNUMBER(SEARCH("reporting", $D77)), F53-$E$66, "Enter value")) -> 0 | G77: t CO2e
E78: =IF(ISBLANK($D78), 0, IF(ISNUMBER(SEARCH("reporting", $D78)), E54-$E$67, "Enter value")) -> 0 | F78: =IF(ISBLANK($D78), 0, IF(ISNUMBER(SEARCH("reporting", $D78)), F54-$E$67, "Enter value")) -> 0 | G78: t CO2e
E79: =IF(ISBLANK($D79), 0, IF(ISNUMBER(SEARCH("reporting", $D79)), E55-$E$68, "Enter value")) -> 0 | F79: =IF(ISBLANK($D79), 0, IF(ISNUMBER(SEARCH("reporting", $D79)), F55-$E$68, "Enter value")) -> 0 | G79: t CO2e
D80: Total emissions for production cycle | E80: =SUM(E75:E79) -> 124940.25 | F80: =SUM(F75:F79) -> 5708324.5 | G80: t CO2e

Sheet Input - Site
A1: #VALUE! | C1: Input - Site
A3: =HYPERLINK("#'Home'!A1", "Home") -> Home
A4: =HYPERLINK("#'Results - Activity period'!A1", "Results - Activity period") -> Results - Activity period
A5: =HYPERLINK("#'Results - Product EI'!A1", "Results - Product Emissions Intensity") -> Results - Product Emissions Intensity | D5: Location and climate
D7: Location information is used to reference some region and climate-specific emission factors
A8: INPUTS | D8: Tip: Use the web-based GAF Location Helper tool to easily get region and climate information. You will need an internet connection to use the GAF Location Helper.
A9: =HYPERLINK("#'Input - Enterprise'!A1", "Enterprise") -> Enterprise
A10: =HYPERLINK("#'Input - Site'!A1", "Site") -> Site | D10: State | E10: Western Australia | F10: ← Please select
A11: =HYPERLINK("#'Input - Poultry'!A1", "Poultry") -> Poultry | D11: Region (ABS Statistical area level 4) if state is WA | E11: Western Australia - Outback (South) | F11: ← Please select
A12: =HYPERLINK("#'Input - Livestock sales'!A1", "Livestock sales") -> Livestock sales | D12: Leaching zone | E12: NO - Not in leaching zone | F12: ← Please select
A13: =HYPERLINK("#'Input - Poultry purchases'!A1", "Poultry purchases") -> Poultry purchases | D13: Elevation | E13: 307.7 | F13: Meters
A14: =HYPERLINK("#'Input - Fuel'!A1", "Fuel") -> Fuel | D14: Average temperature for reporting period | E14: 18 | F14: Degrees celsius
A15: =HYPERLINK("#'Input - Electricity'!A1", "Electricity") -> Electricity | D15: Total rainfall for reporting period | E15: 601 | F15: Millimetres
A16: =HYPERLINK("#'Input - Common farm inputs'!A1", "Common farm inputs") -> Common farm inputs | D16: Potential evapotranspiration for reporting period | E16: 1326 | F16: Millimetres
A17: =HYPERLINK("#'Input - Livestock farm Inputs'!A1", "Livestock farm Inputs") -> Livestock farm Inputs | D17: Number of frost days for reporting period | E17: 7 | F17: Days
A18: =HYPERLINK("#'Input - Freight'!A1", "Freight") -> Freight | D18: MAP:PET ratio | E18: =E15/E16 -> 0.45324284
A19: =HYPERLINK("#'Input - Solid waste'!A1", "Solid waste") -> Solid waste | D19: Rainfall zone | E19: =Common_InputFunctions.Utility_LookupItemFromMinMax(E15,Table_SourceData_RainfallZones[Min rainfall],Table_SourceData_RainfallZones[Max rainfall],Table_SourceData_RainfallZones[Rainfall Zone]) -> High rainfall
A20: =HYPERLINK("#'Input - Manure sent off-site'!A1", "Manure sent off-site") -> Manure sent off-site | D20: Climate zone | E20: =Common_InputFunctions.Utility_GetClimateZone(E14,E15,E17,E13,E18,Table_SourceData_ClimateZones[Min temp],Table_SourceData_ClimateZones[Max temp],Table_SourceData_ClimateZones[Min rainfall],Table_SourceData_ClimateZones[Max rainfall],Table_SourceData_ClimateZones[Min frost days],Table_SourceData_ClimateZones[Max frost days],Table_SourceData_ClimateZones[Min elevation],Table_SourceData_ClimateZones[Max elevation],Table_SourceData_ClimateZones[Min MAP:PET],Table_SourceData_ClimateZones[Max MAP:PET],Table_SourceData_ClimateZones[Climate zone]) -> Warm temperate dry
A21: =HYPERLINK("#'Input - Data quality'!A1", "Data quality") -> Data quality | D21: Wet or dry climate zone | E21: =Common_InputFunctions.Utility_LookupValueInTable($E$20,Table_SourceData_WetDryZones[Climate zone],Table_SourceData_WetDryZones[Wet or Dry Zone]) -> Dry climate zone
A22: =HYPERLINK("#'Input - Fert Prod System'!A1", "Fert Prod System") -> Fert Prod System | D22: Temperature zone | E22: =Common_InputFunctions.Utility_LookupItemFromMinMax(E14,Table_SourceData_TemperatureZones[Min MAT],Table_SourceData_TemperatureZones[Max MAT],Table_SourceData_TemperatureZones[Temperature Zone]) -> Temperate
A23: =HYPERLINK("#'Input - Fertiliser'!A1", "Fertiliser") -> Fertiliser
A26: CALCULATIONS
A27: =HYPERLINK("#'4.6.1.1-2 Methane'!A1", "4.6.1.1-2 Manure Methane") -> 4.6.1.1-2 Manure Methane
A28: =HYPERLINK("#'4.6.1.3-4 Direct N20'!A1", "4.6.1.3-4 Manure Direct N2O") -> 4.6.1.3-4 Manure Direct N2O
A29: =HYPERLINK("#'4.6.1.5-6 Atmos Dep'!A1", "4.6.1.5-6 Manure Atmos Dep") -> 4.6.1.5-6 Manure Atmos Dep
A30: =HYPERLINK("#'4.6.1.7-8 Leaching and runoff'!A1", "4.6.1.7-8 Manure Leaching and runoff") -> 4.6.1.7-8 Manure Leaching and runoff
A31: =HYPERLINK("#'4.6.1.9 Manure applied to soils'!A1", "4.6.1.9 Manure applied to soils") -> 4.6.1.9 Manure applied to soils
A32: =HYPERLINK("#'4.6.1.10-11 Soil direct N2O'!A1", "4.6.1.10-11 Soil direct N2O") -> 4.6.1.10-11 Soil direct N2O
A33: =HYPERLINK("#'4.6.1.12-13 Soil atmos dep'!A1", "4.6.1.12-13 Soil atmos dep") -> 4.6.1.12-13 Soil atmos dep
A34: =HYPERLINK("#'4.6.1.14-15 Soil leach runoff'!A1", "4.6.1.14-15 Soil leach runoff") -> 4.6.1.14-15 Soil leach runoff
A35: =HYPERLINK("#'8.1.1.1-2 Transport fuel'!A1", "8.1.1.1-2 Transport fuel") -> 8.1.1.1-2 Transport fuel
A36: =HYPERLINK("#'8.2.1.1-2 Stationary fuel'!A1", "8.2.1.1-2 Stationary fuel") -> 8.2.1.1-2 Stationary fuel
A37: =HYPERLINK("#'10.1.1-2 Solid waste treatment'!A1", "10.1.1.1-2 Solid waste") -> 10.1.1.1-2 Solid waste
A38: =HYPERLINK("#'14.1.1-2 Purchased electricity'!A1", "14.1.1-2 Purchased electricity") -> 14.1.1-2 Purchased electricity
A39: =HYPERLINK("#'15 Scope 3'!A1", "15 Scope 3") -> 15 Scope 3
A40: =HYPERLINK("#'Calcs - Manure sent off-site'!A1", "Calcs - Manure sent off-site") -> Calcs - Manure sent off-site
A41: =HYPERLINK("#'5.1.1.1-2 Inorganic fert N2O'!A1", "5.1.1.1-2 Inorganic fert N2O") -> 5.1.1.1-2 Inorganic fert N2O
A42: =HYPERLINK("#'5.1.1.3-4 Inorganic fert CO2'!A1", "5.1.1.3-4 Inorganic fert CO2") -> 5.1.1.3-4 Inorganic fert CO2
A43: =HYPERLINK("#'5.2.1.1-2 Organic Fert N2O'!A1", "5.2.1.1-2 Organic Fert N2O") -> 5.2.1.1-2 Organic Fert N2O
A44: =HYPERLINK("#'5.3.1.1-2 Lime CO2'!A1", "5.3.1.1-2 Lime CO2") -> 5.3.1.1-2 Lime CO2
A45: =HYPERLINK("#'5.4.1.1-4 Atmos deposition'!A1", "5.4.1.1-4 Atmos deposition") -> 5.4.1.1-4 Atmos deposition
A46: =HYPERLINK("#'5.5.1.1-2 Leaching and runoff'!A1", "5.5.1.1-2 Leaching and runoff") -> 5.5.1.1-2 Leaching and runoff
A49: APPENDICES
A50: =HYPERLINK("#'Constants - Poultry'!A1", "Constants - Poultry") -> Constants - Poultry
A51: =HYPERLINK("#'Constants - Common livestock'!A1", "Constants - Common Livestock") -> Constants - Common Livestock
A52: =HYPERLINK("#'Constants - Electricity'!A1", "Constants - Electricity") -> Constants - Electricity
A53: =HYPERLINK("#'Constants - Fertiliser'!A1", "Constants - Fertiliser") -> Constants - Fertiliser
A54: =HYPERLINK("#'Constants - Fuel'!A1", "Constants - Fuel") -> Constants - Fuel
A55: =HYPERLINK("#'Constants - Scope 3'!A1", "Constants - Scope 3") -> Constants - Scope 3
A56: =HYPERLINK("#'Constants - Solid Waste'!A1", "Constants - Solid Waste") -> Constants - Solid Waste
A57: =HYPERLINK("#'Constants - Common'!A1", "Constants - Common") -> Constants - Common

Sheet Input - Poultry
A1: #VALUE! | C1: Input -Poultry
A3: =HYPERLINK("#'Home'!A1", "Home") -> Home
A4: =HYPERLINK("#'Results - Activity period'!A1", "Results - Activity period") -> Results - Activity period
A5: =HYPERLINK("#'Results - Product EI'!A1", "Results - Product Emissions Intensity") -> Results - Product Emissions Intensity | D5: This tool demostrates inputs for one production system.
A8: INPUTS
A9: =HYPERLINK("#'Input - Enterprise'!A1", "Enterprise") -> Enterprise | E9: Layers | F9: Meat chicken growers | G9: Meat chicken breeders | H9: Other
A10: =HYPERLINK("#'Input - Site'!A1", "Site") -> Site | D10: ="Average duration of stay between " & TEXT(X_Cell_Site_StartDate, "dd mmm yy") & " and " & TEXT(X_Cell_Site_EndDate, "dd mmm yy") -> Average duration of stay between 01 Jan 25 and 31 Dec 25 | E10: 365 | F10: 365 | G10: 365 | H10: 365 | I10: Days
A11: =HYPERLINK("#'Input - Poultry'!A1", "Poultry") -> Poultry | D11: ="Average number of birds between " & TEXT(X_Cell_Site_StartDate, "dd mmm yy") & " and " & TEXT(X_Cell_Site_EndDate, "dd mmm yy") -> Average number of birds between 01 Jan 25 and 31 Dec 25 | E11: 100 | F11: 100 | G11: 100 | H11: 100 | I11: Head
A12: =HYPERLINK("#'Input - Livestock sales'!A1", "Livestock sales") -> Livestock sales
A13: =HYPERLINK("#'Input - Poultry purchases'!A1", "Poultry purchases") -> Poultry purchases | D13: Manure production
A14: =HYPERLINK("#'Input - Fuel'!A1", "Fuel") -> Fuel
A15: =HYPERLINK("#'Input - Electricity'!A1", "Electricity") -> Electricity | D15: Method 1 default values (Do not edit) | E15: Layers | F15: Meat chicken growers | G15: Meat chicken breeders | H15: Other
A16: =HYPERLINK("#'Input - Common farm inputs'!A1", "Common farm inputs") -> Common farm inputs | D16: Dry matter intake | E16: ='Constants - Poultry'!E9 -> 0.086 | F16: ='Constants - Poultry'!F9 -> 0.093 | G16: ='Constants - Poultry'!G9 -> 0.103 | H16: ='Constants - Poultry'!H9 -> 0.093 | I16: kg/DM/bird/day
A17: =HYPERLINK("#'Input - Livestock farm Inputs'!A1", "Livestock farm Inputs") -> Livestock farm Inputs | D17: Dry matter digestibility (DMD) | E17: ='Constants - Poultry'!E10 -> 0.8 | F17: ='Constants - Poultry'!F10 -> 0.8 | G17: ='Constants - Poultry'!G10 -> 0.8 | H17: ='Constants - Poultry'!H10 -> 0.8 | I17: fraction
A18: =HYPERLINK("#'Input - Freight'!A1", "Freight") -> Freight | D18: Crude protein (CP) | E18: ='Constants - Poultry'!E11 -> 0.19 | F18: ='Constants - Poultry'!F11 -> 0.23 | G18: ='Constants - Poultry'!G11 -> 0.19 | H18: ='Constants - Poultry'!H11 -> 0.23 | I18: fraction
A19: =HYPERLINK("#'Input - Solid waste'!A1", "Solid waste") -> Solid waste
A20: =HYPERLINK("#'Input - Manure sent off-site'!A1", "Manure sent off-site") -> Manure sent off-site | D20: Method 2 custom values (Edit if known) | E20: Layers | F20: Meat chicken growers | G20: Meat chicken breeders | H20: Other
A21: =HYPERLINK("#'Input - Data quality'!A1", "Data quality") -> Data quality | D21: Dry matter intake | E21: ='Constants - Poultry'!E9 -> 0.086 | F21: ='Constants - Poultry'!F9 -> 0.093 | G21: ='Constants - Poultry'!G9 -> 0.103 | H21: ='Constants - Poultry'!H9 -> 0.093 | I21: kg/DM/bird/day
A22: =HYPERLINK("#'Input - Fert Prod System'!A1", "Fert Prod System") -> Fert Prod System | D22: Dry matter digestibility (DMD) | E22: ='Constants - Poultry'!E10 -> 0.8 | F22: ='Constants - Poultry'!F10 -> 0.8 | G22: ='Constants - Poultry'!G10 -> 0.8 | H22: ='Constants - Poultry'!H10 -> 0.8 | I22: fraction
A23: =HYPERLINK("#'Input - Fertiliser'!A1", "Fertiliser") -> Fertiliser | D23: Crude protein (CP) | E23: ='Constants - Poultry'!E11 -> 0.19 | F23: ='Constants - Poultry'!F11 -> 0.23 | G23: ='Constants - Poultry'!G11 -> 0.19 | H23: ='Constants - Poultry'!H11 -> 0.23 | I23: fraction
D25: Manure management systems
A26: CALCULATIONS
A27: =HYPERLINK("#'4.6.1.1-2 Methane'!A1", "4.6.1.1-2 Manure Methane") -> 4.6.1.1-2 Manure Methane | D27: Production system | E27: Cage | F27: ← Please select
A28: =HYPERLINK("#'4.6.1.3-4 Direct N20'!A1", "4.6.1.3-4 Manure Direct N2O") -> 4.6.1.3-4 Manure Direct N2O
A29: =HYPERLINK("#'4.6.1.5-6 Atmos Dep'!A1", "4.6.1.5-6 Manure Atmos Dep") -> 4.6.1.5-6 Manure Atmos Dep | D29: Stage 1 MMS | E29: Layers | F29: Meat chicken growers | G29: Meat chicken breeders | H29: Other
A30: =HYPERLINK("#'4.6.1.7-8 Leaching and runoff'!A1", "4.6.1.7-8 Manure Leaching and runoff") -> 4.6.1.7-8 Manure Leaching and runoff | D30: ='Constants - Poultry'!G29 -> Poultry manure with bedding | E30: 0.3 | F30: 0.3 | G30: 0.3 | H30: 0.3 | I30: Percent
A31: =HYPERLINK("#'4.6.1.9 Manure applied to soils'!A1", "4.6.1.9 Manure applied to soils") -> 4.6.1.9 Manure applied to soils | D31: ='Constants - Poultry'!G30 -> Belt manure removal | E31: 0.3 | F31: 0.3 | G31: 0.3 | H31: 0.3 | I31: Percent
A32: =HYPERLINK("#'4.6.1.10-11 Soil direct N2O'!A1", "4.6.1.10-11 Soil direct N2O") -> 4.6.1.10-11 Soil direct N2O | D32: ='Constants - Poultry'!G31 -> Manure stored in house | E32: 0.3 | F32: 0.3 | G32: 0.3 | H32: 0.3 | I32: Percent
A33: =HYPERLINK("#'4.6.1.12-13 Soil atmos dep'!A1", "4.6.1.12-13 Soil atmos dep") -> 4.6.1.12-13 Soil atmos dep | D33: ='Constants - Poultry'!G32 -> Pasture range and paddock | E33: 0.1 | F33: 0.1 | G33: 0.1 | H33: 0.1 | I33: Percent
A34: =HYPERLINK("#'4.6.1.14-15 Soil leach runoff'!A1", "4.6.1.14-15 Soil leach runoff") -> 4.6.1.14-15 Soil leach runoff | D34: Total sent to all MMS (Must equal 100%) | E34: =SUM(E30,E31,E32,E33) -> 1 | F34: =SUM(F30,F31,F32,F33) -> 1 | G34: =SUM(G30,G31,G32,G33) -> 1 | H34: =SUM(H30,H31,H32,H33) -> 1
A35: =HYPERLINK("#'8.1.1.1-2 Transport fuel'!A1", "8.1.1.1-2 Transport fuel") -> 8.1.1.1-2 Transport fuel | D35: ▼
A36: =HYPERLINK("#'8.2.1.1-2 Stationary fuel'!A1", "8.2.1.1-2 Stationary fuel") -> 8.2.1.1-2 Stationary fuel | D36: Stage 2 MMS | E36: Layers | F36: Meat chicken growers | G36: Meat chicken breeders | H36: Other | I36: ► | K36: Destination after stage 2 MMS (Percent)
A37: =HYPERLINK("#'10.1.1-2 Solid waste treatment'!A1", "10.1.1.1-2 Solid waste") -> 10.1.1.1-2 Solid waste | D37: ="From stage 1: " & $D$30 -> From stage 1: Poultry manure with bedding | E37: =IF(SUM(E30:H30)>0,"Manure was sent to this MMS, please complete this section.","No manure was sent to this MMS. Leave this section blank.") -> Manure was sent to this MMS, please complete this section. | K37: Sold | L37: Fert for own farm (eg crop) | M37: Direct application to soil
A38: =HYPERLINK("#'14.1.1-2 Purchased electricity'!A1", "14.1.1-2 Purchased electricity") -> 14.1.1-2 Purchased electricity | D38: ='Constants - Poultry'!$J$29 -> Solid storage | E38: 0.2 | F38: 0.2 | G38: 0.2 | H38: 0.2 | I38: Percent | K38: 0.25 | L38: 0.25 | M38: =1-SUM(K38:L38) -> 0.5
A39: =HYPERLINK("#'15 Scope 3'!A1", "15 Scope 3") -> 15 Scope 3 | D39: ='Constants - Poultry'!$J$30 -> Composting (passive windrow) | E39: 0.2 | F39: 0.2 | G39: 0.2 | H39: 0.2 | I39: Percent | K39: 0.25 | L39: 0.25 | M39: =1-SUM(K39:L39) -> 0.5
A40: =HYPERLINK("#'Calcs - Manure sent off-site'!A1", "Calcs - Manure sent off-site") -> Calcs - Manure sent off-site | D40: ='Constants - Poultry'!$J$31 -> Digester / covered lagoons | E40: 0.2 | F40: 0.2 | G40: 0.2 | H40: 0.2 | I40: Percent | K40: 0.25 | L40: 0.25 | M40: =1-SUM(K40:L40) -> 0.5
A41: =HYPERLINK("#'5.1.1.1-2 Inorganic fert N2O'!A1", "5.1.1.1-2 Inorganic fert N2O") -> 5.1.1.1-2 Inorganic fert N2O | D41: ='Constants - Poultry'!$J$32 -> Direct processing | E41: 0.2 | F41: 0.2 | G41: 0.2 | H41: 0.2 | I41: Percent | K41: 0.25 | L41: 0.25 | M41: =1-SUM(K41:L41) -> 0.5
A42: =HYPERLINK("#'5.1.1.3-4 Inorganic fert CO2'!A1", "5.1.1.3-4 Inorganic fert CO2") -> 5.1.1.3-4 Inorganic fert CO2 | D42: ='Constants - Poultry'!$J$33 -> Direct application | E42: =1-SUM(E38:E41) -> 0.2 | F42: =1-SUM(F38:F41) -> 0.2 | G42: =1-SUM(G38:G41) -> 0.2 | H42: =1-SUM(H38:H41) -> 0.2 | I42: Percent | K42: 0 | L42: 0 | M42: =1-SUM(K42:L42) -> 1
A43: =HYPERLINK("#'5.2.1.1-2 Organic Fert N2O'!A1", "5.2.1.1-2 Organic Fert N2O") -> 5.2.1.1-2 Organic Fert N2O
A44: =HYPERLINK("#'5.3.1.1-2 Lime CO2'!A1", "5.3.1.1-2 Lime CO2") -> 5.3.1.1-2 Lime CO2 | D44: ="From stage 1: " & $D$31 -> From stage 1: Belt manure removal | E44: =IF(SUM(E31:H31)>0,"Manure was sent to this MMS, please complete this section.","No manure was sent to this MMS. Leave this section blank.") -> Manure was sent to this MMS, please complete this section. | K44: Sold | L44: Fert for own farm (eg crop) | M44: Direct application to soil
A45: =HYPERLINK("#'5.4.1.1-4 Atmos deposition'!A1", "5.4.1.1-4 Atmos deposition") -> 5.4.1.1-4 Atmos deposition | D45: ='Constants - Poultry'!$J$29 -> Solid storage | E45: 0.2 | F45: 0.2 | G45: 0.2 | H45: 0.2 | I45: Percent | K45: 0.25 | L45: 0.25 | M45: =1-SUM(K45:L45) -> 0.5
A46: =HYPERLINK("#'5.5.1.1-2 Leaching and runoff'!A1", "5.5.1.1-2 Leaching and runoff") -> 5.5.1.1-2 Leaching and runoff | D46: ='Constants - Poultry'!$J$30 -> Composting (passive windrow) | E46: 0.2 | F46: 0.2 | G46: 0.2 | H46: 0.2 | I46: Percent | K46: 0.25 | L46: 0.25 | M46: =1-SUM(K46:L46) -> 0.5
D47: ='Constants - Poultry'!$J$31 -> Digester / covered lagoons | E47: 0.2 | F47: 0.2 | G47: 0.2 | H47: 0.2 | I47: Percent | K47: 0.25 | L47: 0.25 | M47: =1-SUM(K47:L47) -> 0.5
D48: ='Constants - Poultry'!$J$32 -> Direct processing | E48: 0.2 | F48: 0.2 | G48: 0.2 | H48: 0.2 | I48: Percent | K48: 0.25 | L48: 0.25 | M48: =1-SUM(K48:L48) -> 0.5
A49: APPENDICES | D49: ='Constants - Poultry'!$J$33 -> Direct application | E49: =1-SUM(E45:E48) -> 0.2 | F49: =1-SUM(F45:F48) -> 0.2 | G49: =1-SUM(G45:G48) -> 0.2 | H49: =1-SUM(H45:H48) -> 0.2 | K49: 0 | L49: 0 | M49: =1-SUM(K49:L49) -> 1
A50: =HYPERLINK("#'Constants - Poultry'!A1", "Constants - Poultry") -> Constants - Poultry
A51: =HYPERLINK("#'Constants - Common livestock'!A1", "Constants - Common Livestock") -> Constants - Common Livestock | D51: ="From stage 1: " & $D$32 -> From stage 1: Manure stored in house | E51: =IF(SUM(E32:H32)>0,"Manure was sent to this MMS, please complete this section.","No manure was sent to this MMS. Leave this section blank.") -> Manure was sent to this MMS, please complete this section. | K51: Sold | L51: Fert for own farm (eg crop) | M51: Direct application to soil
A52: =HYPERLINK("#'Constants - Electricity'!A1", "Constants - Electricity") -> Constants - Electricity | D52: ='Constants - Poultry'!$J$29 -> Solid storage | E52: 0.2 | F52: 0.2 | G52: 0.2 | H52: 0.2 | I52: Percent | K52: 0.25 | L52: 0.25 | M52: =1-SUM(K52:L52) -> 0.5
A53: =HYPERLINK("#'Constants - Fertiliser'!A1", "Constants - Fertiliser") -> Constants - Fertiliser | D53: ='Constants - Poultry'!$J$30 -> Composting (passive windrow) | E53: 0.2 | F53: 0.2 | G53: 0.2 | H53: 0.2 | I53: Percent | K53: 0.25 | L53: 0.25 | M53: =1-SUM(K53:L53) -> 0.5
A54: =HYPERLINK("#'Constants - Fuel'!A1", "Constants - Fuel") -> Constants - Fuel | D54: ='Constants - Poultry'!$J$31 -> Digester / covered lagoons | E54: 0.2 | F54: 0.2 | G54: 0.2 | H54: 0.2 | I54: Percent | K54: 0.25 | L54: 0.25 | M54: =1-SUM(K54:L54) -> 0.5
A55: =HYPERLINK("#'Constants - Scope 3'!A1", "Constants - Scope 3") -> Constants - Scope 3 | D55: ='Constants - Poultry'!$J$32 -> Direct processing | E55: 0.2 | F55: 0.2 | G55: 0.2 | H55: 0.2 | I55: Percent | K55: 0.25 | L55: 0.25 | M55: =1-SUM(K55:L55) -> 0.5
A56: =HYPERLINK("#'Constants - Solid Waste'!A1", "Constants - Solid Waste") -> Constants - Solid Waste | D56: ='Constants - Poultry'!$J$33 -> Direct application | E56: =1-SUM(E52:E55) -> 0.2 | F56: =1-SUM(F52:F55) -> 0.2 | G56: =1-SUM(G52:G55) -> 0.2 | H56: =1-SUM(H52:H55) -> 0.2 | I56: Percent | K56: 0 | L56: 0 | M56: =1-SUM(K56:L56) -> 1
A57: =HYPERLINK("#'Constants - Common'!A1", "Constants - Common") -> Constants - Common
D59: Where manure was deposited on farm soils, what is the closest match? | E59: Crop | F59: ← Please select
E60: Sprinkler irrigation | F60: ← Please select

Sheet Input - Livestock sales
C1: Input - Livestock sales
A3: =HYPERLINK("#'Home'!A1", "Home") -> Home
A4: =HYPERLINK("#'Results - Activity period'!A1", "Results - Activity period") -> Results - Activity period
A5: =HYPERLINK("#'Results - Product EI'!A1", "Results - Product Emissions Intensity") -> Results - Product Emissions Intensity | D5: ⚠️ Livestock sales are not automatically reflected in the duration and head tables - you will need to manually adjust head count and average liveweight
D6: Transaction name | E6: Class (select) | F6: Sale date | G6: Head sold | H6: Average weight per head (kg) | I6: Total liveweight sold
F7: 45566 | G7: 1000 | H7: 500 | I7: =G7*H7 -> 500000
A8: INPUTS | I8: =G8*H8 -> 0
A9: =HYPERLINK("#'Input - Enterprise'!A1", "Enterprise") -> Enterprise | I9: =G9*H9 -> 0
A10: =HYPERLINK("#'Input - Site'!A1", "Site") -> Site | I10: =G10*H10 -> 0
A11: =HYPERLINK("#'Input - Poultry'!A1", "Poultry") -> Poultry | I11: =G11*H11 -> 0
A12: =HYPERLINK("#'Input - Livestock sales'!A1", "Livestock sales") -> Livestock sales | I12: =G12*H12 -> 0
A13: =HYPERLINK("#'Input - Poultry purchases'!A1", "Poultry purchases") -> Poultry purchases | I13: =G13*H13 -> 0
A14: =HYPERLINK("#'Input - Fuel'!A1", "Fuel") -> Fuel | I14: =G14*H14 -> 0
A15: =HYPERLINK("#'Input - Electricity'!A1", "Electricity") -> Electricity | I15: =G15*H15 -> 0
A16: =HYPERLINK("#'Input - Common farm inputs'!A1", "Common farm inputs") -> Common farm inputs | I16: =G16*H16 -> 0
A17: =HYPERLINK("#'Input - Livestock farm Inputs'!A1", "Livestock farm Inputs") -> Livestock farm Inputs
A18: =HYPERLINK("#'Input - Freight'!A1", "Freight") -> Freight
A19: =HYPERLINK("#'Input - Solid waste'!A1", "Solid waste") -> Solid waste
A20: =HYPERLINK("#'Input - Manure sent off-site'!A1", "Manure sent off-site") -> Manure sent off-site
A21: =HYPERLINK("#'Input - Data quality'!A1", "Data quality") -> Data quality
A22: =HYPERLINK("#'Input - Fert Prod System'!A1", "Fert Prod System") -> Fert Prod System
A23: =HYPERLINK("#'Input - Fertiliser'!A1", "Fertiliser") -> Fertiliser
A26: CALCULATIONS
A27: =HYPERLINK("#'4.6.1.1-2 Methane'!A1", "4.6.1.1-2 Manure Methane") -> 4.6.1.1-2 Manure Methane
A28: =HYPERLINK("#'4.6.1.3-4 Direct N20'!A1", "4.6.1.3-4 Manure Direct N2O") -> 4.6.1.3-4 Manure Direct N2O
A29: =HYPERLINK("#'4.6.1.5-6 Atmos Dep'!A1", "4.6.1.5-6 Manure Atmos Dep") -> 4.6.1.5-6 Manure Atmos Dep
A30: =HYPERLINK("#'4.6.1.7-8 Leaching and runoff'!A1", "4.6.1.7-8 Manure Leaching and runoff") -> 4.6.1.7-8 Manure Leaching and runoff
A31: =HYPERLINK("#'4.6.1.9 Manure applied to soils'!A1", "4.6.1.9 Manure applied to soils") -> 4.6.1.9 Manure applied to soils
A32: =HYPERLINK("#'4.6.1.10-11 Soil direct N2O'!A1", "4.6.1.10-11 Soil direct N2O") -> 4.6.1.10-11 Soil direct N2O
A33: =HYPERLINK("#'4.6.1.12-13 Soil atmos dep'!A1", "4.6.1.12-13 Soil atmos dep") -> 4.6.1.12-13 Soil atmos dep
A34: =HYPERLINK("#'4.6.1.14-15 Soil leach runoff'!A1", "4.6.1.14-15 Soil leach runoff") -> 4.6.1.14-15 Soil leach runoff
A35: =HYPERLINK("#'8.1.1.1-2 Transport fuel'!A1", "8.1.1.1-2 Transport fuel") -> 8.1.1.1-2 Transport fuel
A36: =HYPERLINK("#'8.2.1.1-2 Stationary fuel'!A1", "8.2.1.1-2 Stationary fuel") -> 8.2.1.1-2 Stationary fuel
A37: =HYPERLINK("#'10.1.1-2 Solid waste treatment'!A1", "10.1.1.1-2 Solid waste") -> 10.1.1.1-2 Solid waste
A38: =HYPERLINK("#'14.1.1-2 Purchased electricity'!A1", "14.1.1-2 Purchased electricity") -> 14.1.1-2 Purchased electricity
A39: =HYPERLINK("#'15 Scope 3'!A1", "15 Scope 3") -> 15 Scope 3
A40: =HYPERLINK("#'Calcs - Manure sent off-site'!A1", "Calcs - Manure sent off-site") -> Calcs - Manure sent off-site
A41: =HYPERLINK("#'5.1.1.1-2 Inorganic fert N2O'!A1", "5.1.1.1-2 Inorganic fert N2O") -> 5.1.1.1-2 Inorganic fert N2O
A42: =HYPERLINK("#'5.1.1.3-4 Inorganic fert CO2'!A1", "5.1.1.3-4 Inorganic fert CO2") -> 5.1.1.3-4 Inorganic fert CO2
A43: =HYPERLINK("#'5.2.1.1-2 Organic Fert N2O'!A1", "5.2.1.1-2 Organic Fert N2O") -> 5.2.1.1-2 Organic Fert N2O
A44: =HYPERLINK("#'5.3.1.1-2 Lime CO2'!A1", "5.3.1.1-2 Lime CO2") -> 5.3.1.1-2 Lime CO2
A45: =HYPERLINK("#'5.4.1.1-4 Atmos deposition'!A1", "5.4.1.1-4 Atmos deposition") -> 5.4.1.1-4 Atmos deposition
A46: =HYPERLINK("#'5.5.1.1-2 Leaching and runoff'!A1", "5.5.1.1-2 Leaching and runoff") -> 5.5.1.1-2 Leaching and runoff
A49: APPENDICES
A50: =HYPERLINK("#'Constants - Poultry'!A1", "Constants - Poultry") -> Constants - Poultry
A51: =HYPERLINK("#'Constants - Common livestock'!A1", "Constants - Common Livestock") -> Constants - Common Livestock
A52: =HYPERLINK("#'Constants - Electricity'!A1", "Constants - Electricity") -> Constants - Electricity
A53: =HYPERLINK("#'Constants - Fertiliser'!A1", "Constants - Fertiliser") -> Constants - Fertiliser
A54: =HYPERLINK("#'Constants - Fuel'!A1", "Constants - Fuel") -> Constants - Fuel
A55: =HYPERLINK("#'Constants - Scope 3'!A1", "Constants - Scope 3") -> Constants - Scope 3
A56: =HYPERLINK("#'Constants - Solid Waste'!A1", "Constants - Solid Waste") -> Constants - Solid Waste
A57: =HYPERLINK("#'Constants - Common'!A1", "Constants - Common") -> Constants - Common

Sheet Input - Poultry purchases
A1: #VALUE! | C1: Input - Poultry Purchases
A3: =HYPERLINK("#'Home'!A1", "Home") -> Home
A4: =HYPERLINK("#'Results - Activity period'!A1", "Results - Activity period") -> Results - Activity period
A5: =HYPERLINK("#'Results - Product EI'!A1", "Results - Product Emissions Intensity") -> Results - Product Emissions Intensity | D5: ⚠️ Livestock sales and purchases are not automatically reflected in the duration and head count tables - you will need to manually adjust head count, duration and average liveweight
D6: Transaction name | E6: Class (select) | F6: Quantity (head) | G6: Liveweight (kg/head) Method 1 | H6: Liveweight (kg/head) Method 2
D7: Chooks from Carolyn | E7: Chicken | F7: 100 | G7: {=Common_InputFunctions.Utility_LookupValueInTableNumber(Table_Input_LivestockPurchases_Poultry[[#This Row],[Class (select)]], Table_SourceData_Poultry_Liveweights[Livestock class j],Table_SourceData_Poultry_Liveweights[Average liveweight (kg)])} -> 1.3 | H7: 1.3
A8: INPUTS | D8: Roosters from Raj | E8: Pullets | F8: 100 | G8: {=Common_InputFunctions.Utility_LookupValueInTableNumber(Table_Input_LivestockPurchases_Poultry[[#This Row],[Class (select)]], Table_SourceData_Poultry_Liveweights[Livestock class j],Table_SourceData_Poultry_Liveweights[Average liveweight (kg)])} -> 1.4 | H8: 1.4
A9: =HYPERLINK("#'Input - Enterprise'!A1", "Enterprise") -> Enterprise | G9: {=Common_InputFunctions.Utility_LookupValueInTableNumber(Table_Input_LivestockPurchases_Poultry[[#This Row],[Class (select)]], Table_SourceData_Poultry_Liveweights[Livestock class j],Table_SourceData_Poultry_Liveweights[Average liveweight (kg)])} -> 0
A10: =HYPERLINK("#'Input - Site'!A1", "Site") -> Site | G10: {=Common_InputFunctions.Utility_LookupValueInTableNumber(Table_Input_LivestockPurchases_Poultry[[#This Row],[Class (select)]], Table_SourceData_Poultry_Liveweights[Livestock class j],Table_SourceData_Poultry_Liveweights[Average liveweight (kg)])} -> 0
A11: =HYPERLINK("#'Input - Poultry'!A1", "Poultry") -> Poultry | G11: {=Common_InputFunctions.Utility_LookupValueInTableNumber(Table_Input_LivestockPurchases_Poultry[[#This Row],[Class (select)]], Table_SourceData_Poultry_Liveweights[Livestock class j],Table_SourceData_Poultry_Liveweights[Average liveweight (kg)])} -> 0
A12: =HYPERLINK("#'Input - Livestock sales'!A1", "Livestock sales") -> Livestock sales | G12: {=Common_InputFunctions.Utility_LookupValueInTableNumber(Table_Input_LivestockPurchases_Poultry[[#This Row],[Class (select)]], Table_SourceData_Poultry_Liveweights[Livestock class j],Table_SourceData_Poultry_Liveweights[Average liveweight (kg)])} -> 0
A13: =HYPERLINK("#'Input - Poultry purchases'!A1", "Poultry purchases") -> Poultry purchases | G13: {=Common_InputFunctions.Utility_LookupValueInTableNumber(Table_Input_LivestockPurchases_Poultry[[#This Row],[Class (select)]], Table_SourceData_Poultry_Liveweights[Livestock class j],Table_SourceData_Poultry_Liveweights[Average liveweight (kg)])} -> 0
A14: =HYPERLINK("#'Input - Fuel'!A1", "Fuel") -> Fuel | G14: {=Common_InputFunctions.Utility_LookupValueInTableNumber(Table_Input_LivestockPurchases_Poultry[[#This Row],[Class (select)]], Table_SourceData_Poultry_Liveweights[Livestock class j],Table_SourceData_Poultry_Liveweights[Average liveweight (kg)])} -> 0
A15: =HYPERLINK("#'Input - Electricity'!A1", "Electricity") -> Electricity | G15: {=Common_InputFunctions.Utility_LookupValueInTableNumber(Table_Input_LivestockPurchases_Poultry[[#This Row],[Class (select)]], Table_SourceData_Poultry_Liveweights[Livestock class j],Table_SourceData_Poultry_Liveweights[Average liveweight (kg)])} -> 0
A16: =HYPERLINK("#'Input - Common farm inputs'!A1", "Common farm inputs") -> Common farm inputs | G16: {=Common_InputFunctions.Utility_LookupValueInTableNumber(Table_Input_LivestockPurchases_Poultry[[#This Row],[Class (select)]], Table_SourceData_Poultry_Liveweights[Livestock class j],Table_SourceData_Poultry_Liveweights[Average liveweight (kg)])} -> 0
A17: =HYPERLINK("#'Input - Livestock farm Inputs'!A1", "Livestock farm Inputs") -> Livestock farm Inputs
A18: =HYPERLINK("#'Input - Freight'!A1", "Freight") -> Freight
A19: =HYPERLINK("#'Input - Solid waste'!A1", "Solid waste") -> Solid waste
A20: =HYPERLINK("#'Input - Manure sent off-site'!A1", "Manure sent off-site") -> Manure sent off-site
A21: =HYPERLINK("#'Input - Data quality'!A1", "Data quality") -> Data quality
A22: =HYPERLINK("#'Input - Fert Prod System'!A1", "Fert Prod System") -> Fert Prod System
A23: =HYPERLINK("#'Input - Fertiliser'!A1", "Fertiliser") -> Fertiliser
A26: CALCULATIONS
A27: =HYPERLINK("#'4.6.1.1-2 Methane'!A1", "4.6.1.1-2 Manure Methane") -> 4.6.1.1-2 Manure Methane
A28: =HYPERLINK("#'4.6.1.3-4 Direct N20'!A1", "4.6.1.3-4 Manure Direct N2O") -> 4.6.1.3-4 Manure Direct N2O
A29: =HYPERLINK("#'4.6.1.5-6 Atmos Dep'!A1", "4.6.1.5-6 Manure Atmos Dep") -> 4.6.1.5-6 Manure Atmos Dep
A30: =HYPERLINK("#'4.6.1.7-8 Leaching and runoff'!A1", "4.6.1.7-8 Manure Leaching and runoff") -> 4.6.1.7-8 Manure Leaching and runoff
A31: =HYPERLINK("#'4.6.1.9 Manure applied to soils'!A1", "4.6.1.9 Manure applied to soils") -> 4.6.1.9 Manure applied to soils
A32: =HYPERLINK("#'4.6.1.10-11 Soil direct N2O'!A1", "4.6.1.10-11 Soil direct N2O") -> 4.6.1.10-11 Soil direct N2O
A33: =HYPERLINK("#'4.6.1.12-13 Soil atmos dep'!A1", "4.6.1.12-13 Soil atmos dep") -> 4.6.1.12-13 Soil atmos dep
A34: =HYPERLINK("#'4.6.1.14-15 Soil leach runoff'!A1", "4.6.1.14-15 Soil leach runoff") -> 4.6.1.14-15 Soil leach runoff
A35: =HYPERLINK("#'8.1.1.1-2 Transport fuel'!A1", "8.1.1.1-2 Transport fuel") -> 8.1.1.1-2 Transport fuel
A36: =HYPERLINK("#'8.2.1.1-2 Stationary fuel'!A1", "8.2.1.1-2 Stationary fuel") -> 8.2.1.1-2 Stationary fuel
A37: =HYPERLINK("#'10.1.1-2 Solid waste treatment'!A1", "10.1.1.1-2 Solid waste") -> 10.1.1.1-2 Solid waste
A38: =HYPERLINK("#'14.1.1-2 Purchased electricity'!A1", "14.1.1-2 Purchased electricity") -> 14.1.1-2 Purchased electricity
A39: =HYPERLINK("#'15 Scope 3'!A1", "15 Scope 3") -> 15 Scope 3
A40: =HYPERLINK("#'Calcs - Manure sent off-site'!A1", "Calcs - Manure sent off-site") -> Calcs - Manure sent off-site
A41: =HYPERLINK("#'5.1.1.1-2 Inorganic fert N2O'!A1", "5.1.1.1-2 Inorganic fert N2O") -> 5.1.1.1-2 Inorganic fert N2O
A42: =HYPERLINK("#'5.1.1.3-4 Inorganic fert CO2'!A1", "5.1.1.3-4 Inorganic fert CO2") -> 5.1.1.3-4 Inorganic fert CO2
A43: =HYPERLINK("#'5.2.1.1-2 Organic Fert N2O'!A1", "5.2.1.1-2 Organic Fert N2O") -> 5.2.1.1-2 Organic Fert N2O
A44: =HYPERLINK("#'5.3.1.1-2 Lime CO2'!A1", "5.3.1.1-2 Lime CO2") -> 5.3.1.1-2 Lime CO2
A45: =HYPERLINK("#'5.4.1.1-4 Atmos deposition'!A1", "5.4.1.1-4 Atmos deposition") -> 5.4.1.1-4 Atmos deposition
A46: =HYPERLINK("#'5.5.1.1-2 Leaching and runoff'!A1", "5.5.1.1-2 Leaching and runoff") -> 5.5.1.1-2 Leaching and runoff
A49: APPENDICES
A50: =HYPERLINK("#'Constants - Poultry'!A1", "Constants - Poultry") -> Constants - Poultry
A51: =HYPERLINK("#'Constants - Common livestock'!A1", "Constants - Common Livestock") -> Constants - Common Livestock
A52: =HYPERLINK("#'Constants - Electricity'!A1", "Constants - Electricity") -> Constants - Electricity
A53: =HYPERLINK("#'Constants - Fertiliser'!A1", "Constants - Fertiliser") -> Constants - Fertiliser
A54: =HYPERLINK("#'Constants - Fuel'!A1", "Constants - Fuel") -> Constants - Fuel
A55: =HYPERLINK("#'Constants - Scope 3'!A1", "Constants - Scope 3") -> Constants - Scope 3
A56: =HYPERLINK("#'Constants - Solid Waste'!A1", "Constants - Solid Waste") -> Constants - Solid Waste
A57: =HYPERLINK("#'Constants - Common'!A1", "Constants - Common") -> Constants - Common

Sheet Input - Fuel
A1: #VALUE! | C1: Input - Fuel
A3: =HYPERLINK("#'Home'!A1", "Home") -> Home
A4: =HYPERLINK("#'Results - Activity period'!A1", "Results - Activity period") -> Results - Activity period
A5: =HYPERLINK("#'Results - Product EI'!A1", "Results - Product Emissions Intensity") -> Results - Product Emissions Intensity | D5: Fuel purchases and consumption
D7: A 'Metropolitan' location is:
A8: INPUTS | D8: ● On or east of the dividing range in NSW (including Canberra and Queanbeyan)
A9: =HYPERLINK("#'Input - Enterprise'!A1", "Enterprise") -> Enterprise | D9: ● In Melbourne, Brisbane, Adelaide or Perth
A10: =HYPERLINK("#'Input - Site'!A1", "Site") -> Site
A11: =HYPERLINK("#'Input - Poultry'!A1", "Poultry") -> Poultry | D11: Is the property in a Metropolitan location? | E11: Metro | F11: ← Please select
A12: =HYPERLINK("#'Input - Livestock sales'!A1", "Livestock sales") -> Livestock sales
A13: =HYPERLINK("#'Input - Poultry purchases'!A1", "Poultry purchases") -> Poultry purchases | D13: 💡 You can add more rows to the table by right-clicking on the table and selecting "Insert > Table rows above/below"
A14: =HYPERLINK("#'Input - Fuel'!A1", "Fuel") -> Fuel | D14: 💡 'Percent consumed" is 100% by default. If you purchased more fuel than was consumed you can edit this field.
A15: =HYPERLINK("#'Input - Electricity'!A1", "Electricity") -> Electricity
A16: =HYPERLINK("#'Input - Common farm inputs'!A1", "Common farm inputs") -> Common farm inputs | D16: Fuel use (select) | E16: Fuel type (select) | F16: Amount purchased | G16: Amount unit | H16: Percent consumed | I16: Amount consumed | J16: Amount consumed unit
A17: =HYPERLINK("#'Input - Livestock farm Inputs'!A1", "Livestock farm Inputs") -> Livestock farm Inputs | D17: Power standalone machinery or heating | E17: Town gas in GJ | F17: 100 | G17: {=Common_InputFunctions.Utility_LookupValueInTable(Table_Input_Fuel[[#This Row],[Fuel type (select)]],Table_FuelTypes_Units[Fuel type], Table_FuelTypes_Units[Input Unit])} -> GJ | H17: =1 -> 1 | I17: =Table_Input_Fuel[[#This Row],[Amount purchased]]*Table_Input_Fuel[[#This Row],[Percent consumed]]*IF(Table_Input_Fuel[[#This Row],[Amount unit]]="L", 10^-3, 1) -> 100 | J17: {=Common_InputFunctions.Utility_LookupValueInTable(Table_Input_Fuel[[#This Row],[Fuel type (select)]],Table_FuelTypes_Units[Fuel type], Table_FuelTypes_Units[Unit])} -> GJ
A18: =HYPERLINK("#'Input - Freight'!A1", "Freight") -> Freight | D18: Power standalone machinery or heating | E18: Petrol | F18: 10000 | G18: {=Common_InputFunctions.Utility_LookupValueInTable(Table_Input_Fuel[[#This Row],[Fuel type (select)]],Table_FuelTypes_Units[Fuel type], Table_FuelTypes_Units[Input Unit])} -> L | H18: =1 -> 1 | I18: =Table_Input_Fuel[[#This Row],[Amount purchased]]*Table_Input_Fuel[[#This Row],[Percent consumed]]*IF(Table_Input_Fuel[[#This Row],[Amount unit]]="L", 10^-3, 1) -> 10 | J18: {=Common_InputFunctions.Utility_LookupValueInTable(Table_Input_Fuel[[#This Row],[Fuel type (select)]],Table_FuelTypes_Units[Fuel type], Table_FuelTypes_Units[Unit])} -> kL
A19: =HYPERLINK("#'Input - Solid waste'!A1", "Solid waste") -> Solid waste | D19: Cars and light commercial vehicles | E19: Diesel | F19: 10000 | G19: {=Common_InputFunctions.Utility_LookupValueInTable(Table_Input_Fuel[[#This Row],[Fuel type (select)]],Table_FuelTypes_Units[Fuel type], Table_FuelTypes_Units[Input Unit])} -> L | H19: =1 -> 1 | I19: =Table_Input_Fuel[[#This Row],[Amount purchased]]*Table_Input_Fuel[[#This Row],[Percent consumed]]*IF(Table_Input_Fuel[[#This Row],[Amount unit]]="L", 10^-3, 1) -> 10 | J19: {=Common_InputFunctions.Utility_LookupValueInTable(Table_Input_Fuel[[#This Row],[Fuel type (select)]],Table_FuelTypes_Units[Fuel type], Table_FuelTypes_Units[Unit])} -> kL
A20: =HYPERLINK("#'Input - Manure sent off-site'!A1", "Manure sent off-site") -> Manure sent off-site | D20: Off-road Agriculture and forestry equipment | E20: Diesel | F20: 10000 | G20: {=Common_InputFunctions.Utility_LookupValueInTable(Table_Input_Fuel[[#This Row],[Fuel type (select)]],Table_FuelTypes_Units[Fuel type], Table_FuelTypes_Units[Input Unit])} -> L | H20: =1 -> 1 | I20: =Table_Input_Fuel[[#This Row],[Amount purchased]]*Table_Input_Fuel[[#This Row],[Percent consumed]]*IF(Table_Input_Fuel[[#This Row],[Amount unit]]="L", 10^-3, 1) -> 10 | J20: {=Common_InputFunctions.Utility_LookupValueInTable(Table_Input_Fuel[[#This Row],[Fuel type (select)]],Table_FuelTypes_Units[Fuel type], Table_FuelTypes_Units[Unit])} -> kL
A21: =HYPERLINK("#'Input - Data quality'!A1", "Data quality") -> Data quality | D21: Vessels | E21: Fuel oil | F21: 10000 | G21: {=Common_InputFunctions.Utility_LookupValueInTable(Table_Input_Fuel[[#This Row],[Fuel type (select)]],Table_FuelTypes_Units[Fuel type], Table_FuelTypes_Units[Input Unit])} -> L | H21: =1 -> 1 | I21: =Table_Input_Fuel[[#This Row],[Amount purchased]]*Table_Input_Fuel[[#This Row],[Percent consumed]]*IF(Table_Input_Fuel[[#This Row],[Amount unit]]="L", 10^-3, 1) -> 10 | J21: {=Common_InputFunctions.Utility_LookupValueInTable(Table_Input_Fuel[[#This Row],[Fuel type (select)]],Table_FuelTypes_Units[Fuel type], Table_FuelTypes_Units[Unit])} -> kL
A22: =HYPERLINK("#'Input - Fert Prod System'!A1", "Fert Prod System") -> Fert Prod System
A23: =HYPERLINK("#'Input - Fertiliser'!A1", "Fertiliser") -> Fertiliser
A26: CALCULATIONS
A27: =HYPERLINK("#'4.6.1.1-2 Methane'!A1", "4.6.1.1-2 Manure Methane") -> 4.6.1.1-2 Manure Methane
A28: =HYPERLINK("#'4.6.1.3-4 Direct N20'!A1", "4.6.1.3-4 Manure Direct N2O") -> 4.6.1.3-4 Manure Direct N2O
A29: =HYPERLINK("#'4.6.1.5-6 Atmos Dep'!A1", "4.6.1.5-6 Manure Atmos Dep") -> 4.6.1.5-6 Manure Atmos Dep
A30: =HYPERLINK("#'4.6.1.7-8 Leaching and runoff'!A1", "4.6.1.7-8 Manure Leaching and runoff") -> 4.6.1.7-8 Manure Leaching and runoff
A31: =HYPERLINK("#'4.6.1.9 Manure applied to soils'!A1", "4.6.1.9 Manure applied to soils") -> 4.6.1.9 Manure applied to soils
A32: =HYPERLINK("#'4.6.1.10-11 Soil direct N2O'!A1", "4.6.1.10-11 Soil direct N2O") -> 4.6.1.10-11 Soil direct N2O
A33: =HYPERLINK("#'4.6.1.12-13 Soil atmos dep'!A1", "4.6.1.12-13 Soil atmos dep") -> 4.6.1.12-13 Soil atmos dep
A34: =HYPERLINK("#'4.6.1.14-15 Soil leach runoff'!A1", "4.6.1.14-15 Soil leach runoff") -> 4.6.1.14-15 Soil leach runoff
A35: =HYPERLINK("#'8.1.1.1-2 Transport fuel'!A1", "8.1.1.1-2 Transport fuel") -> 8.1.1.1-2 Transport fuel
A36: =HYPERLINK("#'8.2.1.1-2 Stationary fuel'!A1", "8.2.1.1-2 Stationary fuel") -> 8.2.1.1-2 Stationary fuel
A37: =HYPERLINK("#'10.1.1-2 Solid waste treatment'!A1", "10.1.1.1-2 Solid waste") -> 10.1.1.1-2 Solid waste
A38: =HYPERLINK("#'14.1.1-2 Purchased electricity'!A1", "14.1.1-2 Purchased electricity") -> 14.1.1-2 Purchased electricity
A39: =HYPERLINK("#'15 Scope 3'!A1", "15 Scope 3") -> 15 Scope 3
A40: =HYPERLINK("#'Calcs - Manure sent off-site'!A1", "Calcs - Manure sent off-site") -> Calcs - Manure sent off-site
A41: =HYPERLINK("#'5.1.1.1-2 Inorganic fert N2O'!A1", "5.1.1.1-2 Inorganic fert N2O") -> 5.1.1.1-2 Inorganic fert N2O
A42: =HYPERLINK("#'5.1.1.3-4 Inorganic fert CO2'!A1", "5.1.1.3-4 Inorganic fert CO2") -> 5.1.1.3-4 Inorganic fert CO2
A43: =HYPERLINK("#'5.2.1.1-2 Organic Fert N2O'!A1", "5.2.1.1-2 Organic Fert N2O") -> 5.2.1.1-2 Organic Fert N2O
A44: =HYPERLINK("#'5.3.1.1-2 Lime CO2'!A1", "5.3.1.1-2 Lime CO2") -> 5.3.1.1-2 Lime CO2
A45: =HYPERLINK("#'5.4.1.1-4 Atmos deposition'!A1", "5.4.1.1-4 Atmos deposition") -> 5.4.1.1-4 Atmos deposition
A46: =HYPERLINK("#'5.5.1.1-2 Leaching and runoff'!A1", "5.5.1.1-2 Leaching and runoff") -> 5.5.1.1-2 Leaching and runoff
A49: APPENDICES
A50: =HYPERLINK("#'Constants - Poultry'!A1", "Constants - Poultry") -> Constants - Poultry
A51: =HYPERLINK("#'Constants - Common livestock'!A1", "Constants - Common Livestock") -> Constants - Common Livestock
A52: =HYPERLINK("#'Constants - Electricity'!A1", "Constants - Electricity") -> Constants - Electricity
A53: =HYPERLINK("#'Constants - Fertiliser'!A1", "Constants - Fertiliser") -> Constants - Fertiliser
A54: =HYPERLINK("#'Constants - Fuel'!A1", "Constants - Fuel") -> Constants - Fuel
A55: =HYPERLINK("#'Constants - Scope 3'!A1", "Constants - Scope 3") -> Constants - Scope 3
A56: =HYPERLINK("#'Constants - Solid Waste'!A1", "Constants - Solid Waste") -> Constants - Solid Waste
A57: =HYPERLINK("#'Constants - Common'!A1", "Constants - Common") -> Constants - Common

Sheet Input - Electricity
A1: #VALUE! | C1: Input - Electricity
A3: =HYPERLINK("#'Home'!A1", "Home") -> Home
A4: =HYPERLINK("#'Results - Activity period'!A1", "Results - Activity period") -> Results - Activity period
A5: =HYPERLINK("#'Results - Product EI'!A1", "Results - Product Emissions Intensity") -> Results - Product Emissions Intensity | D5: How do you want to calculate electricity emissions? | E5: Location-based (simpler) | F5: ← Please select
E6: =IF(X_Cell_Electricity_CalculationMethod="Location-based (simpler)", "Complete the fields in the Location-based section", "Complete the fields in the Market-based section") -> Complete the fields in the Location-based section
A8: INPUTS
A9: =HYPERLINK("#'Input - Enterprise'!A1", "Enterprise") -> Enterprise | D9: Option 1: Location-based electricity
A10: =HYPERLINK("#'Input - Site'!A1", "Site") -> Site
A11: =HYPERLINK("#'Input - Poultry'!A1", "Poultry") -> Poultry | D11: State grid electricity purchases
A12: =HYPERLINK("#'Input - Livestock sales'!A1", "Livestock sales") -> Livestock sales
A13: =HYPERLINK("#'Input - Poultry purchases'!A1", "Poultry purchases") -> Poultry purchases | D13: 💡The grid you purchase electricity from is typically the same as the state and region the farm is in.
A14: =HYPERLINK("#'Input - Fuel'!A1", "Fuel") -> Fuel
A15: =HYPERLINK("#'Input - Electricity'!A1", "Electricity") -> Electricity | D15: Amount purchased in kWh | E15: 30000 | F15: kWh
A16: =HYPERLINK("#'Input - Common farm inputs'!A1", "Common farm inputs") -> Common farm inputs | D16: State and region your farm is in | E16: =IF(X_Cell_Site_State="Western Australia", X_Cell_Site_Region, X_Cell_Site_State) -> Western Australia - Outback (South)
A17: =HYPERLINK("#'Input - Livestock farm Inputs'!A1", "Livestock farm Inputs") -> Livestock farm Inputs | D17: Grid where electricity purchased from | E17: Western Australia - North Western Interconnected System (NWIS) | F17: ← Please select
A18: =HYPERLINK("#'Input - Freight'!A1", "Freight") -> Freight
A19: =HYPERLINK("#'Input - Solid waste'!A1", "Solid waste") -> Solid waste
A20: =HYPERLINK("#'Input - Manure sent off-site'!A1", "Manure sent off-site") -> Manure sent off-site
A21: =HYPERLINK("#'Input - Data quality'!A1", "Data quality") -> Data quality | D21: Option 2: Market-based electricity
A22: =HYPERLINK("#'Input - Fert Prod System'!A1", "Fert Prod System") -> Fert Prod System | E22: =IF(E16="ACT", "", "ALERT: Your farm is not in the ACT, so the JRPP is not applicable") -> ALERT: Your farm is not in the ACT, so the JRPP is not applicable
A23: =HYPERLINK("#'Input - Fertiliser'!A1", "Fertiliser") -> Fertiliser | D23: Electricity purchased in kWh (excluding GreenPower providers) | E23: 30000 | F23: kWh
D24: Renewable Power Percentage | E24: 0.1 | F24: percent
D25: Jurisdictional renewable power percentage (ACT only) | E25: 0.1 | F25: percent
A26: CALCULATIONS
A27: =HYPERLINK("#'4.6.1.1-2 Methane'!A1", "4.6.1.1-2 Manure Methane") -> 4.6.1.1-2 Manure Methane | D27: Electricity purchased from an accredited GreenPower provider | E27: 10000 | F27: kWh
A28: =HYPERLINK("#'4.6.1.3-4 Direct N20'!A1", "4.6.1.3-4 Manure Direct N2O") -> 4.6.1.3-4 Manure Direct N2O
A29: =HYPERLINK("#'4.6.1.5-6 Atmos Dep'!A1", "4.6.1.5-6 Manure Atmos Dep") -> 4.6.1.5-6 Manure Atmos Dep | D29: Start of reporting year | E29: =TEXT(X_Cell_Site_StartDate, "dd mmm yyyy") -> 01 Jan 2025
A30: =HYPERLINK("#'4.6.1.7-8 Leaching and runoff'!A1", "4.6.1.7-8 Manure Leaching and runoff") -> 4.6.1.7-8 Manure Leaching and runoff | D30: End of reporting year | E30: =TEXT(X_Cell_Site_EndDate, "dd mmm yyyy") -> 31 Dec 2025
A31: =HYPERLINK("#'4.6.1.9 Manure applied to soils'!A1", "4.6.1.9 Manure applied to soils") -> 4.6.1.9 Manure applied to soils
A32: =HYPERLINK("#'4.6.1.10-11 Soil direct N2O'!A1", "4.6.1.10-11 Soil direct N2O") -> 4.6.1.10-11 Soil direct N2O | D32: Voluntarily surrendered Renewable Energy Certificates (RECs)
A33: =HYPERLINK("#'4.6.1.12-13 Soil atmos dep'!A1", "4.6.1.12-13 Soil atmos dep") -> 4.6.1.12-13 Soil atmos dep
A34: =HYPERLINK("#'4.6.1.14-15 Soil leach runoff'!A1", "4.6.1.14-15 Soil leach runoff") -> 4.6.1.14-15 Soil leach runoff | D34: 💡 You can add more rows to the table by right-clicking on the table and selecting "Insert > Table rows above/below"
A35: =HYPERLINK("#'8.1.1.1-2 Transport fuel'!A1", "8.1.1.1-2 Transport fuel") -> 8.1.1.1-2 Transport fuel
A36: =HYPERLINK("#'8.2.1.1-2 Stationary fuel'!A1", "8.2.1.1-2 Stationary fuel") -> 8.2.1.1-2 Stationary fuel | D36: Description | E36: Source (select) | F36: Generation date | G36: Number of certificates | H36: MWh | I36: Elegibility
A37: =HYPERLINK("#'10.1.1-2 Solid waste treatment'!A1", "10.1.1.1-2 Solid waste") -> 10.1.1.1-2 Solid waste | D37: Dec 2020 certs | E37: Purchased certificate | F37: 44185 | G37: 12 | H37: =Table_Input_RECSurrendered[[#This Row],[Number of certificates]] -> 12 | I37: =IF(DATEDIF(Table_Input_RECSurrendered[[#This Row],[Generation date]],DATEVALUE($E$30),"M")>36,"Ineligible - older than 36 months","Elegible") -> Ineligible - older than 36 months
A38: =HYPERLINK("#'14.1.1-2 Purchased electricity'!A1", "14.1.1-2 Purchased electricity") -> 14.1.1-2 Purchased electricity | D38: Jan 2022 certs | E38: Issued for generated electricity | F38: 44575 | G38: 5 | H38: =Table_Input_RECSurrendered[[#This Row],[Number of certificates]] -> 5 | I38: =IF(DATEDIF(Table_Input_RECSurrendered[[#This Row],[Generation date]],DATEVALUE($E$30),"M")>36,"Ineligible - older than 36 months","Elegible") -> Ineligible - older than 36 months
A39: =HYPERLINK("#'15 Scope 3'!A1", "15 Scope 3") -> 15 Scope 3 | D39: 2024 certs | E39: Purchased certificate | F39: 45438 | G39: 5 | H39: =Table_Input_RECSurrendered[[#This Row],[Number of certificates]] -> 5 | I39: =IF(DATEDIF(Table_Input_RECSurrendered[[#This Row],[Generation date]],DATEVALUE($E$30),"M")>36,"Ineligible - older than 36 months","Elegible") -> Elegible
A40: =HYPERLINK("#'Calcs - Manure sent off-site'!A1", "Calcs - Manure sent off-site") -> Calcs - Manure sent off-site
A41: =HYPERLINK("#'5.1.1.1-2 Inorganic fert N2O'!A1", "5.1.1.1-2 Inorganic fert N2O") -> 5.1.1.1-2 Inorganic fert N2O | D41: Total elegible voluntarily surrendered RECs | E41: =SUMIF(Table_Input_RECSurrendered[Elegibility], "Elegible", Table_Input_RECSurrendered[MWh]) -> 5 | F41: MWh
A42: =HYPERLINK("#'5.1.1.3-4 Inorganic fert CO2'!A1", "5.1.1.3-4 Inorganic fert CO2") -> 5.1.1.3-4 Inorganic fert CO2
A43: =HYPERLINK("#'5.2.1.1-2 Organic Fert N2O'!A1", "5.2.1.1-2 Organic Fert N2O") -> 5.2.1.1-2 Organic Fert N2O | D43: Renewable Energy Certificates (RECs) for electricity produced on-site and consumed by the entity
A44: =HYPERLINK("#'5.3.1.1-2 Lime CO2'!A1", "5.3.1.1-2 Lime CO2") -> 5.3.1.1-2 Lime CO2
A45: =HYPERLINK("#'5.4.1.1-4 Atmos deposition'!A1", "5.4.1.1-4 Atmos deposition") -> 5.4.1.1-4 Atmos deposition | D45: Description | E45: Source | F45: Generation date | G45: Number of certificates | H45: MWh | I45: Elegibility
A46: =HYPERLINK("#'5.5.1.1-2 Leaching and runoff'!A1", "5.5.1.1-2 Leaching and runoff") -> 5.5.1.1-2 Leaching and runoff | D46: May 2022 generated | E46: ="Issued for generated electricity" -> Issued for generated electricity | F46: 44697 | G46: 10 | H46: =Table_Input_RECConsumedByEntity[[#This Row],[Number of certificates]] -> 10 | I46: =IF(AND(Table_Input_RECConsumedByEntity[[#This Row],[Generation date]]>=DATEVALUE($E$29), Table_Input_RECConsumedByEntity[[#This Row],[Generation date]]<= DATEVALUE($E$30)), "Elegible", "Ineligible - outside reporting year") -> Ineligible - outside reporting year
D47: Jul 24 certs generated | E47: ="Issued for generated electricity" -> Issued for generated electricity | F47: 45483 | G47: 4 | H47: =Table_Input_RECConsumedByEntity[[#This Row],[Number of certificates]] -> 4 | I47: =IF(AND(Table_Input_RECConsumedByEntity[[#This Row],[Generation date]]>=DATEVALUE($E$29), Table_Input_RECConsumedByEntity[[#This Row],[Generation date]]<= DATEVALUE($E$30)), "Elegible", "Ineligible - outside reporting year") -> Ineligible - outside reporting year
D48: 45597 | E48: ="Issued for generated electricity" -> Issued for generated electricity | F48: 45607 | G48: 7 | H48: =Table_Input_RECConsumedByEntity[[#This Row],[Number of certificates]] -> 7 | I48: =IF(AND(Table_Input_RECConsumedByEntity[[#This Row],[Generation date]]>=DATEVALUE($E$29), Table_Input_RECConsumedByEntity[[#This Row],[Generation date]]<= DATEVALUE($E$30)), "Elegible", "Ineligible - outside reporting year") -> Ineligible - outside reporting year
A49: APPENDICES
A50: =HYPERLINK("#'Constants - Poultry'!A1", "Constants - Poultry") -> Constants - Poultry | D50: Total elegible RECs for electricity produced on-site and consumed by entity | E50: =SUMIF(Table_Input_RECConsumedByEntity[Elegibility], "Elegible", Table_Input_RECConsumedByEntity[Number of certificates]) -> 0 | F50: MWh
A51: =HYPERLINK("#'Constants - Common livestock'!A1", "Constants - Common Livestock") -> Constants - Common Livestock
A52: =HYPERLINK("#'Constants - Electricity'!A1", "Constants - Electricity") -> Constants - Electricity
A53: =HYPERLINK("#'Constants - Fertiliser'!A1", "Constants - Fertiliser") -> Constants - Fertiliser
A54: =HYPERLINK("#'Constants - Fuel'!A1", "Constants - Fuel") -> Constants - Fuel
A55: =HYPERLINK("#'Constants - Scope 3'!A1", "Constants - Scope 3") -> Constants - Scope 3
A56: =HYPERLINK("#'Constants - Solid Waste'!A1", "Constants - Solid Waste") -> Constants - Solid Waste
A57: =HYPERLINK("#'Constants - Common'!A1", "Constants - Common") -> Constants - Common

Sheet Input - Common farm inputs
A1: #VALUE! | C1: Input - Common farm inputs
A3: =HYPERLINK("#'Home'!A1", "Home") -> Home
A4: =HYPERLINK("#'Results - Activity period'!A1", "Results - Activity period") -> Results - Activity period
A5: =HYPERLINK("#'Results - Product EI'!A1", "Results - Product Emissions Intensity") -> Results - Product Emissions Intensity | D5: Cleaning chemicals
D7: Product name | E7: Type (select) | F7: Quantity purchased (kg)
A8: INPUTS | D8: Acid kleen | E8: Phosphoric acid | F8: 100
A9: =HYPERLINK("#'Input - Enterprise'!A1", "Enterprise") -> Enterprise | D9: Kleen alk | E9: Alkaline cleaner | F9: 100
A10: =HYPERLINK("#'Input - Site'!A1", "Site") -> Site | D10: White king | E10: Bleach | F10: 100
A11: =HYPERLINK("#'Input - Poultry'!A1", "Poultry") -> Poultry | D11: White king | E11: Bleach | F11: 100
A12: =HYPERLINK("#'Input - Livestock sales'!A1", "Livestock sales") -> Livestock sales | D12: Acid kleen | E12: Phosphoric acid | F12: 100
A13: =HYPERLINK("#'Input - Poultry purchases'!A1", "Poultry purchases") -> Poultry purchases | D13: Acid kleen | E13: Phosphoric acid | F13: 100
A14: =HYPERLINK("#'Input - Fuel'!A1", "Fuel") -> Fuel
A15: =HYPERLINK("#'Input - Electricity'!A1", "Electricity") -> Electricity
A16: =HYPERLINK("#'Input - Common farm inputs'!A1", "Common farm inputs") -> Common farm inputs
A17: =HYPERLINK("#'Input - Livestock farm Inputs'!A1", "Livestock farm Inputs") -> Livestock farm Inputs
A18: =HYPERLINK("#'Input - Freight'!A1", "Freight") -> Freight
A19: =HYPERLINK("#'Input - Solid waste'!A1", "Solid waste") -> Solid waste
A20: =HYPERLINK("#'Input - Manure sent off-site'!A1", "Manure sent off-site") -> Manure sent off-site | D20: Services and contractors
A21: =HYPERLINK("#'Input - Data quality'!A1", "Data quality") -> Data quality
A22: =HYPERLINK("#'Input - Fert Prod System'!A1", "Fert Prod System") -> Fert Prod System | D22: Service provider / contractor | E22: Activity | F22: Total amount | G22: Amount unit
A23: =HYPERLINK("#'Input - Fertiliser'!A1", "Fertiliser") -> Fertiliser | D23: Pete's Pickers | E23: Fruit picking | F23: 10000 | G23: Hour
D24: Harini's Harvesting Services Pty Ltd | E24: Wheat harvesting | F24: 1000 | G24: Hectare
A26: CALCULATIONS
A27: =HYPERLINK("#'4.6.1.1-2 Methane'!A1", "4.6.1.1-2 Manure Methane") -> 4.6.1.1-2 Manure Methane
A28: =HYPERLINK("#'4.6.1.3-4 Direct N20'!A1", "4.6.1.3-4 Manure Direct N2O") -> 4.6.1.3-4 Manure Direct N2O
A29: =HYPERLINK("#'4.6.1.5-6 Atmos Dep'!A1", "4.6.1.5-6 Manure Atmos Dep") -> 4.6.1.5-6 Manure Atmos Dep
A30: =HYPERLINK("#'4.6.1.7-8 Leaching and runoff'!A1", "4.6.1.7-8 Manure Leaching and runoff") -> 4.6.1.7-8 Manure Leaching and runoff
A31: =HYPERLINK("#'4.6.1.9 Manure applied to soils'!A1", "4.6.1.9 Manure applied to soils") -> 4.6.1.9 Manure applied to soils
A32: =HYPERLINK("#'4.6.1.10-11 Soil direct N2O'!A1", "4.6.1.10-11 Soil direct N2O") -> 4.6.1.10-11 Soil direct N2O
A33: =HYPERLINK("#'4.6.1.12-13 Soil atmos dep'!A1", "4.6.1.12-13 Soil atmos dep") -> 4.6.1.12-13 Soil atmos dep
A34: =HYPERLINK("#'4.6.1.14-15 Soil leach runoff'!A1", "4.6.1.14-15 Soil leach runoff") -> 4.6.1.14-15 Soil leach runoff
A35: =HYPERLINK("#'8.1.1.1-2 Transport fuel'!A1", "8.1.1.1-2 Transport fuel") -> 8.1.1.1-2 Transport fuel | D35: Uncategorised products
A36: =HYPERLINK("#'8.2.1.1-2 Stationary fuel'!A1", "8.2.1.1-2 Stationary fuel") -> 8.2.1.1-2 Stationary fuel
A37: =HYPERLINK("#'10.1.1-2 Solid waste treatment'!A1", "10.1.1.1-2 Solid waste") -> 10.1.1.1-2 Solid waste | D37: Product / service name | E37: Amount | F37: Amount unit
A38: =HYPERLINK("#'14.1.1-2 Purchased electricity'!A1", "14.1.1-2 Purchased electricity") -> 14.1.1-2 Purchased electricity | D38: Something | E38: 1000 | F38: kg
A39: =HYPERLINK("#'15 Scope 3'!A1", "15 Scope 3") -> 15 Scope 3
A40: =HYPERLINK("#'Calcs - Manure sent off-site'!A1", "Calcs - Manure sent off-site") -> Calcs - Manure sent off-site
A41: =HYPERLINK("#'5.1.1.1-2 Inorganic fert N2O'!A1", "5.1.1.1-2 Inorganic fert N2O") -> 5.1.1.1-2 Inorganic fert N2O
A42: =HYPERLINK("#'5.1.1.3-4 Inorganic fert CO2'!A1", "5.1.1.3-4 Inorganic fert CO2") -> 5.1.1.3-4 Inorganic fert CO2
A43: =HYPERLINK("#'5.2.1.1-2 Organic Fert N2O'!A1", "5.2.1.1-2 Organic Fert N2O") -> 5.2.1.1-2 Organic Fert N2O
A44: =HYPERLINK("#'5.3.1.1-2 Lime CO2'!A1", "5.3.1.1-2 Lime CO2") -> 5.3.1.1-2 Lime CO2
A45: =HYPERLINK("#'5.4.1.1-4 Atmos deposition'!A1", "5.4.1.1-4 Atmos deposition") -> 5.4.1.1-4 Atmos deposition
A46: =HYPERLINK("#'5.5.1.1-2 Leaching and runoff'!A1", "5.5.1.1-2 Leaching and runoff") -> 5.5.1.1-2 Leaching and runoff
A49: APPENDICES
A50: =HYPERLINK("#'Constants - Poultry'!A1", "Constants - Poultry") -> Constants - Poultry
A51: =HYPERLINK("#'Constants - Common livestock'!A1", "Constants - Common Livestock") -> Constants - Common Livestock
A52: =HYPERLINK("#'Constants - Electricity'!A1", "Constants - Electricity") -> Constants - Electricity
A53: =HYPERLINK("#'Constants - Fertiliser'!A1", "Constants - Fertiliser") -> Constants - Fertiliser
A54: =HYPERLINK("#'Constants - Fuel'!A1", "Constants - Fuel") -> Constants - Fuel
A55: =HYPERLINK("#'Constants - Scope 3'!A1", "Constants - Scope 3") -> Constants - Scope 3
A56: =HYPERLINK("#'Constants - Solid Waste'!A1", "Constants - Solid Waste") -> Constants - Solid Waste
A57: =HYPERLINK("#'Constants - Common'!A1", "Constants - Common") -> Constants - Common

Sheet Input - Livestock farm Inputs
C1: Input - Livestock farm inputs
A3: =HYPERLINK("#'Home'!A1", "Home") -> Home
A4: =HYPERLINK("#'Results - Activity period'!A1", "Results - Activity period") -> Results - Activity period
A5: =HYPERLINK("#'Results - Product EI'!A1", "Results - Product Emissions Intensity") -> Results - Product Emissions Intensity | D5: Feed
D6: Lick blocks
D7: {=Table_SourceData_Scope3_LickBlocks[Product]} -> Lick block, dry season mix | E7: 100 | F7: kg
A8: INPUTS | D8: Lick block, mineral | E8: 100 | F8: kg
A9: =HYPERLINK("#'Input - Enterprise'!A1", "Enterprise") -> Enterprise | D9: Lick block, weaner | E9: 100 | F9: kg
A10: =HYPERLINK("#'Input - Site'!A1", "Site") -> Site
A11: =HYPERLINK("#'Input - Poultry'!A1", "Poultry") -> Poultry | D11: Feed rations
A12: =HYPERLINK("#'Input - Livestock sales'!A1", "Livestock sales") -> Livestock sales | D12: {=Table_SourceData_Scope3_MixedRations[Product]} -> Feed for chickens | E12: 100 | F12: kg
A13: =HYPERLINK("#'Input - Poultry purchases'!A1", "Poultry purchases") -> Poultry purchases | D13: Feed for dairy calves | E13: 100 | F13: kg
A14: =HYPERLINK("#'Input - Fuel'!A1", "Fuel") -> Fuel | D14: Feed for dairy cows | E14: 100 | F14: kg
A15: =HYPERLINK("#'Input - Electricity'!A1", "Electricity") -> Electricity | D15: Feed for pigs | E15: 100 | F15: kg
A16: =HYPERLINK("#'Input - Common farm inputs'!A1", "Common farm inputs") -> Common farm inputs
A17: =HYPERLINK("#'Input - Livestock farm Inputs'!A1", "Livestock farm Inputs") -> Livestock farm Inputs | D17: Purchased feed blends for livestock
A18: =HYPERLINK("#'Input - Freight'!A1", "Freight") -> Freight | D18: Feed blend name | E18: Amount fed (kg) | F18: Ingredient 1 (select) | G18: Ingredient 1 source region | H18: Ingredient 1 percent | I18: Ingredient 2 (select) | J18: Ingredient 2 source region | K18: Ingredient 2 percent | L18: Ingredient 3 (select) | M18: Ingredient 3 source region | N18: Ingredient 3 percent | O18: Ingredient 4 (select) | P18: Ingredient 4 source region | Q18: Ingredient 4 percent
A19: =HYPERLINK("#'Input - Solid waste'!A1", "Solid waste") -> Solid waste | E19: 1200 | F19: Cereal silage | G19: SA | H19: 0.35 | I19: Cereal hay | J19: SA | K19: 0.22 | L19: Canola oil | M19: Australia | N19: 0.12 | O19: Molasses | P19: QLD | Q19: 0.05
A20: =HYPERLINK("#'Input - Manure sent off-site'!A1", "Manure sent off-site") -> Manure sent off-site | E20: 3456 | F20: Lucerne hay | G20: Australia | H20: 0.2 | I20: Lucerne hay | J20: NSW | K20: 0.2
A21: =HYPERLINK("#'Input - Data quality'!A1", "Data quality") -> Data quality | D21: Hay bales in paddock | E21: 300 | F21: Wheat grain | G21: SA | H21: 0.8 | I21: Soybean meal | J21: Brazil | K21: 0.2
A22: =HYPERLINK("#'Input - Fert Prod System'!A1", "Fert Prod System") -> Fert Prod System | E22: 500 | F22: Pasture hay | G22: VIC | H22: 1
A23: =HYPERLINK("#'Input - Fertiliser'!A1", "Fertiliser") -> Fertiliser
A26: CALCULATIONS
A27: =HYPERLINK("#'4.6.1.1-2 Methane'!A1", "4.6.1.1-2 Manure Methane") -> 4.6.1.1-2 Manure Methane
A28: =HYPERLINK("#'4.6.1.3-4 Direct N20'!A1", "4.6.1.3-4 Manure Direct N2O") -> 4.6.1.3-4 Manure Direct N2O
A29: =HYPERLINK("#'4.6.1.5-6 Atmos Dep'!A1", "4.6.1.5-6 Manure Atmos Dep") -> 4.6.1.5-6 Manure Atmos Dep
A30: =HYPERLINK("#'4.6.1.7-8 Leaching and runoff'!A1", "4.6.1.7-8 Manure Leaching and runoff") -> 4.6.1.7-8 Manure Leaching and runoff
A31: =HYPERLINK("#'4.6.1.9 Manure applied to soils'!A1", "4.6.1.9 Manure applied to soils") -> 4.6.1.9 Manure applied to soils | D31: Livestock pharmacy chemicals
A32: =HYPERLINK("#'4.6.1.10-11 Soil direct N2O'!A1", "4.6.1.10-11 Soil direct N2O") -> 4.6.1.10-11 Soil direct N2O | D32: Product name | E32: Type (select) | F32: Number of head treated
A33: =HYPERLINK("#'4.6.1.12-13 Soil atmos dep'!A1", "4.6.1.12-13 Soil atmos dep") -> 4.6.1.12-13 Soil atmos dep | D33: Cow bug off | E33: Parasite control for cattle (external), dipping | F33: 100
A34: =HYPERLINK("#'4.6.1.14-15 Soil leach runoff'!A1", "4.6.1.14-15 Soil leach runoff") -> 4.6.1.14-15 Soil leach runoff | D34: Cow worm-away | E34: Parasite control for cattle (internal) | F34: 100
A35: =HYPERLINK("#'8.1.1.1-2 Transport fuel'!A1", "8.1.1.1-2 Transport fuel") -> 8.1.1.1-2 Transport fuel | D35: Sheep bug off | E35: Parasite control for sheep (external) | F35: 100
A36: =HYPERLINK("#'8.2.1.1-2 Stationary fuel'!A1", "8.2.1.1-2 Stationary fuel") -> 8.2.1.1-2 Stationary fuel | D36: Sheep worm-away | E36: Parasite control for sheep (internal) | F36: 100
A37: =HYPERLINK("#'10.1.1-2 Solid waste treatment'!A1", "10.1.1.1-2 Solid waste") -> 10.1.1.1-2 Solid waste | D37: Cow bug off | E37: Parasite control for cattle (external), dipping | F37: 100
A38: =HYPERLINK("#'14.1.1-2 Purchased electricity'!A1", "14.1.1-2 Purchased electricity") -> 14.1.1-2 Purchased electricity | D38: Cow worm-away | E38: Parasite control for cattle (internal) | F38: 100
A39: =HYPERLINK("#'15 Scope 3'!A1", "15 Scope 3") -> 15 Scope 3
A40: =HYPERLINK("#'Calcs - Manure sent off-site'!A1", "Calcs - Manure sent off-site") -> Calcs - Manure sent off-site
A41: =HYPERLINK("#'5.1.1.1-2 Inorganic fert N2O'!A1", "5.1.1.1-2 Inorganic fert N2O") -> 5.1.1.1-2 Inorganic fert N2O
A42: =HYPERLINK("#'5.1.1.3-4 Inorganic fert CO2'!A1", "5.1.1.3-4 Inorganic fert CO2") -> 5.1.1.3-4 Inorganic fert CO2
A43: =HYPERLINK("#'5.2.1.1-2 Organic Fert N2O'!A1", "5.2.1.1-2 Organic Fert N2O") -> 5.2.1.1-2 Organic Fert N2O
A44: =HYPERLINK("#'5.3.1.1-2 Lime CO2'!A1", "5.3.1.1-2 Lime CO2") -> 5.3.1.1-2 Lime CO2
A45: =HYPERLINK("#'5.4.1.1-4 Atmos deposition'!A1", "5.4.1.1-4 Atmos deposition") -> 5.4.1.1-4 Atmos deposition
A46: =HYPERLINK("#'5.5.1.1-2 Leaching and runoff'!A1", "5.5.1.1-2 Leaching and runoff") -> 5.5.1.1-2 Leaching and runoff | D46: Miscellaneous inputs
D47: ='Constants - Scope 3'!E202 -> Animal ear tags (large) | E47: 100 | F47: tags
D48: ='Constants - Scope 3'!E203 -> Animal ear tags (small) | E48: 200 | F48: tags
A49: APPENDICES
A50: =HYPERLINK("#'Constants - Poultry'!A1", "Constants - Poultry") -> Constants - Poultry
A51: =HYPERLINK("#'Constants - Common livestock'!A1", "Constants - Common Livestock") -> Constants - Common Livestock
A52: =HYPERLINK("#'Constants - Electricity'!A1", "Constants - Electricity") -> Constants - Electricity
A53: =HYPERLINK("#'Constants - Fertiliser'!A1", "Constants - Fertiliser") -> Constants - Fertiliser
A54: =HYPERLINK("#'Constants - Fuel'!A1", "Constants - Fuel") -> Constants - Fuel
A55: =HYPERLINK("#'Constants - Scope 3'!A1", "Constants - Scope 3") -> Constants - Scope 3
A56: =HYPERLINK("#'Constants - Solid Waste'!A1", "Constants - Solid Waste") -> Constants - Solid Waste
A57: =HYPERLINK("#'Constants - Common'!A1", "Constants - Common") -> Constants - Common

Sheet Input - Freight
C1: Input - Freight
A3: =HYPERLINK("#'Home'!A1", "Home") -> Home
A4: =HYPERLINK("#'Results - Activity period'!A1", "Results - Activity period") -> Results - Activity period
A5: =HYPERLINK("#'Results - Product EI'!A1", "Results - Product Emissions Intensity") -> Results - Product Emissions Intensity
D6: Incoming freight
A8: INPUTS | D8: Route name | E8: Freight type (select) | F8: Route distance (km) | G8: Average weight of freight per trip (t) | H8: Number of trips taken
A9: =HYPERLINK("#'Input - Enterprise'!A1", "Enterprise") -> Enterprise | D9: Melbourne depot to farm depot weekly | E9: Transport in truck | F9: 986 | G9: 10 | H9: 52
A10: =HYPERLINK("#'Input - Site'!A1", "Site") -> Site | D10: Fertiliser supplier to farm | E10: Rail | F10: 65 | G10: 10 | H10: 6
A11: =HYPERLINK("#'Input - Poultry'!A1", "Poultry") -> Poultry
A12: =HYPERLINK("#'Input - Livestock sales'!A1", "Livestock sales") -> Livestock sales
A13: =HYPERLINK("#'Input - Poultry purchases'!A1", "Poultry purchases") -> Poultry purchases
A14: =HYPERLINK("#'Input - Fuel'!A1", "Fuel") -> Fuel
A15: =HYPERLINK("#'Input - Electricity'!A1", "Electricity") -> Electricity
A16: =HYPERLINK("#'Input - Common farm inputs'!A1", "Common farm inputs") -> Common farm inputs
A17: =HYPERLINK("#'Input - Livestock farm Inputs'!A1", "Livestock farm Inputs") -> Livestock farm Inputs
A18: =HYPERLINK("#'Input - Freight'!A1", "Freight") -> Freight
A19: =HYPERLINK("#'Input - Solid waste'!A1", "Solid waste") -> Solid waste
A20: =HYPERLINK("#'Input - Manure sent off-site'!A1", "Manure sent off-site") -> Manure sent off-site
A21: =HYPERLINK("#'Input - Data quality'!A1", "Data quality") -> Data quality
A22: =HYPERLINK("#'Input - Fert Prod System'!A1", "Fert Prod System") -> Fert Prod System | D22: Outgoing freight
A23: =HYPERLINK("#'Input - Fertiliser'!A1", "Fertiliser") -> Fertiliser
D24: Route name | E24: Freight type (select) | F24: Route distance (km) | G24: Average weight of freight per trip (t) | H24: Number of trips taken
D25: Farm to bulk handler | E25: Transport in truck | F25: 65 | G25: 20 | H25: 52
A26: CALCULATIONS
A27: =HYPERLINK("#'4.6.1.1-2 Methane'!A1", "4.6.1.1-2 Manure Methane") -> 4.6.1.1-2 Manure Methane
A28: =HYPERLINK("#'4.6.1.3-4 Direct N20'!A1", "4.6.1.3-4 Manure Direct N2O") -> 4.6.1.3-4 Manure Direct N2O
A29: =HYPERLINK("#'4.6.1.5-6 Atmos Dep'!A1", "4.6.1.5-6 Manure Atmos Dep") -> 4.6.1.5-6 Manure Atmos Dep
A30: =HYPERLINK("#'4.6.1.7-8 Leaching and runoff'!A1", "4.6.1.7-8 Manure Leaching and runoff") -> 4.6.1.7-8 Manure Leaching and runoff
A31: =HYPERLINK("#'4.6.1.9 Manure applied to soils'!A1", "4.6.1.9 Manure applied to soils") -> 4.6.1.9 Manure applied to soils
A32: =HYPERLINK("#'4.6.1.10-11 Soil direct N2O'!A1", "4.6.1.10-11 Soil direct N2O") -> 4.6.1.10-11 Soil direct N2O
A33: =HYPERLINK("#'4.6.1.12-13 Soil atmos dep'!A1", "4.6.1.12-13 Soil atmos dep") -> 4.6.1.12-13 Soil atmos dep
A34: =HYPERLINK("#'4.6.1.14-15 Soil leach runoff'!A1", "4.6.1.14-15 Soil leach runoff") -> 4.6.1.14-15 Soil leach runoff
A35: =HYPERLINK("#'8.1.1.1-2 Transport fuel'!A1", "8.1.1.1-2 Transport fuel") -> 8.1.1.1-2 Transport fuel
A36: =HYPERLINK("#'8.2.1.1-2 Stationary fuel'!A1", "8.2.1.1-2 Stationary fuel") -> 8.2.1.1-2 Stationary fuel
A37: =HYPERLINK("#'10.1.1-2 Solid waste treatment'!A1", "10.1.1.1-2 Solid waste") -> 10.1.1.1-2 Solid waste
A38: =HYPERLINK("#'14.1.1-2 Purchased electricity'!A1", "14.1.1-2 Purchased electricity") -> 14.1.1-2 Purchased electricity
A39: =HYPERLINK("#'15 Scope 3'!A1", "15 Scope 3") -> 15 Scope 3
A40: =HYPERLINK("#'Calcs - Manure sent off-site'!A1", "Calcs - Manure sent off-site") -> Calcs - Manure sent off-site
A41: =HYPERLINK("#'5.1.1.1-2 Inorganic fert N2O'!A1", "5.1.1.1-2 Inorganic fert N2O") -> 5.1.1.1-2 Inorganic fert N2O
A42: =HYPERLINK("#'5.1.1.3-4 Inorganic fert CO2'!A1", "5.1.1.3-4 Inorganic fert CO2") -> 5.1.1.3-4 Inorganic fert CO2
A43: =HYPERLINK("#'5.2.1.1-2 Organic Fert N2O'!A1", "5.2.1.1-2 Organic Fert N2O") -> 5.2.1.1-2 Organic Fert N2O
A44: =HYPERLINK("#'5.3.1.1-2 Lime CO2'!A1", "5.3.1.1-2 Lime CO2") -> 5.3.1.1-2 Lime CO2
A45: =HYPERLINK("#'5.4.1.1-4 Atmos deposition'!A1", "5.4.1.1-4 Atmos deposition") -> 5.4.1.1-4 Atmos deposition
A46: =HYPERLINK("#'5.5.1.1-2 Leaching and runoff'!A1", "5.5.1.1-2 Leaching and runoff") -> 5.5.1.1-2 Leaching and runoff
A49: APPENDICES
A50: =HYPERLINK("#'Constants - Poultry'!A1", "Constants - Poultry") -> Constants - Poultry
A51: =HYPERLINK("#'Constants - Common livestock'!A1", "Constants - Common Livestock") -> Constants - Common Livestock
A52: =HYPERLINK("#'Constants - Electricity'!A1", "Constants - Electricity") -> Constants - Electricity
A53: =HYPERLINK("#'Constants - Fertiliser'!A1", "Constants - Fertiliser") -> Constants - Fertiliser
A54: =HYPERLINK("#'Constants - Fuel'!A1", "Constants - Fuel") -> Constants - Fuel
A55: =HYPERLINK("#'Constants - Scope 3'!A1", "Constants - Scope 3") -> Constants - Scope 3
A56: =HYPERLINK("#'Constants - Solid Waste'!A1", "Constants - Solid Waste") -> Constants - Solid Waste
A57: =HYPERLINK("#'Constants - Common'!A1", "Constants - Common") -> Constants - Common

Sheet Input - Solid waste
A1: #VALUE! | C1: Input - Solid waste
A3: =HYPERLINK("#'Home'!A1", "Home") -> Home
A4: =HYPERLINK("#'Results - Activity period'!A1", "Results - Activity period") -> Results - Activity period
A5: =HYPERLINK("#'Results - Product EI'!A1", "Results - Product Emissions Intensity") -> Results - Product Emissions Intensity | D5: Solid waste treatment
D7: 💡 You can add more rows to the table by right-clicking on the table and selecting "Insert > Table rows above/below"
A8: INPUTS
A9: =HYPERLINK("#'Input - Enterprise'!A1", "Enterprise") -> Enterprise | D9: Description | E9: Treatment type (select) | F9: Waste type (select) | G9: Treatment location (select) | H9: Amount | I9: Amount unit (select)
A10: =HYPERLINK("#'Input - Site'!A1", "Site") -> Site | D10: Compost paper and cardboard on site (tonnes) | E10: Composting | F10: Paper and cardboard | G10: Removed and treated off-site | H10: 50 | I10: tonnes
A11: =HYPERLINK("#'Input - Poultry'!A1", "Poultry") -> Poultry | D11: Compost paper and cardboard on site (m3) | E11: Composting | F11: Paper and cardboard | G11: Treated on-site | H11: 50 | I11: cubic metres m3
A12: =HYPERLINK("#'Input - Livestock sales'!A1", "Livestock sales") -> Livestock sales | D12: Compost food waste on site (tonnes) | E12: Composting | F12: Food waste (including animal carcasses, spoiled animal feed or crop) | G12: Removed and treated off-site | H12: 50 | I12: tonnes
A13: =HYPERLINK("#'Input - Poultry purchases'!A1", "Poultry purchases") -> Poultry purchases | D13: Compost food waste on site (m3) | E13: Composting | F13: Food waste (including animal carcasses, spoiled animal feed or crop) | G13: Treated on-site | H13: 50 | I13: cubic metres m3
A14: =HYPERLINK("#'Input - Fuel'!A1", "Fuel") -> Fuel | D14: Landfill food waste offsite (tonnes) | E14: Landfill | F14: Food waste (including animal carcasses, spoiled animal feed or crop) | G14: Removed and treated off-site | H14: 50 | I14: tonnes
A15: =HYPERLINK("#'Input - Electricity'!A1", "Electricity") -> Electricity | D15: Landfill food waste offsite (m3) | E15: Landfill | F15: Food waste (including animal carcasses, spoiled animal feed or crop) | G15: Removed and treated off-site | H15: 50 | I15: cubic metres m3
A16: =HYPERLINK("#'Input - Common farm inputs'!A1", "Common farm inputs") -> Common farm inputs | D16: Landfill food waste on site (tonnes) | E16: Landfill | F16: Food waste (including animal carcasses, spoiled animal feed or crop) | G16: Treated on-site | H16: 50 | I16: tonnes
A17: =HYPERLINK("#'Input - Livestock farm Inputs'!A1", "Livestock farm Inputs") -> Livestock farm Inputs | D17: Landfill food waste on site (m3) | E17: Landfill | F17: Food waste (including animal carcasses, spoiled animal feed or crop) | G17: Treated on-site | H17: 50 | I17: cubic metres m3
A18: =HYPERLINK("#'Input - Freight'!A1", "Freight") -> Freight | D18: Landfill Paper offsite (tonnes) | E18: Landfill | F18: Paper and cardboard | G18: Removed and treated off-site | H18: 50 | I18: tonnes
A19: =HYPERLINK("#'Input - Solid waste'!A1", "Solid waste") -> Solid waste | D19: Landfill Paper waste offsite (m3) | E19: Landfill | F19: Paper and cardboard | G19: Removed and treated off-site | H19: 50 | I19: cubic metres m3
A20: =HYPERLINK("#'Input - Manure sent off-site'!A1", "Manure sent off-site") -> Manure sent off-site | D20: Landfill Paper waste on site (tonnes) | E20: Landfill | F20: Paper and cardboard | G20: Treated on-site | H20: 50 | I20: tonnes
A21: =HYPERLINK("#'Input - Data quality'!A1", "Data quality") -> Data quality | D21: Landfill Paper on site (m3) | E21: Landfill | F21: Paper and cardboard | G21: Treated on-site | H21: 50 | I21: cubic metres m3
A22: =HYPERLINK("#'Input - Fert Prod System'!A1", "Fert Prod System") -> Fert Prod System | D22: Landfill Green waste offsite (tonnes) | E22: Landfill | F22: Green waste (including crop residues or prunings) | G22: Removed and treated off-site | H22: 50 | I22: tonnes
A23: =HYPERLINK("#'Input - Fertiliser'!A1", "Fertiliser") -> Fertiliser | D23: Landfill Green waste offsite (m3) | E23: Landfill | F23: Green waste (including crop residues or prunings) | G23: Removed and treated off-site | H23: 50 | I23: cubic metres m3
D24: Landfill Green waste on site (tonnes) | E24: Landfill | F24: Green waste (including crop residues or prunings) | G24: Treated on-site | H24: 50 | I24: tonnes
D25: Landfill Green waste on site (m3) | E25: Landfill | F25: Green waste (including crop residues or prunings) | G25: Treated on-site | H25: 50 | I25: cubic metres m3
A26: CALCULATIONS | D26: Incineration paper and cardboard on site (tonnes) | E26: Incineration | F26: Paper and cardboard | G26: Treated on-site | H26: 50 | I26: tonnes
A27: =HYPERLINK("#'4.6.1.1-2 Methane'!A1", "4.6.1.1-2 Manure Methane") -> 4.6.1.1-2 Manure Methane | D27: Incineration paper and cardboard on site (m3) | E27: Incineration | F27: Paper and cardboard | G27: Treated on-site | H27: 50 | I27: cubic metres m3
A28: =HYPERLINK("#'4.6.1.3-4 Direct N20'!A1", "4.6.1.3-4 Manure Direct N2O") -> 4.6.1.3-4 Manure Direct N2O | D28: Incineration green waste on site (tonnes) | E28: Incineration | F28: Green waste (including crop residues or prunings) | G28: Treated on-site | H28: 50 | I28: tonnes
A29: =HYPERLINK("#'4.6.1.5-6 Atmos Dep'!A1", "4.6.1.5-6 Manure Atmos Dep") -> 4.6.1.5-6 Manure Atmos Dep | D29: Incineration green waste on site (m3) | E29: Incineration | F29: Green waste (including crop residues or prunings) | G29: Treated on-site | H29: 50 | I29: cubic metres m3
A30: =HYPERLINK("#'4.6.1.7-8 Leaching and runoff'!A1", "4.6.1.7-8 Manure Leaching and runoff") -> 4.6.1.7-8 Manure Leaching and runoff | D30: Incineration green waste offsite (tonnes) | E30: Incineration | F30: Green waste (including crop residues or prunings) | G30: Removed and treated off-site | H30: 50 | I30: tonnes
A31: =HYPERLINK("#'4.6.1.9 Manure applied to soils'!A1", "4.6.1.9 Manure applied to soils") -> 4.6.1.9 Manure applied to soils | D31: Incineration green waste offsite (m3) | E31: Incineration | F31: Green waste (including crop residues or prunings) | G31: Removed and treated off-site | H31: 50 | I31: cubic metres m3
A32: =HYPERLINK("#'4.6.1.10-11 Soil direct N2O'!A1", "4.6.1.10-11 Soil direct N2O") -> 4.6.1.10-11 Soil direct N2O | D32: Incineration green waste on site (m3) | E32: Incineration | F32: Green waste (including crop residues or prunings) | G32: Treated on-site | H32: 50 | I32: cubic metres m3
A33: =HYPERLINK("#'4.6.1.12-13 Soil atmos dep'!A1", "4.6.1.12-13 Soil atmos dep") -> 4.6.1.12-13 Soil atmos dep
A34: =HYPERLINK("#'4.6.1.14-15 Soil leach runoff'!A1", "4.6.1.14-15 Soil leach runoff") -> 4.6.1.14-15 Soil leach runoff
A35: =HYPERLINK("#'8.1.1.1-2 Transport fuel'!A1", "8.1.1.1-2 Transport fuel") -> 8.1.1.1-2 Transport fuel
A36: =HYPERLINK("#'8.2.1.1-2 Stationary fuel'!A1", "8.2.1.1-2 Stationary fuel") -> 8.2.1.1-2 Stationary fuel
A37: =HYPERLINK("#'10.1.1-2 Solid waste treatment'!A1", "10.1.1.1-2 Solid waste") -> 10.1.1.1-2 Solid waste
A38: =HYPERLINK("#'14.1.1-2 Purchased electricity'!A1", "14.1.1-2 Purchased electricity") -> 14.1.1-2 Purchased electricity
A39: =HYPERLINK("#'15 Scope 3'!A1", "15 Scope 3") -> 15 Scope 3
A40: =HYPERLINK("#'Calcs - Manure sent off-site'!A1", "Calcs - Manure sent off-site") -> Calcs - Manure sent off-site
A41: =HYPERLINK("#'5.1.1.1-2 Inorganic fert N2O'!A1", "5.1.1.1-2 Inorganic fert N2O") -> 5.1.1.1-2 Inorganic fert N2O
A42: =HYPERLINK("#'5.1.1.3-4 Inorganic fert CO2'!A1", "5.1.1.3-4 Inorganic fert CO2") -> 5.1.1.3-4 Inorganic fert CO2
A43: =HYPERLINK("#'5.2.1.1-2 Organic Fert N2O'!A1", "5.2.1.1-2 Organic Fert N2O") -> 5.2.1.1-2 Organic Fert N2O
A44: =HYPERLINK("#'5.3.1.1-2 Lime CO2'!A1", "5.3.1.1-2 Lime CO2") -> 5.3.1.1-2 Lime CO2
A45: =HYPERLINK("#'5.4.1.1-4 Atmos deposition'!A1", "5.4.1.1-4 Atmos deposition") -> 5.4.1.1-4 Atmos deposition
A46: =HYPERLINK("#'5.5.1.1-2 Leaching and runoff'!A1", "5.5.1.1-2 Leaching and runoff") -> 5.5.1.1-2 Leaching and runoff
A49: APPENDICES
A50: =HYPERLINK("#'Constants - Poultry'!A1", "Constants - Poultry") -> Constants - Poultry
A51: =HYPERLINK("#'Constants - Common livestock'!A1", "Constants - Common Livestock") -> Constants - Common Livestock
A52: =HYPERLINK("#'Constants - Electricity'!A1", "Constants - Electricity") -> Constants - Electricity
A53: =HYPERLINK("#'Constants - Fertiliser'!A1", "Constants - Fertiliser") -> Constants - Fertiliser
A54: =HYPERLINK("#'Constants - Fuel'!A1", "Constants - Fuel") -> Constants - Fuel
A55: =HYPERLINK("#'Constants - Scope 3'!A1", "Constants - Scope 3") -> Constants - Scope 3
A56: =HYPERLINK("#'Constants - Solid Waste'!A1", "Constants - Solid Waste") -> Constants - Solid Waste
A57: =HYPERLINK("#'Constants - Common'!A1", "Constants - Common") -> Constants - Common

Sheet Input - Manure sent off-site
A1: #VALUE! | C1: Input - Manure sent off-site
A3: =HYPERLINK("#'Home'!A1", "Home") -> Home
A4: =HYPERLINK("#'Results - Activity period'!A1", "Results - Activity period") -> Results - Activity period
A5: =HYPERLINK("#'Results - Product EI'!A1", "Results - Product Emissions Intensity") -> Results - Product Emissions Intensity | D5: Manure sent off-site
D7: For each relevant livestock type:
A8: INPUTS | D8: Use the 'Mass of nitrogen applied to soil for scope 3 emissions (MNSoilscope3)' value calculated in the 'Manure applied to soils' equations (Chapter 4 of VEERG)
A9: =HYPERLINK("#'Input - Enterprise'!A1", "Enterprise") -> Enterprise
A10: =HYPERLINK("#'Input - Site'!A1", "Site") -> Site | D10: Mass of Nitrogen from manure sent offsite (MNSoil) - Method 1 | F10: 1000 | G10: kg N
A11: =HYPERLINK("#'Input - Poultry'!A1", "Poultry") -> Poultry | D11: Mass of Nitrogen from manure sent offsite (MNSoil) - Method 2 | F11: 2000 | G11: kg N
A12: =HYPERLINK("#'Input - Livestock sales'!A1", "Livestock sales") -> Livestock sales
A13: =HYPERLINK("#'Input - Poultry purchases'!A1", "Poultry purchases") -> Poultry purchases | D13: Production system where manure is anticipated to be deposited | F13: Crop | G13: ← Please select
A14: =HYPERLINK("#'Input - Fuel'!A1", "Fuel") -> Fuel | D14: Irrigation method where manure is anticipated to be deposited | F14: Sprinkler irrigation | G14: ← Please select
A15: =HYPERLINK("#'Input - Electricity'!A1", "Electricity") -> Electricity
A16: =HYPERLINK("#'Input - Common farm inputs'!A1", "Common farm inputs") -> Common farm inputs
A17: =HYPERLINK("#'Input - Livestock farm Inputs'!A1", "Livestock farm Inputs") -> Livestock farm Inputs
A18: =HYPERLINK("#'Input - Freight'!A1", "Freight") -> Freight
A19: =HYPERLINK("#'Input - Solid waste'!A1", "Solid waste") -> Solid waste
A20: =HYPERLINK("#'Input - Manure sent off-site'!A1", "Manure sent off-site") -> Manure sent off-site
A21: =HYPERLINK("#'Input - Data quality'!A1", "Data quality") -> Data quality
A22: =HYPERLINK("#'Input - Fert Prod System'!A1", "Fert Prod System") -> Fert Prod System
A23: =HYPERLINK("#'Input - Fertiliser'!A1", "Fertiliser") -> Fertiliser
A26: CALCULATIONS
A27: =HYPERLINK("#'4.6.1.1-2 Methane'!A1", "4.6.1.1-2 Manure Methane") -> 4.6.1.1-2 Manure Methane
A28: =HYPERLINK("#'4.6.1.3-4 Direct N20'!A1", "4.6.1.3-4 Manure Direct N2O") -> 4.6.1.3-4 Manure Direct N2O
A29: =HYPERLINK("#'4.6.1.5-6 Atmos Dep'!A1", "4.6.1.5-6 Manure Atmos Dep") -> 4.6.1.5-6 Manure Atmos Dep
A30: =HYPERLINK("#'4.6.1.7-8 Leaching and runoff'!A1", "4.6.1.7-8 Manure Leaching and runoff") -> 4.6.1.7-8 Manure Leaching and runoff
A31: =HYPERLINK("#'4.6.1.9 Manure applied to soils'!A1", "4.6.1.9 Manure applied to soils") -> 4.6.1.9 Manure applied to soils
A32: =HYPERLINK("#'4.6.1.10-11 Soil direct N2O'!A1", "4.6.1.10-11 Soil direct N2O") -> 4.6.1.10-11 Soil direct N2O
A33: =HYPERLINK("#'4.6.1.12-13 Soil atmos dep'!A1", "4.6.1.12-13 Soil atmos dep") -> 4.6.1.12-13 Soil atmos dep
A34: =HYPERLINK("#'4.6.1.14-15 Soil leach runoff'!A1", "4.6.1.14-15 Soil leach runoff") -> 4.6.1.14-15 Soil leach runoff
A35: =HYPERLINK("#'8.1.1.1-2 Transport fuel'!A1", "8.1.1.1-2 Transport fuel") -> 8.1.1.1-2 Transport fuel
A36: =HYPERLINK("#'8.2.1.1-2 Stationary fuel'!A1", "8.2.1.1-2 Stationary fuel") -> 8.2.1.1-2 Stationary fuel
A37: =HYPERLINK("#'10.1.1-2 Solid waste treatment'!A1", "10.1.1.1-2 Solid waste") -> 10.1.1.1-2 Solid waste
A38: =HYPERLINK("#'14.1.1-2 Purchased electricity'!A1", "14.1.1-2 Purchased electricity") -> 14.1.1-2 Purchased electricity
A39: =HYPERLINK("#'15 Scope 3'!A1", "15 Scope 3") -> 15 Scope 3
A40: =HYPERLINK("#'Calcs - Manure sent off-site'!A1", "Calcs - Manure sent off-site") -> Calcs - Manure sent off-site
A41: =HYPERLINK("#'5.1.1.1-2 Inorganic fert N2O'!A1", "5.1.1.1-2 Inorganic fert N2O") -> 5.1.1.1-2 Inorganic fert N2O
A42: =HYPERLINK("#'5.1.1.3-4 Inorganic fert CO2'!A1", "5.1.1.3-4 Inorganic fert CO2") -> 5.1.1.3-4 Inorganic fert CO2
A43: =HYPERLINK("#'5.2.1.1-2 Organic Fert N2O'!A1", "5.2.1.1-2 Organic Fert N2O") -> 5.2.1.1-2 Organic Fert N2O
A44: =HYPERLINK("#'5.3.1.1-2 Lime CO2'!A1", "5.3.1.1-2 Lime CO2") -> 5.3.1.1-2 Lime CO2
A45: =HYPERLINK("#'5.4.1.1-4 Atmos deposition'!A1", "5.4.1.1-4 Atmos deposition") -> 5.4.1.1-4 Atmos deposition
A46: =HYPERLINK("#'5.5.1.1-2 Leaching and runoff'!A1", "5.5.1.1-2 Leaching and runoff") -> 5.5.1.1-2 Leaching and runoff
A49: APPENDICES
A50: =HYPERLINK("#'Constants - Poultry'!A1", "Constants - Poultry") -> Constants - Poultry
A51: =HYPERLINK("#'Constants - Common livestock'!A1", "Constants - Common Livestock") -> Constants - Common Livestock
A52: =HYPERLINK("#'Constants - Electricity'!A1", "Constants - Electricity") -> Constants - Electricity
A53: =HYPERLINK("#'Constants - Fertiliser'!A1", "Constants - Fertiliser") -> Constants - Fertiliser
A54: =HYPERLINK("#'Constants - Fuel'!A1", "Constants - Fuel") -> Constants - Fuel
A55: =HYPERLINK("#'Constants - Scope 3'!A1", "Constants - Scope 3") -> Constants - Scope 3
A56: =HYPERLINK("#'Constants - Solid Waste'!A1", "Constants - Solid Waste") -> Constants - Solid Waste
A57: =HYPERLINK("#'Constants - Common'!A1", "Constants - Common") -> Constants - Common

Sheet Input - Data quality
C1: Input - Data quality
A3: =HYPERLINK("#'Home'!A1", "Home") -> Home
A4: =HYPERLINK("#'Results - Activity period'!A1", "Results - Activity period") -> Results - Activity period
A5: =HYPERLINK("#'Results - Product EI'!A1", "Results - Product Emissions Intensity") -> Results - Product Emissions Intensity | D5: Enterprise
D7: Data type | E7: When was the data sourced? | F7: Where is the data sourced from? | G7: How much of the data was from direct samples? | H7: Notes | I7: Evidence files | J7: Score
A8: INPUTS | D8: ="Birds sold" -> Birds sold | E8: During this emissions calculation period | F8: This location with spatial partitioning | G8: Over 90% | J8: =IFERROR(_xlfn.XLOOKUP(Table_Input_DataQuality_Enterprise[[#This Row],[When was the data sourced?]],Table_SourceData_DataQuality_TemporalRepresentativeness[User friendly description],Table_SourceData_DataQuality_TemporalRepresentativeness[Score])+_xlfn.XLOOKUP(Table_Input_DataQuality_Enterprise[[#This Row],[Where is the data sourced from?]],Table_SourceData_DataQuality_SpatialRepresentativeness[User friendly description],Table_SourceData_DataQuality_SpatialRepresentativeness[Score])+_xlfn.XLOOKUP(Table_Input_DataQuality_Enterprise[[#This Row],[How much of the data was from direct samples?]],Table_SourceData_DataQuality_SampleSize[User friendly description],Table_SourceData_DataQuality_SampleSize[Score]), 0) -> 15
A9: =HYPERLINK("#'Input - Enterprise'!A1", "Enterprise") -> Enterprise | D9: ="Eggs sold" -> Eggs sold | J9: =IFERROR(_xlfn.XLOOKUP(Table_Input_DataQuality_Enterprise[[#This Row],[When was the data sourced?]],Table_SourceData_DataQuality_TemporalRepresentativeness[User friendly description],Table_SourceData_DataQuality_TemporalRepresentativeness[Score])+_xlfn.XLOOKUP(Table_Input_DataQuality_Enterprise[[#This Row],[Where is the data sourced from?]],Table_SourceData_DataQuality_SpatialRepresentativeness[User friendly description],Table_SourceData_DataQuality_SpatialRepresentativeness[Score])+_xlfn.XLOOKUP(Table_Input_DataQuality_Enterprise[[#This Row],[How much of the data was from direct samples?]],Table_SourceData_DataQuality_SampleSize[User friendly description],Table_SourceData_DataQuality_SampleSize[Score]), 0) -> 0
A10: =HYPERLINK("#'Input - Site'!A1", "Site") -> Site | D10: ="Manure produced" -> Manure produced | E10: Within 2 years of this emissions calculation period | F10: This location without spatial partitioning | G10: Between 51% and 90% | J10: =IFERROR(_xlfn.XLOOKUP(Table_Input_DataQuality_Enterprise[[#This Row],[When was the data sourced?]],Table_SourceData_DataQuality_TemporalRepresentativeness[User friendly description],Table_SourceData_DataQuality_TemporalRepresentativeness[Score])+_xlfn.XLOOKUP(Table_Input_DataQuality_Enterprise[[#This Row],[Where is the data sourced from?]],Table_SourceData_DataQuality_SpatialRepresentativeness[User friendly description],Table_SourceData_DataQuality_SpatialRepresentativeness[Score])+_xlfn.XLOOKUP(Table_Input_DataQuality_Enterprise[[#This Row],[How much of the data was from direct samples?]],Table_SourceData_DataQuality_SampleSize[User friendly description],Table_SourceData_DataQuality_SampleSize[Score]), 0) -> 12
A11: =HYPERLINK("#'Input - Poultry'!A1", "Poultry") -> Poultry | D11: ="Manure sold" -> Manure sold | E11: Within 3 years of this emissions calculation period | F11: Regional-level data from a government or industry database/survey | G11: Between 51% and 90% | J11: =IFERROR(_xlfn.XLOOKUP(Table_Input_DataQuality_Enterprise[[#This Row],[When was the data sourced?]],Table_SourceData_DataQuality_TemporalRepresentativeness[User friendly description],Table_SourceData_DataQuality_TemporalRepresentativeness[Score])+_xlfn.XLOOKUP(Table_Input_DataQuality_Enterprise[[#This Row],[Where is the data sourced from?]],Table_SourceData_DataQuality_SpatialRepresentativeness[User friendly description],Table_SourceData_DataQuality_SpatialRepresentativeness[Score])+_xlfn.XLOOKUP(Table_Input_DataQuality_Enterprise[[#This Row],[How much of the data was from direct samples?]],Table_SourceData_DataQuality_SampleSize[User friendly description],Table_SourceData_DataQuality_SampleSize[Score]), 0) -> 10
A12: =HYPERLINK("#'Input - Livestock sales'!A1", "Livestock sales") -> Livestock sales | D12: ="Percent income from birds sold" -> Percent income from birds sold | E12: Unknown, or more than 4 years of this emissions calculation period | F12: National-level data from a government or industry database/survey | G12: Unknown | J12: =IFERROR(_xlfn.XLOOKUP(Table_Input_DataQuality_Enterprise[[#This Row],[When was the data sourced?]],Table_SourceData_DataQuality_TemporalRepresentativeness[User friendly description],Table_SourceData_DataQuality_TemporalRepresentativeness[Score])+_xlfn.XLOOKUP(Table_Input_DataQuality_Enterprise[[#This Row],[Where is the data sourced from?]],Table_SourceData_DataQuality_SpatialRepresentativeness[User friendly description],Table_SourceData_DataQuality_SpatialRepresentativeness[Score])+_xlfn.XLOOKUP(Table_Input_DataQuality_Enterprise[[#This Row],[How much of the data was from direct samples?]],Table_SourceData_DataQuality_SampleSize[User friendly description],Table_SourceData_DataQuality_SampleSize[Score]), 0) -> 3
A13: =HYPERLINK("#'Input - Poultry purchases'!A1", "Poultry purchases") -> Poultry purchases | D13: ="Percent income from eggs sold" -> Percent income from eggs sold | J13: =IFERROR(_xlfn.XLOOKUP(Table_Input_DataQuality_Enterprise[[#This Row],[When was the data sourced?]],Table_SourceData_DataQuality_TemporalRepresentativeness[User friendly description],Table_SourceData_DataQuality_TemporalRepresentativeness[Score])+_xlfn.XLOOKUP(Table_Input_DataQuality_Enterprise[[#This Row],[Where is the data sourced from?]],Table_SourceData_DataQuality_SpatialRepresentativeness[User friendly description],Table_SourceData_DataQuality_SpatialRepresentativeness[Score])+_xlfn.XLOOKUP(Table_Input_DataQuality_Enterprise[[#This Row],[How much of the data was from direct samples?]],Table_SourceData_DataQuality_SampleSize[User friendly description],Table_SourceData_DataQuality_SampleSize[Score]), 0) -> 0
A14: =HYPERLINK("#'Input - Fuel'!A1", "Fuel") -> Fuel | D14: ="Percent income from manure sold" -> Percent income from manure sold | E14: During this emissions calculation period | F14: This location without spatial partitioning | G14: Over 90% | J14: =IFERROR(_xlfn.XLOOKUP(Table_Input_DataQuality_Enterprise[[#This Row],[When was the data sourced?]],Table_SourceData_DataQuality_TemporalRepresentativeness[User friendly description],Table_SourceData_DataQuality_TemporalRepresentativeness[Score])+_xlfn.XLOOKUP(Table_Input_DataQuality_Enterprise[[#This Row],[Where is the data sourced from?]],Table_SourceData_DataQuality_SpatialRepresentativeness[User friendly description],Table_SourceData_DataQuality_SpatialRepresentativeness[Score])+_xlfn.XLOOKUP(Table_Input_DataQuality_Enterprise[[#This Row],[How much of the data was from direct samples?]],Table_SourceData_DataQuality_SampleSize[User friendly description],Table_SourceData_DataQuality_SampleSize[Score]), 0) -> 14
A15: =HYPERLINK("#'Input - Electricity'!A1", "Electricity") -> Electricity
A16: =HYPERLINK("#'Input - Common farm inputs'!A1", "Common farm inputs") -> Common farm inputs | J16: =SUM(Table_Input_DataQuality_Enterprise[Score]) -> 54
A17: =HYPERLINK("#'Input - Livestock farm Inputs'!A1", "Livestock farm Inputs") -> Livestock farm Inputs | D17: Site
A18: =HYPERLINK("#'Input - Freight'!A1", "Freight") -> Freight
A19: =HYPERLINK("#'Input - Solid waste'!A1", "Solid waste") -> Solid waste | D19: Data type | E19: When was the data sourced? | F19: Where is the data sourced from? | G19: How much of the data was from direct samples? | H19: Notes | I19: Evidence files | J19: Score
A20: =HYPERLINK("#'Input - Manure sent off-site'!A1", "Manure sent off-site") -> Manure sent off-site | D20: ="Leaching zone" -> Leaching zone | E20: Within 2 years of this emissions calculation period | F20: Regional-level data from a government or industry database/survey | G20: Over 90% | J20: =IFERROR(_xlfn.XLOOKUP(Table_Input_DataQuality_Site[[#This Row],[When was the data sourced?]],Table_SourceData_DataQuality_TemporalRepresentativeness[User friendly description],Table_SourceData_DataQuality_TemporalRepresentativeness[Score])+_xlfn.XLOOKUP(Table_Input_DataQuality_Site[[#This Row],[Where is the data sourced from?]],Table_SourceData_DataQuality_SpatialRepresentativeness[User friendly description],Table_SourceData_DataQuality_SpatialRepresentativeness[Score])+_xlfn.XLOOKUP(Table_Input_DataQuality_Site[[#This Row],[How much of the data was from direct samples?]],Table_SourceData_DataQuality_SampleSize[User friendly description],Table_SourceData_DataQuality_SampleSize[Score]), 0) -> 12
A21: =HYPERLINK("#'Input - Data quality'!A1", "Data quality") -> Data quality | D21: ="Elevation" -> Elevation | E21: Within 2 years of this emissions calculation period | F21: Regional-level data from a government or industry database/survey | G21: Over 90% | J21: =IFERROR(_xlfn.XLOOKUP(Table_Input_DataQuality_Site[[#This Row],[When was the data sourced?]],Table_SourceData_DataQuality_TemporalRepresentativeness[User friendly description],Table_SourceData_DataQuality_TemporalRepresentativeness[Score])+_xlfn.XLOOKUP(Table_Input_DataQuality_Site[[#This Row],[Where is the data sourced from?]],Table_SourceData_DataQuality_SpatialRepresentativeness[User friendly description],Table_SourceData_DataQuality_SpatialRepresentativeness[Score])+_xlfn.XLOOKUP(Table_Input_DataQuality_Site[[#This Row],[How much of the data was from direct samples?]],Table_SourceData_DataQuality_SampleSize[User friendly description],Table_SourceData_DataQuality_SampleSize[Score]), 0) -> 12
A22: =HYPERLINK("#'Input - Fert Prod System'!A1", "Fert Prod System") -> Fert Prod System | D22: ="Average temperature for reporting period" -> Average temperature for reporting period | E22: Within 2 years of this emissions calculation period | F22: Regional-level data from a government or industry database/survey | G22: Over 90% | J22: =IFERROR(_xlfn.XLOOKUP(Table_Input_DataQuality_Site[[#This Row],[When was the data sourced?]],Table_SourceData_DataQuality_TemporalRepresentativeness[User friendly description],Table_SourceData_DataQuality_TemporalRepresentativeness[Score])+_xlfn.XLOOKUP(Table_Input_DataQuality_Site[[#This Row],[Where is the data sourced from?]],Table_SourceData_DataQuality_SpatialRepresentativeness[User friendly description],Table_SourceData_DataQuality_SpatialRepresentativeness[Score])+_xlfn.XLOOKUP(Table_Input_DataQuality_Site[[#This Row],[How much of the data was from direct samples?]],Table_SourceData_DataQuality_SampleSize[User friendly description],Table_SourceData_DataQuality_SampleSize[Score]), 0) -> 12
A23: =HYPERLINK("#'Input - Fertiliser'!A1", "Fertiliser") -> Fertiliser | D23: ="Total rainfall for reporting period" -> Total rainfall for reporting period | E23: During this emissions calculation period | F23: This location without spatial partitioning | G23: Over 90% | J23: =IFERROR(_xlfn.XLOOKUP(Table_Input_DataQuality_Site[[#This Row],[When was the data sourced?]],Table_SourceData_DataQuality_TemporalRepresentativeness[User friendly description],Table_SourceData_DataQuality_TemporalRepresentativeness[Score])+_xlfn.XLOOKUP(Table_Input_DataQuality_Site[[#This Row],[Where is the data sourced from?]],Table_SourceData_DataQuality_SpatialRepresentativeness[User friendly description],Table_SourceData_DataQuality_SpatialRepresentativeness[Score])+_xlfn.XLOOKUP(Table_Input_DataQuality_Site[[#This Row],[How much of the data was from direct samples?]],Table_SourceData_DataQuality_SampleSize[User friendly description],Table_SourceData_DataQuality_SampleSize[Score]), 0) -> 14
D24: ="Potential evapotranspiration for reporting period" -> Potential evapotranspiration for reporting period | E24: Within 2 years of this emissions calculation period | F24: Regional-level data from a government or industry database/survey | G24: Over 90% | J24: =IFERROR(_xlfn.XLOOKUP(Table_Input_DataQuality_Site[[#This Row],[When was the data sourced?]],Table_SourceData_DataQuality_TemporalRepresentativeness[User friendly description],Table_SourceData_DataQuality_TemporalRepresentativeness[Score])+_xlfn.XLOOKUP(Table_Input_DataQuality_Site[[#This Row],[Where is the data sourced from?]],Table_SourceData_DataQuality_SpatialRepresentativeness[User friendly description],Table_SourceData_DataQuality_SpatialRepresentativeness[Score])+_xlfn.XLOOKUP(Table_Input_DataQuality_Site[[#This Row],[How much of the data was from direct samples?]],Table_SourceData_DataQuality_SampleSize[User friendly description],Table_SourceData_DataQuality_SampleSize[Score]), 0) -> 12
D25: ="Number of frost days for reporting period" -> Number of frost days for reporting period | E25: Within 3 years of this emissions calculation period | F25: Regional-level data from a government or industry database/survey | G25: Over 90% | J25: =IFERROR(_xlfn.XLOOKUP(Table_Input_DataQuality_Site[[#This Row],[When was the data sourced?]],Table_SourceData_DataQuality_TemporalRepresentativeness[User friendly description],Table_SourceData_DataQuality_TemporalRepresentativeness[Score])+_xlfn.XLOOKUP(Table_Input_DataQuality_Site[[#This Row],[Where is the data sourced from?]],Table_SourceData_DataQuality_SpatialRepresentativeness[User friendly description],Table_SourceData_DataQuality_SpatialRepresentativeness[Score])+_xlfn.XLOOKUP(Table_Input_DataQuality_Site[[#This Row],[How much of the data was from direct samples?]],Table_SourceData_DataQuality_SampleSize[User friendly description],Table_SourceData_DataQuality_SampleSize[Score]), 0) -> 11
A26: CALCULATIONS
A27: =HYPERLINK("#'4.6.1.1-2 Methane'!A1", "4.6.1.1-2 Manure Methane") -> 4.6.1.1-2 Manure Methane | J27: =SUM(Table_Input_DataQuality_Site[Score]) -> 73
A28: =HYPERLINK("#'4.6.1.3-4 Direct N20'!A1", "4.6.1.3-4 Manure Direct N2O") -> 4.6.1.3-4 Manure Direct N2O | D28: Poultry management
A29: =HYPERLINK("#'4.6.1.5-6 Atmos Dep'!A1", "4.6.1.5-6 Manure Atmos Dep") -> 4.6.1.5-6 Manure Atmos Dep
A30: =HYPERLINK("#'4.6.1.7-8 Leaching and runoff'!A1", "4.6.1.7-8 Manure Leaching and runoff") -> 4.6.1.7-8 Manure Leaching and runoff | D30: Data type | E30: When was the data sourced? | F30: Where is the data sourced from? | G30: How much of the data was from direct samples? | H30: Notes | I30: Evidence files | J30: Score
A31: =HYPERLINK("#'4.6.1.9 Manure applied to soils'!A1", "4.6.1.9 Manure applied to soils") -> 4.6.1.9 Manure applied to soils | D31: ="Head count" -> Head count | E31: During this emissions calculation period | F31: This location without spatial partitioning | G31: Over 90% | J31: =IFERROR(_xlfn.XLOOKUP(Table_Input_DataQuality_PastureManagement[[#This Row],[When was the data sourced?]],Table_SourceData_DataQuality_TemporalRepresentativeness[User friendly description],Table_SourceData_DataQuality_TemporalRepresentativeness[Score])+_xlfn.XLOOKUP(Table_Input_DataQuality_PastureManagement[[#This Row],[Where is the data sourced from?]],Table_SourceData_DataQuality_SpatialRepresentativeness[User friendly description],Table_SourceData_DataQuality_SpatialRepresentativeness[Score])+_xlfn.XLOOKUP(Table_Input_DataQuality_PastureManagement[[#This Row],[How much of the data was from direct samples?]],Table_SourceData_DataQuality_SampleSize[User friendly description],Table_SourceData_DataQuality_SampleSize[Score]), 0) -> 14
A32: =HYPERLINK("#'4.6.1.10-11 Soil direct N2O'!A1", "4.6.1.10-11 Soil direct N2O") -> 4.6.1.10-11 Soil direct N2O | D32: ="Duration of stay" -> Duration of stay | J32: =IFERROR(_xlfn.XLOOKUP(Table_Input_DataQuality_PastureManagement[[#This Row],[When was the data sourced?]],Table_SourceData_DataQuality_TemporalRepresentativeness[User friendly description],Table_SourceData_DataQuality_TemporalRepresentativeness[Score])+_xlfn.XLOOKUP(Table_Input_DataQuality_PastureManagement[[#This Row],[Where is the data sourced from?]],Table_SourceData_DataQuality_SpatialRepresentativeness[User friendly description],Table_SourceData_DataQuality_SpatialRepresentativeness[Score])+_xlfn.XLOOKUP(Table_Input_DataQuality_PastureManagement[[#This Row],[How much of the data was from direct samples?]],Table_SourceData_DataQuality_SampleSize[User friendly description],Table_SourceData_DataQuality_SampleSize[Score]), 0) -> 0
A33: =HYPERLINK("#'4.6.1.12-13 Soil atmos dep'!A1", "4.6.1.12-13 Soil atmos dep") -> 4.6.1.12-13 Soil atmos dep | D33: ="Diet - Dry matter intake" -> Diet - Dry matter intake | E33: During this emissions calculation period | F33: This location without spatial partitioning | G33: Over 90% | J33: =IFERROR(_xlfn.XLOOKUP(Table_Input_DataQuality_PastureManagement[[#This Row],[When was the data sourced?]],Table_SourceData_DataQuality_TemporalRepresentativeness[User friendly description],Table_SourceData_DataQuality_TemporalRepresentativeness[Score])+_xlfn.XLOOKUP(Table_Input_DataQuality_PastureManagement[[#This Row],[Where is the data sourced from?]],Table_SourceData_DataQuality_SpatialRepresentativeness[User friendly description],Table_SourceData_DataQuality_SpatialRepresentativeness[Score])+_xlfn.XLOOKUP(Table_Input_DataQuality_PastureManagement[[#This Row],[How much of the data was from direct samples?]],Table_SourceData_DataQuality_SampleSize[User friendly description],Table_SourceData_DataQuality_SampleSize[Score]), 0) -> 14
A34: =HYPERLINK("#'4.6.1.14-15 Soil leach runoff'!A1", "4.6.1.14-15 Soil leach runoff") -> 4.6.1.14-15 Soil leach runoff | D34: ="Diet - Dry matter digestibility" -> Diet - Dry matter digestibility | E34: During this emissions calculation period | F34: This location without spatial partitioning | G34: Over 90% | J34: =IFERROR(_xlfn.XLOOKUP(Table_Input_DataQuality_PastureManagement[[#This Row],[When was the data sourced?]],Table_SourceData_DataQuality_TemporalRepresentativeness[User friendly description],Table_SourceData_DataQuality_TemporalRepresentativeness[Score])+_xlfn.XLOOKUP(Table_Input_DataQuality_PastureManagement[[#This Row],[Where is the data sourced from?]],Table_SourceData_DataQuality_SpatialRepresentativeness[User friendly description],Table_SourceData_DataQuality_SpatialRepresentativeness[Score])+_xlfn.XLOOKUP(Table_Input_DataQuality_PastureManagement[[#This Row],[How much of the data was from direct samples?]],Table_SourceData_DataQuality_SampleSize[User friendly description],Table_SourceData_DataQuality_SampleSize[Score]), 0) -> 14
A35: =HYPERLINK("#'8.1.1.1-2 Transport fuel'!A1", "8.1.1.1-2 Transport fuel") -> 8.1.1.1-2 Transport fuel | D35: ="Diet - Crude protein" -> Diet - Crude protein | J35: =IFERROR(_xlfn.XLOOKUP(Table_Input_DataQuality_PastureManagement[[#This Row],[When was the data sourced?]],Table_SourceData_DataQuality_TemporalRepresentativeness[User friendly description],Table_SourceData_DataQuality_TemporalRepresentativeness[Score])+_xlfn.XLOOKUP(Table_Input_DataQuality_PastureManagement[[#This Row],[Where is the data sourced from?]],Table_SourceData_DataQuality_SpatialRepresentativeness[User friendly description],Table_SourceData_DataQuality_SpatialRepresentativeness[Score])+_xlfn.XLOOKUP(Table_Input_DataQuality_PastureManagement[[#This Row],[How much of the data was from direct samples?]],Table_SourceData_DataQuality_SampleSize[User friendly description],Table_SourceData_DataQuality_SampleSize[Score]), 0) -> 0
A36: =HYPERLINK("#'8.2.1.1-2 Stationary fuel'!A1", "8.2.1.1-2 Stationary fuel") -> 8.2.1.1-2 Stationary fuel | D36: ="Production and manure management systems" -> Production and manure management systems | E36: During this emissions calculation period | F36: This location without spatial partitioning | G36: Over 90% | J36: =IFERROR(_xlfn.XLOOKUP(Table_Input_DataQuality_PastureManagement[[#This Row],[When was the data sourced?]],Table_SourceData_DataQuality_TemporalRepresentativeness[User friendly description],Table_SourceData_DataQuality_TemporalRepresentativeness[Score])+_xlfn.XLOOKUP(Table_Input_DataQuality_PastureManagement[[#This Row],[Where is the data sourced from?]],Table_SourceData_DataQuality_SpatialRepresentativeness[User friendly description],Table_SourceData_DataQuality_SpatialRepresentativeness[Score])+_xlfn.XLOOKUP(Table_Input_DataQuality_PastureManagement[[#This Row],[How much of the data was from direct samples?]],Table_SourceData_DataQuality_SampleSize[User friendly description],Table_SourceData_DataQuality_SampleSize[Score]), 0) -> 14
A37: =HYPERLINK("#'10.1.1-2 Solid waste treatment'!A1", "10.1.1.1-2 Solid waste") -> 10.1.1.1-2 Solid waste | D37: ="Bird sales" -> Bird sales | J37: =IFERROR(_xlfn.XLOOKUP(Table_Input_DataQuality_PastureManagement[[#This Row],[When was the data sourced?]],Table_SourceData_DataQuality_TemporalRepresentativeness[User friendly description],Table_SourceData_DataQuality_TemporalRepresentativeness[Score])+_xlfn.XLOOKUP(Table_Input_DataQuality_PastureManagement[[#This Row],[Where is the data sourced from?]],Table_SourceData_DataQuality_SpatialRepresentativeness[User friendly description],Table_SourceData_DataQuality_SpatialRepresentativeness[Score])+_xlfn.XLOOKUP(Table_Input_DataQuality_PastureManagement[[#This Row],[How much of the data was from direct samples?]],Table_SourceData_DataQuality_SampleSize[User friendly description],Table_SourceData_DataQuality_SampleSize[Score]), 0) -> 0
A38: =HYPERLINK("#'14.1.1-2 Purchased electricity'!A1", "14.1.1-2 Purchased electricity") -> 14.1.1-2 Purchased electricity | D38: ="Bird purchases" -> Bird purchases | J38: =IFERROR(_xlfn.XLOOKUP(Table_Input_DataQuality_PastureManagement[[#This Row],[When was the data sourced?]],Table_SourceData_DataQuality_TemporalRepresentativeness[User friendly description],Table_SourceData_DataQuality_TemporalRepresentativeness[Score])+_xlfn.XLOOKUP(Table_Input_DataQuality_PastureManagement[[#This Row],[Where is the data sourced from?]],Table_SourceData_DataQuality_SpatialRepresentativeness[User friendly description],Table_SourceData_DataQuality_SpatialRepresentativeness[Score])+_xlfn.XLOOKUP(Table_Input_DataQuality_PastureManagement[[#This Row],[How much of the data was from direct samples?]],Table_SourceData_DataQuality_SampleSize[User friendly description],Table_SourceData_DataQuality_SampleSize[Score]), 0) -> 0
A39: =HYPERLINK("#'15 Scope 3'!A1", "15 Scope 3") -> 15 Scope 3
A40: =HYPERLINK("#'Calcs - Manure sent off-site'!A1", "Calcs - Manure sent off-site") -> Calcs - Manure sent off-site | J40: =SUM(Table_Input_DataQuality_PastureManagement[Score]) -> 56
A41: =HYPERLINK("#'5.1.1.1-2 Inorganic fert N2O'!A1", "5.1.1.1-2 Inorganic fert N2O") -> 5.1.1.1-2 Inorganic fert N2O
A42: =HYPERLINK("#'5.1.1.3-4 Inorganic fert CO2'!A1", "5.1.1.3-4 Inorganic fert CO2") -> 5.1.1.3-4 Inorganic fert CO2 | D42: Fuel and electricity
A43: =HYPERLINK("#'5.2.1.1-2 Organic Fert N2O'!A1", "5.2.1.1-2 Organic Fert N2O") -> 5.2.1.1-2 Organic Fert N2O
A44: =HYPERLINK("#'5.3.1.1-2 Lime CO2'!A1", "5.3.1.1-2 Lime CO2") -> 5.3.1.1-2 Lime CO2 | D44: Data type | E44: When was the data sourced? | F44: Where is the data sourced from? | G44: How much of the data was from direct samples? | H44: Notes | I44: Evidence files | J44: Score
A45: =HYPERLINK("#'5.4.1.1-4 Atmos deposition'!A1", "5.4.1.1-4 Atmos deposition") -> 5.4.1.1-4 Atmos deposition | D45: ="Fuel purchases" -> Fuel purchases | E45: During this emissions calculation period | F45: This location without spatial partitioning | G45: Between 51% and 90% | J45: =IFERROR(_xlfn.XLOOKUP(Table_Input_DataQuality_FuelElectricity[[#This Row],[When was the data sourced?]],Table_SourceData_DataQuality_TemporalRepresentativeness[User friendly description],Table_SourceData_DataQuality_TemporalRepresentativeness[Score])+_xlfn.XLOOKUP(Table_Input_DataQuality_FuelElectricity[[#This Row],[Where is the data sourced from?]],Table_SourceData_DataQuality_SpatialRepresentativeness[User friendly description],Table_SourceData_DataQuality_SpatialRepresentativeness[Score])+_xlfn.XLOOKUP(Table_Input_DataQuality_FuelElectricity[[#This Row],[How much of the data was from direct samples?]],Table_SourceData_DataQuality_SampleSize[User friendly description],Table_SourceData_DataQuality_SampleSize[Score]), 0) -> 13
A46: =HYPERLINK("#'5.5.1.1-2 Leaching and runoff'!A1", "5.5.1.1-2 Leaching and runoff") -> 5.5.1.1-2 Leaching and runoff | D46: ="Fuel consumption" -> Fuel consumption | E46: During this emissions calculation period | F46: This location without spatial partitioning | G46: Over 90% | J46: =IFERROR(_xlfn.XLOOKUP(Table_Input_DataQuality_FuelElectricity[[#This Row],[When was the data sourced?]],Table_SourceData_DataQuality_TemporalRepresentativeness[User friendly description],Table_SourceData_DataQuality_TemporalRepresentativeness[Score])+_xlfn.XLOOKUP(Table_Input_DataQuality_FuelElectricity[[#This Row],[Where is the data sourced from?]],Table_SourceData_DataQuality_SpatialRepresentativeness[User friendly description],Table_SourceData_DataQuality_SpatialRepresentativeness[Score])+_xlfn.XLOOKUP(Table_Input_DataQuality_FuelElectricity[[#This Row],[How much of the data was from direct samples?]],Table_SourceData_DataQuality_SampleSize[User friendly description],Table_SourceData_DataQuality_SampleSize[Score]), 0) -> 14
D47: ="Electricity consumption" -> Electricity consumption | E47: During this emissions calculation period | F47: This location without spatial partitioning | G47: Over 90% | J47: =IFERROR(_xlfn.XLOOKUP(Table_Input_DataQuality_FuelElectricity[[#This Row],[When was the data sourced?]],Table_SourceData_DataQuality_TemporalRepresentativeness[User friendly description],Table_SourceData_DataQuality_TemporalRepresentativeness[Score])+_xlfn.XLOOKUP(Table_Input_DataQuality_FuelElectricity[[#This Row],[Where is the data sourced from?]],Table_SourceData_DataQuality_SpatialRepresentativeness[User friendly description],Table_SourceData_DataQuality_SpatialRepresentativeness[Score])+_xlfn.XLOOKUP(Table_Input_DataQuality_FuelElectricity[[#This Row],[How much of the data was from direct samples?]],Table_SourceData_DataQuality_SampleSize[User friendly description],Table_SourceData_DataQuality_SampleSize[Score]), 0) -> 14
D48: ="Electricity generation" -> Electricity generation | E48: During this emissions calculation period | F48: This location without spatial partitioning | G48: Over 90% | J48: =IFERROR(_xlfn.XLOOKUP(Table_Input_DataQuality_FuelElectricity[[#This Row],[When was the data sourced?]],Table_SourceData_DataQuality_TemporalRepresentativeness[User friendly description],Table_SourceData_DataQuality_TemporalRepresentativeness[Score])+_xlfn.XLOOKUP(Table_Input_DataQuality_FuelElectricity[[#This Row],[Where is the data sourced from?]],Table_SourceData_DataQuality_SpatialRepresentativeness[User friendly description],Table_SourceData_DataQuality_SpatialRepresentativeness[Score])+_xlfn.XLOOKUP(Table_Input_DataQuality_FuelElectricity[[#This Row],[How much of the data was from direct samples?]],Table_SourceData_DataQuality_SampleSize[User friendly description],Table_SourceData_DataQuality_SampleSize[Score]), 0) -> 14
A49: APPENDICES
A50: =HYPERLINK("#'Constants - Poultry'!A1", "Constants - Poultry") -> Constants - Poultry | J50: =SUM(Table_Input_DataQuality_FuelElectricity[Score]) -> 55
A51: =HYPERLINK("#'Constants - Common livestock'!A1", "Constants - Common Livestock") -> Constants - Common Livestock
A52: =HYPERLINK("#'Constants - Electricity'!A1", "Constants - Electricity") -> Constants - Electricity | D52: Farm input purchases, freight and waste outputs
A53: =HYPERLINK("#'Constants - Fertiliser'!A1", "Constants - Fertiliser") -> Constants - Fertiliser
A54: =HYPERLINK("#'Constants - Fuel'!A1", "Constants - Fuel") -> Constants - Fuel | D54: Data type | E54: When was the data sourced? | F54: Where is the data sourced from? | G54: How much of the data was from direct samples? | H54: Notes | I54: Evidence files | J54: Score
A55: =HYPERLINK("#'Constants - Scope 3'!A1", "Constants - Scope 3") -> Constants - Scope 3 | D55: ="Farm input purchases" -> Farm input purchases | E55: During this emissions calculation period | F55: This location without spatial partitioning | G55: Between 51% and 90% | J55: =IFERROR(_xlfn.XLOOKUP(Table_Input_DataQuality_FarmInputsFreightWaste[[#This Row],[When was the data sourced?]],Table_SourceData_DataQuality_TemporalRepresentativeness[User friendly description],Table_SourceData_DataQuality_TemporalRepresentativeness[Score])+_xlfn.XLOOKUP(Table_Input_DataQuality_FarmInputsFreightWaste[[#This Row],[Where is the data sourced from?]],Table_SourceData_DataQuality_SpatialRepresentativeness[User friendly description],Table_SourceData_DataQuality_SpatialRepresentativeness[Score])+_xlfn.XLOOKUP(Table_Input_DataQuality_FarmInputsFreightWaste[[#This Row],[How much of the data was from direct samples?]],Table_SourceData_DataQuality_SampleSize[User friendly description],Table_SourceData_DataQuality_SampleSize[Score]), 0) -> 13
A56: =HYPERLINK("#'Constants - Solid Waste'!A1", "Constants - Solid Waste") -> Constants - Solid Waste | D56: ="Inbound freight use" -> Inbound freight use | E56: During this emissions calculation period | F56: This location without spatial partitioning | G56: Over 90% | J56: =IFERROR(_xlfn.XLOOKUP(Table_Input_DataQuality_FarmInputsFreightWaste[[#This Row],[When was the data sourced?]],Table_SourceData_DataQuality_TemporalRepresentativeness[User friendly description],Table_SourceData_DataQuality_TemporalRepresentativeness[Score])+_xlfn.XLOOKUP(Table_Input_DataQuality_FarmInputsFreightWaste[[#This Row],[Where is the data sourced from?]],Table_SourceData_DataQuality_SpatialRepresentativeness[User friendly description],Table_SourceData_DataQuality_SpatialRepresentativeness[Score])+_xlfn.XLOOKUP(Table_Input_DataQuality_FarmInputsFreightWaste[[#This Row],[How much of the data was from direct samples?]],Table_SourceData_DataQuality_SampleSize[User friendly description],Table_SourceData_DataQuality_SampleSize[Score]), 0) -> 14
A57: =HYPERLINK("#'Constants - Common'!A1", "Constants - Common") -> Constants - Common | D57: ="Outbound freight use" -> Outbound freight use | E57: During this emissions calculation period | F57: This location without spatial partitioning | G57: Over 90% | J57: =IFERROR(_xlfn.XLOOKUP(Table_Input_DataQuality_FarmInputsFreightWaste[[#This Row],[When was the data sourced?]],Table_SourceData_DataQuality_TemporalRepresentativeness[User friendly description],Table_SourceData_DataQuality_TemporalRepresentativeness[Score])+_xlfn.XLOOKUP(Table_Input_DataQuality_FarmInputsFreightWaste[[#This Row],[Where is the data sourced from?]],Table_SourceData_DataQuality_SpatialRepresentativeness[User friendly description],Table_SourceData_DataQuality_SpatialRepresentativeness[Score])+_xlfn.XLOOKUP(Table_Input_DataQuality_FarmInputsFreightWaste[[#This Row],[How much of the data was from direct samples?]],Table_SourceData_DataQuality_SampleSize[User friendly description],Table_SourceData_DataQuality_SampleSize[Score]), 0) -> 14
D58: ="Use of contractors and service providers" -> Use of contractors and service providers | J58: =IFERROR(_xlfn.XLOOKUP(Table_Input_DataQuality_FarmInputsFreightWaste[[#This Row],[When was the data sourced?]],Table_SourceData_DataQuality_TemporalRepresentativeness[User friendly description],Table_SourceData_DataQuality_TemporalRepresentativeness[Score])+_xlfn.XLOOKUP(Table_Input_DataQuality_FarmInputsFreightWaste[[#This Row],[Where is the data sourced from?]],Table_SourceData_DataQuality_SpatialRepresentativeness[User friendly description],Table_SourceData_DataQuality_SpatialRepresentativeness[Score])+_xlfn.XLOOKUP(Table_Input_DataQuality_FarmInputsFreightWaste[[#This Row],[How much of the data was from direct samples?]],Table_SourceData_DataQuality_SampleSize[User friendly description],Table_SourceData_DataQuality_SampleSize[Score]), 0) -> 0
D59: ="Solid waste generation and treatment" -> Solid waste generation and treatment | E59: During this emissions calculation period | F59: This location without spatial partitioning | G59: Over 90% | J59: =IFERROR(_xlfn.XLOOKUP(Table_Input_DataQuality_FarmInputsFreightWaste[[#This Row],[When was the data sourced?]],Table_SourceData_DataQuality_TemporalRepresentativeness[User friendly description],Table_SourceData_DataQuality_TemporalRepresentativeness[Score])+_xlfn.XLOOKUP(Table_Input_DataQuality_FarmInputsFreightWaste[[#This Row],[Where is the data sourced from?]],Table_SourceData_DataQuality_SpatialRepresentativeness[User friendly description],Table_SourceData_DataQuality_SpatialRepresentativeness[Score])+_xlfn.XLOOKUP(Table_Input_DataQuality_FarmInputsFreightWaste[[#This Row],[How much of the data was from direct samples?]],Table_SourceData_DataQuality_SampleSize[User friendly description],Table_SourceData_DataQuality_SampleSize[Score]), 0) -> 14
J61: =SUM(Table_Input_DataQuality_FarmInputsFreightWaste[Score]) -> 55
D62: Total data quality score | E62: =(J16+J27+J40+J50+J61)&" out of "&((COUNT(Table_Input_DataQuality_Enterprise[Score])*15)+(COUNT(Table_Input_DataQuality_Site[Score])*15)+(COUNT(Table_Input_DataQuality_PastureManagement[Score])*15)+(COUNT(Table_Input_DataQuality_FuelElectricity[Score])*15)+(COUNT(Table_Input_DataQuality_FarmInputsFreightWaste[Score])*15)) -> 293 out of 450

Sheet 4.6.1.1-2 Methane
A1: #VALUE! | C1: 4.6.1.1-2 Manure Methane
A3: =HYPERLINK("#'Home'!A1", "Home") -> Home | D3: Method 1 | N3: Method 2
A4: =HYPERLINK("#'Results - Activity period'!A1", "Results - Activity period") -> Results - Activity period
A5: =HYPERLINK("#'Results - Product EI'!A1", "Results - Product Emissions Intensity") -> Results - Product Emissions Intensity | D5: Volatile solid production poultry classes
D6: VEERG 2026: 4.4.1.1, Equation (5)
A8: INPUTS
A9: =HYPERLINK("#'Input - Enterprise'!A1", "Enterprise") -> Enterprise
A10: =HYPERLINK("#'Input - Site'!A1", "Site") -> Site | D10: Variable | E10: VS_jk
A11: =HYPERLINK("#'Input - Poultry'!A1", "Poultry") -> Poultry | D11: Unit | E11: kg VS/bird/day
A12: =HYPERLINK("#'Input - Livestock sales'!A1", "Livestock sales") -> Livestock sales
A13: =HYPERLINK("#'Input - Poultry purchases'!A1", "Poultry purchases") -> Poultry purchases | D13: I_jk | E13: dry matter intake for each class and subclass | G13: kg DM/bird/day | H13: Input | I13: {=HYPERLINK(Common_InputFunctions.Utility_SourceHyperlink($D$17), $D$17)} -> M1_Table_I_j_k
A14: =HYPERLINK("#'Input - Fuel'!A1", "Fuel") -> Fuel | D14: DMD_jk | E14: dry matter digestibility for each class and subclass | G14: fraction | H14: Input | I14: {=HYPERLINK(Common_InputFunctions.Utility_SourceHyperlink($D$22), $D$22)} -> M1_Table_DMD_j_k
A15: =HYPERLINK("#'Input - Electricity'!A1", "Electricity") -> Electricity | D15: A_j | E15: ash content of manure for each class and subclass | G15: fraction | H15: Constant | I15: {=HYPERLINK(Common_InputFunctions.Utility_SourceHyperlink($D$32), $D$32)} -> M1_Table_VS_j_k
A16: =HYPERLINK("#'Input - Common farm inputs'!A1", "Common farm inputs") -> Common farm inputs
A17: =HYPERLINK("#'Input - Livestock farm Inputs'!A1", "Livestock farm Inputs") -> Livestock farm Inputs | D17: M1_Table_I_j_k | N17: M2_Table_I_j_k
A18: =HYPERLINK("#'Input - Freight'!A1", "Freight") -> Freight | D18: Dry matter intake (Method 1) | N18: Dry matter intake (Method 2)
A19: =HYPERLINK("#'Input - Solid waste'!A1", "Solid waste") -> Solid waste | D19: Layers | E19: Meat chicken growers | F19: Meat chicken breeders | G19: Other | N19: Layers | O19: Meat chicken growers | P19: Meat chicken breeders | Q19: Other
A20: =HYPERLINK("#'Input - Manure sent off-site'!A1", "Manure sent off-site") -> Manure sent off-site | D20: =INDEX(X_Table_Poultry_Diet_Method1,2,2) -> 0.086 | E20: =INDEX(X_Table_Poultry_Diet_Method1,2,3) -> 0.093 | F20: =INDEX(X_Table_Poultry_Diet_Method1,2,4) -> 0.103 | G20: =INDEX(X_Table_Poultry_Diet_Method1,2,5) -> 0.093 | H20: =$G$13 -> kg DM/bird/day | N20: =INDEX(X_Table_Poultry_Diet_Method2,2,2) -> 0.086 | O20: =INDEX(X_Table_Poultry_Diet_Method2,2,3) -> 0.093 | P20: =INDEX(X_Table_Poultry_Diet_Method2,2,4) -> 0.103 | Q20: =INDEX(X_Table_Poultry_Diet_Method2,2,5) -> 0.093 | R20: =$G$13 -> kg DM/bird/day
A21: =HYPERLINK("#'Input - Data quality'!A1", "Data quality") -> Data quality
A22: =HYPERLINK("#'Input - Fert Prod System'!A1", "Fert Prod System") -> Fert Prod System | D22: M1_Table_DMD_j_k | N22: M2_Table_DMD_j_k
A23: =HYPERLINK("#'Input - Fertiliser'!A1", "Fertiliser") -> Fertiliser | D23: Dry matter digestibility (Method 1) | N23: Dry matter digestibility (Method 2)
D24: Layers | E24: Meat chicken growers | F24: Meat chicken breeders | G24: Other | N24: Layers | O24: Meat chicken growers | P24: Meat chicken breeders | Q24: Other
D25: =INDEX(X_Table_Poultry_Diet_Method1,3,2) -> 0.8 | E25: =INDEX(X_Table_Poultry_Diet_Method1,3,3) -> 0.8 | F25: =INDEX(X_Table_Poultry_Diet_Method1,3,4) -> 0.8 | G25: =INDEX(X_Table_Poultry_Diet_Method1,3,5) -> 0.8 | H25: =$G$14 -> fraction | N25: =INDEX(X_Table_Poultry_Diet_Method2,3,2) -> 0.8 | O25: =INDEX(X_Table_Poultry_Diet_Method2,3,3) -> 0.8 | P25: =INDEX(X_Table_Poultry_Diet_Method2,3,4) -> 0.8 | Q25: =INDEX(X_Table_Poultry_Diet_Method2,3,5) -> 0.8 | R25: =$G$14 -> fraction
A26: CALCULATIONS
A27: =HYPERLINK("#'4.6.1.1-2 Methane'!A1", "4.6.1.1-2 Manure Methane") -> 4.6.1.1-2 Manure Methane | D27: Table_A_j
A28: =HYPERLINK("#'4.6.1.3-4 Direct N20'!A1", "4.6.1.3-4 Manure Direct N2O") -> 4.6.1.3-4 Manure Direct N2O | D28: Ash content of manure
A29: =HYPERLINK("#'4.6.1.5-6 Atmos Dep'!A1", "4.6.1.5-6 Manure Atmos Dep") -> 4.6.1.5-6 Manure Atmos Dep | D29: Layers | E29: Meat chicken growers | F29: Meat chicken breeders | G29: Other
A30: =HYPERLINK("#'4.6.1.7-8 Leaching and runoff'!A1", "4.6.1.7-8 Manure Leaching and runoff") -> 4.6.1.7-8 Manure Leaching and runoff | D30: ='Constants - Poultry'!E13 -> 0.18 | E30: ='Constants - Poultry'!F13 -> 0.15 | F30: ='Constants - Poultry'!G13 -> 0.18 | G30: ='Constants - Poultry'!H13 -> 0.15 | H30: =$G$15 -> fraction
A31: =HYPERLINK("#'4.6.1.9 Manure applied to soils'!A1", "4.6.1.9 Manure applied to soils") -> 4.6.1.9 Manure applied to soils
A32: =HYPERLINK("#'4.6.1.10-11 Soil direct N2O'!A1", "4.6.1.10-11 Soil direct N2O") -> 4.6.1.10-11 Soil direct N2O | D32: M1_Table_VS_j_k | N32: M2_Table_VS_j_k
A33: =HYPERLINK("#'4.6.1.12-13 Soil atmos dep'!A1", "4.6.1.12-13 Soil atmos dep") -> 4.6.1.12-13 Soil atmos dep | D33: Volatile solid production (Method 1) | N33: Volatile solid production (Method 2)
A34: =HYPERLINK("#'4.6.1.14-15 Soil leach runoff'!A1", "4.6.1.14-15 Soil leach runoff") -> 4.6.1.14-15 Soil leach runoff | D34: Layers | E34: Meat chicken growers | F34: Meat chicken breeders | G34: Other | N34: Layers | O34: Meat chicken growers | P34: Meat chicken breeders | Q34: Other
A35: =HYPERLINK("#'8.1.1.1-2 Transport fuel'!A1", "8.1.1.1-2 Transport fuel") -> 8.1.1.1-2 Transport fuel | D35: =(D20 * (1 - D25) * (1 - D30)) -> 0.014104 | E35: =(E20 * (1 - E25) * (1 - E30)) -> 0.01581 | F35: =(F20 * (1 - F25) * (1 - F30)) -> 0.016892 | G35: =(G20 * (1 - G25) * (1 - G30)) -> 0.01581 | H35: =$E$11 -> kg VS/bird/day | N35: =(N20 * (1 - N25) * (1 - D30)) -> 0.014104 | O35: =(O20 * (1 - O25) * (1 - E30)) -> 0.01581 | P35: =(P20 * (1 - P25) * (1 - F30)) -> 0.016892 | Q35: =(Q20 * (1 - Q25) * (1 - G30)) -> 0.01581 | R35: =$E$11 -> kg VS/bird/day
A36: =HYPERLINK("#'8.2.1.1-2 Stationary fuel'!A1", "8.2.1.1-2 Stationary fuel") -> 8.2.1.1-2 Stationary fuel
A37: =HYPERLINK("#'10.1.1-2 Solid waste treatment'!A1", "10.1.1.1-2 Solid waste") -> 10.1.1.1-2 Solid waste
A38: =HYPERLINK("#'14.1.1-2 Purchased electricity'!A1", "14.1.1-2 Purchased electricity") -> 14.1.1-2 Purchased electricity
A39: =HYPERLINK("#'15 Scope 3'!A1", "15 Scope 3") -> 15 Scope 3 | D39: Production of methane in treatment stage 1 MMS
A40: =HYPERLINK("#'Calcs - Manure sent off-site'!A1", "Calcs - Manure sent off-site") -> Calcs - Manure sent off-site | D40: VEERG 2026: 4.4.1.1, Equation (2)
A41: =HYPERLINK("#'5.1.1.1-2 Inorganic fert N2O'!A1", "5.1.1.1-2 Inorganic fert N2O") -> 5.1.1.1-2 Inorganic fert N2O | D41: {=(_xlfn.MAKEARRAY(3, 1, _xlfn.LAMBDA(_xlpm.r,_xlpm.c, INDEX({"VARIATION ON SOURCE:";"Used mean annual temperature instead of temperature zone to determine MCF as MCF values are specific to temperature";"Method 2: Used state based MCF values for 'Belt manure removal' and 'Manure stored in house' MMS as no temperature values exist in Table A.1.8.1"}, _xlpm.r, _xlpm.c))))} -> VARIATION ON SOURCE:
A42: =HYPERLINK("#'5.1.1.3-4 Inorganic fert CO2'!A1", "5.1.1.3-4 Inorganic fert CO2") -> 5.1.1.3-4 Inorganic fert CO2 | D42: Used mean annual temperature instead of temperature zone to determine MCF as MCF values are specific to temperature
A43: =HYPERLINK("#'5.2.1.1-2 Organic Fert N2O'!A1", "5.2.1.1-2 Organic Fert N2O") -> 5.2.1.1-2 Organic Fert N2O | D43: Method 2: Used state based MCF values for 'Belt manure removal' and 'Manure stored in house' MMS as no temperature values exist in Table A.1.8.1
A44: =HYPERLINK("#'5.3.1.1-2 Lime CO2'!A1", "5.3.1.1-2 Lime CO2") -> 5.3.1.1-2 Lime CO2
A45: =HYPERLINK("#'5.4.1.1-4 Atmos deposition'!A1", "5.4.1.1-4 Atmos deposition") -> 5.4.1.1-4 Atmos deposition
A46: =HYPERLINK("#'5.5.1.1-2 Leaching and runoff'!A1", "5.5.1.1-2 Leaching and runoff") -> 5.5.1.1-2 Leaching and runoff
D47: Variable | E47: M_jkmT1
D48: Unit | E48: kg CH4/bird/day
A49: APPENDICES
A50: =HYPERLINK("#'Constants - Poultry'!A1", "Constants - Poultry") -> Constants - Poultry | D50: VS_jk | E50: volatile solid production poultry classes | G50: kg VS/bird/day | H50: Calculated from 4.6.1.1 (5) | I50: {=HYPERLINK(Common_InputFunctions.Utility_SourceHyperlink($D$32), $D$32)} -> M1_Table_VS_j_k | N50: VS_jk | O50: volatile solid production poultry classes | Q50: kg VS/bird/day | R50: Calculated from 4.6.1.1 (5) | S50: {=HYPERLINK(Common_InputFunctions.Utility_SourceHyperlink($D$32), $D$32)} -> M1_Table_VS_j_k
A51: =HYPERLINK("#'Constants - Common livestock'!A1", "Constants - Common Livestock") -> Constants - Common Livestock | D51: BO_j | E51: emissions potential per class | G51: m3 CH4/kg VS | H51: Constant | I51: {=HYPERLINK(Common_InputFunctions.Utility_SourceHyperlink($D$65), $D$65)} -> Table_B_0_j | N51: BO_j | O51: emissions potential per class | Q51: m3 CH4/kg VS | R51: Constant | S51: {=HYPERLINK(Common_InputFunctions.Utility_SourceHyperlink($D$65), $D$65)} -> Table_B_0_j
A52: =HYPERLINK("#'Constants - Electricity'!A1", "Constants - Electricity") -> Constants - Electricity | D52: MMS_jmT1 | E52: fraction of manure in each primary system | G52: fraction | H52: Input | I52: {=HYPERLINK(Common_InputFunctions.Utility_SourceHyperlink($D$57), $D$57)} -> Table_MMS_j_m_T-1 | N52: MMS_jmT1 | O52: fraction of manure in each primary system | Q52: fraction | R52: Input | S52: {=HYPERLINK(Common_InputFunctions.Utility_SourceHyperlink($D$57), $D$57)} -> Table_MMS_j_m_T-1
A53: =HYPERLINK("#'Constants - Fertiliser'!A1", "Constants - Fertiliser") -> Constants - Fertiliser | D53: MCF_im | E53: methane conversion factor for temperature zone and MMS | G53: fraction | H53: Constant | I53: {=HYPERLINK(Common_InputFunctions.Utility_SourceHyperlink($D$70), $D$70)} -> Table_MCF_i_m | N53: MCF_im | O53: methane conversion factor for temperature zone and MMS | Q53: fraction | R53: Constant | S53: {=HYPERLINK(Common_InputFunctions.Utility_SourceHyperlink($D$70), $D$70)} -> Table_MCF_i_m
A54: =HYPERLINK("#'Constants - Fuel'!A1", "Constants - Fuel") -> Constants - Fuel | D54: rho | E54: density of methane | G54: kg/m3 | H54: Constant | I54: =Common_SourceData_DensityOfMethane_Data -> 0.6784 | N54: rho | O54: density of methane | Q54: kg/m3 | R54: Constant | S54: =Common_SourceData_DensityOfMethane_Data -> 0.6784
A55: =HYPERLINK("#'Constants - Scope 3'!A1", "Constants - Scope 3") -> Constants - Scope 3 | D55: i | E55: state | H55: Input | I55: =X_Cell_Site_State -> Western Australia | N55: i | O55: mean annual temperature | Q55: °C | R55: Input | S55: =X_Cell_Site_AverageTemperature -> 18
A56: =HYPERLINK("#'Constants - Solid Waste'!A1", "Constants - Solid Waste") -> Constants - Solid Waste
A57: =HYPERLINK("#'Constants - Common'!A1", "Constants - Common") -> Constants - Common | D57: Table_MMS_j_m_T-1
D58: Fraction of manure sent to stage 1 MMS
D59: Stage 1 MMS | E59: Layers | F59: Meat chicken growers | G59: Meat chicken breeders | H59: Other
D60: =INDEX(X_Table_Poultry_Stage1MMS,2,1) -> Poultry manure with bedding | E60: =INDEX(X_Table_Poultry_Stage1MMS,2,2) -> 0.3 | F60: =INDEX(X_Table_Poultry_Stage1MMS,2,3) -> 0.3 | G60: =INDEX(X_Table_Poultry_Stage1MMS,2,4) -> 0.3 | H60: =INDEX(X_Table_Poultry_Stage1MMS,2,5) -> 0.3 | I60: =$G$52 -> fraction
D61: =INDEX(X_Table_Poultry_Stage1MMS,3,1) -> Belt manure removal | E61: =INDEX(X_Table_Poultry_Stage1MMS,3,2) -> 0.3 | F61: =INDEX(X_Table_Poultry_Stage1MMS,3,3) -> 0.3 | G61: =INDEX(X_Table_Poultry_Stage1MMS,3,4) -> 0.3 | H61: =INDEX(X_Table_Poultry_Stage1MMS,3,5) -> 0.3
D62: =INDEX(X_Table_Poultry_Stage1MMS,4,1) -> Manure stored in house | E62: =INDEX(X_Table_Poultry_Stage1MMS,4,2) -> 0.3 | F62: =INDEX(X_Table_Poultry_Stage1MMS,4,3) -> 0.3 | G62: =INDEX(X_Table_Poultry_Stage1MMS,4,4) -> 0.3 | H62: =INDEX(X_Table_Poultry_Stage1MMS,4,5) -> 0.3
D63: =INDEX(X_Table_Poultry_Stage1MMS,5,1) -> Pasture range and paddock | E63: =INDEX(X_Table_Poultry_Stage1MMS,5,2) -> 0.1 | F63: =INDEX(X_Table_Poultry_Stage1MMS,5,3) -> 0.1 | G63: =INDEX(X_Table_Poultry_Stage1MMS,5,4) -> 0.1 | H63: =INDEX(X_Table_Poultry_Stage1MMS,5,5) -> 0.1
D65: Table_B_0_j
D66: Methane emissions potential per class
D67: Layers | E67: Meat chicken growers | F67: Meat chicken breeders | G67: Other
A68: =HYPERLINK("#A1", "▲ Back to top") -> ▲ Back to top | D68: ='Constants - Poultry'!$E$20 -> 0.39 | E68: ='Constants - Poultry'!$E$21 -> 0.36 | F68: ='Constants - Poultry'!$E$21 -> 0.36 | G68: ='Constants - Poultry'!$E$21 -> 0.36 | H68: =$G$51 -> m3 CH4/kg VS
D70: Table_MCF_i_m | N70: Table_MCF_i_m
D71: Methane conversion factor for state | N71: Methane conversion factor for state
D72: MMS | E72: MCFim | N72: MMS | O72: MCFim
D73: ='Constants - Poultry'!$D$29 -> Poultry manure with bedding | E73: =CommonLivestock_InputFunctions.Livestock_LookupMCFState(D73,Table_SourceData_Poultry_MMSMCF[NIR definition],Common_InputFunctions.Utility_ConvertStateCommonNameToAbbreviation($I$55,Table_AustralianStates[Common Name],Table_AustralianStates[Abbreviation]),Table_SourceData_Poultry_MMSMCF[#Headers],Table_SourceData_Poultry_MMSMCF[#Data]) -> 0.015 | F73: =$G$53 -> fraction | N73: ='Constants - Poultry'!$D$29 -> Poultry manure with bedding | O73: =Common_InputFunctions.Common_GetMCFTemperatureZone($S$54,N73,Table_SourceData_Common_MCFTemperatureZone[MAT (ºC)],Table_SourceData_Common_MCFTemperatureZone[#Headers],Table_SourceData_Common_MCFTemperatureZone[#Data]) -> 0.015 | P73: =$G$53 -> fraction
D74: ='Constants - Poultry'!$D$30 -> Belt manure removal | E74: =CommonLivestock_InputFunctions.Livestock_LookupMCFState(D74,Table_SourceData_Poultry_MMSMCF[NIR definition],Common_InputFunctions.Utility_ConvertStateCommonNameToAbbreviation($I$55,Table_AustralianStates[Common Name],Table_AustralianStates[Abbreviation]),Table_SourceData_Poultry_MMSMCF[#Headers],Table_SourceData_Poultry_MMSMCF[#Data]) -> 0.015 | N74: ='Constants - Poultry'!$D$30 -> Belt manure removal | O74: No data
D75: ='Constants - Poultry'!$D$31 -> Manure stored in house | E75: =CommonLivestock_InputFunctions.Livestock_LookupMCFState(D75,Table_SourceData_Poultry_MMSMCF[NIR definition],Common_InputFunctions.Utility_ConvertStateCommonNameToAbbreviation($I$55,Table_AustralianStates[Common Name],Table_AustralianStates[Abbreviation]),Table_SourceData_Poultry_MMSMCF[#Headers],Table_SourceData_Poultry_MMSMCF[#Data]) -> 0.015 | N75: ='Constants - Poultry'!$D$31 -> Manure stored in house | O75: No data
D76: ='Constants - Poultry'!$D$32 -> Pasture range and paddock | E76: =CommonLivestock_InputFunctions.Livestock_LookupMCFState(D76,Table_SourceData_Poultry_MMSMCF[NIR definition],Common_InputFunctions.Utility_ConvertStateCommonNameToAbbreviation($I$55,Table_AustralianStates[Common Name],Table_AustralianStates[Abbreviation]),Table_SourceData_Poultry_MMSMCF[#Headers],Table_SourceData_Poultry_MMSMCF[#Data]) -> 0.01 | N76: ='Constants - Poultry'!$D$32 -> Pasture range and paddock | O76: =Common_InputFunctions.Common_GetMCFTemperatureZone($S$54,N76,Table_SourceData_Common_MCFTemperatureZone[MAT (ºC)],Table_SourceData_Common_MCFTemperatureZone[#Headers],Table_SourceData_Common_MCFTemperatureZone[#Data]) -> 0.0047
D77: ='Constants - Poultry'!$D$33 -> Solid storage | E77: =CommonLivestock_InputFunctions.Livestock_LookupMCFState(D77,Table_SourceData_Poultry_MMSMCF[NIR definition],Common_InputFunctions.Utility_ConvertStateCommonNameToAbbreviation($I$55,Table_AustralianStates[Common Name],Table_AustralianStates[Abbreviation]),Table_SourceData_Poultry_MMSMCF[#Headers],Table_SourceData_Poultry_MMSMCF[#Data]) -> 0.02 | N77: ='Constants - Poultry'!$D$33 -> Solid storage | O77: =Common_InputFunctions.Common_GetMCFTemperatureZone($S$54,N77,Table_SourceData_Common_MCFTemperatureZone[MAT (ºC)],Table_SourceData_Common_MCFTemperatureZone[#Headers],Table_SourceData_Common_MCFTemperatureZone[#Data]) -> 0.02
D78: ='Constants - Poultry'!$D$34 -> Composting (passive windrow) | E78: =CommonLivestock_InputFunctions.Livestock_LookupMCFState(D78,Table_SourceData_Poultry_MMSMCF[NIR definition],Common_InputFunctions.Utility_ConvertStateCommonNameToAbbreviation($I$55,Table_AustralianStates[Common Name],Table_AustralianStates[Abbreviation]),Table_SourceData_Poultry_MMSMCF[#Headers],Table_SourceData_Poultry_MMSMCF[#Data]) -> 0.01 | N78: ='Constants - Poultry'!$D$34 -> Composting (passive windrow) | O78: =Common_InputFunctions.Common_GetMCFTemperatureZone($S$54,N78,Table_SourceData_Common_MCFTemperatureZone[MAT (ºC)],Table_SourceData_Common_MCFTemperatureZone[#Headers],Table_SourceData_Common_MCFTemperatureZone[#Data]) -> 0.005
D79: ='Constants - Poultry'!$D$35 -> Digester / covered lagoons | E79: =CommonLivestock_InputFunctions.Livestock_LookupMCFState(D79,Table_SourceData_Poultry_MMSMCF[NIR definition],Common_InputFunctions.Utility_ConvertStateCommonNameToAbbreviation($I$55,Table_AustralianStates[Common Name],Table_AustralianStates[Abbreviation]),Table_SourceData_Poultry_MMSMCF[#Headers],Table_SourceData_Poultry_MMSMCF[#Data]) -> 0.1 | N79: ='Constants - Poultry'!$D$35 -> Digester / covered lagoons | O79: =Common_InputFunctions.Common_GetMCFTemperatureZone($S$54,N79,Table_SourceData_Common_MCFTemperatureZone[MAT (ºC)],Table_SourceData_Common_MCFTemperatureZone[#Headers],Table_SourceData_Common_MCFTemperatureZone[#Data]) -> 0.1
D80: ='Constants - Poultry'!$D$36 -> Direct processing | E80: =CommonLivestock_InputFunctions.Livestock_LookupMCFState(D80,Table_SourceData_Poultry_MMSMCF[NIR definition],Common_InputFunctions.Utility_ConvertStateCommonNameToAbbreviation($I$55,Table_AustralianStates[Common Name],Table_AustralianStates[Abbreviation]),Table_SourceData_Poultry_MMSMCF[#Headers],Table_SourceData_Poultry_MMSMCF[#Data]) -> 0 | N80: ='Constants - Poultry'!$D$36 -> Direct processing | O80: =Common_InputFunctions.Common_GetMCFTemperatureZone($S$54,N80,Table_SourceData_Common_MCFTemperatureZone[MAT (ºC)],Table_SourceData_Common_MCFTemperatureZone[#Headers],Table_SourceData_Common_MCFTemperatureZone[#Data]) -> 0
D81: ='Constants - Poultry'!$D$37 -> Direct application | E81: =CommonLivestock_InputFunctions.Livestock_LookupMCFState(D81,Table_SourceData_Poultry_MMSMCF[NIR definition],Common_InputFunctions.Utility_ConvertStateCommonNameToAbbreviation($I$55,Table_AustralianStates[Common Name],Table_AustralianStates[Abbreviation]),Table_SourceData_Poultry_MMSMCF[#Headers],Table_SourceData_Poultry_MMSMCF[#Data]) -> 0 | N81: ='Constants - Poultry'!$D$37 -> Direct application | O81: =Common_InputFunctions.Common_GetMCFTemperatureZone($S$54,N81,Table_SourceData_Common_MCFTemperatureZone[MAT (ºC)],Table_SourceData_Common_MCFTemperatureZone[#Headers],Table_SourceData_Common_MCFTemperatureZone[#Data]) -> 0
D83: M1_Table_M_j_k_m_T-1 | N83: M2_Table_M_j_k_m_T-1
D84: Production of methane in stage 1 MMS (Method 1) | N84: Production of methane in stage 1 MMS (Method 2)
D85: Stage 1 MMS | E85: Layers | F85: Meat chicken growers | G85: Meat chicken breeders | H85: Other | N85: Stage 1 MMS | O85: Layers | P85: Meat chicken growers | Q85: Meat chicken breeders | R85: Other
D86: =INDEX(X_Table_Poultry_Stage1MMS,2,1) -> Poultry manure with bedding | E86: =(D$35 * D$68 * E60 * (_xlfn.XLOOKUP($D86,$D$73:$D$81,$E$73:$E$81)) * $I$54) -> 1.679211e-05 | F86: =(E$35 * E$68 * F60 * (_xlfn.XLOOKUP($D86,$D$73:$D$81,$E$73:$E$81)) * $I$54) -> 1.7375316e-05 | G86: =(F$35 * F$68 * G60 * (_xlfn.XLOOKUP($D86,$D$73:$D$81,$E$73:$E$81)) * $I$54) -> 1.8564443e-05 | H86: =(G$35 * G$68 * H60 * (_xlfn.XLOOKUP($D86,$D$73:$D$81,$E$73:$E$81)) * $I$54) -> 1.7375316e-05 | I86: =$E$48 -> kg CH4/bird/day | N86: =INDEX(X_Table_Poultry_Stage1MMS,2,1) -> Poultry manure with bedding | O86: =(N$35 * D$68 * E60 * (_xlfn.XLOOKUP($N86,$N$73:$N$81,$O$73:$O$81)) * $I$54) -> 1.679211e-05 | P86: =(O$35 * E$68 * F60 * (_xlfn.XLOOKUP($N86,$N$73:$N$81,$O$73:$O$81)) * $I$54) -> 1.7375316e-05 | Q86: =(P$35 * F$68 * G60 * (_xlfn.XLOOKUP($N86,$N$73:$N$81,$O$73:$O$81)) * $I$54) -> 1.8564443e-05 | R86: =(Q$35 * G$68 * H60 * (_xlfn.XLOOKUP($N86,$N$73:$N$81,$O$73:$O$81)) * $I$54) -> 1.7375316e-05 | S86: =$E$48 -> kg CH4/bird/day
D87: =INDEX(X_Table_Poultry_Stage1MMS,3,1) -> Belt manure removal | E87: =(D$35 * D$68 * E61 * (_xlfn.XLOOKUP($D87,$D$73:$D$81,$E$73:$E$81)) * $I$54) -> 1.679211e-05 | F87: =(E$35 * E$68 * F61 * (_xlfn.XLOOKUP($D87,$D$73:$D$81,$E$73:$E$81)) * $I$54) -> 1.7375316e-05 | G87: =(F$35 * F$68 * G61 * (_xlfn.XLOOKUP($D87,$D$73:$D$81,$E$73:$E$81)) * $I$54) -> 1.8564443e-05 | H87: =(G$35 * G$68 * H61 * (_xlfn.XLOOKUP($D87,$D$73:$D$81,$E$73:$E$81)) * $I$54) -> 1.7375316e-05 | N87: =INDEX(X_Table_Poultry_Stage1MMS,3,1) -> Belt manure removal | O87: =(N$35 * D$68 * E61 * (_xlfn.XLOOKUP($N87,$D$73:$D$81,$E$73:$E$81)) * $I$54) -> 1.679211e-05 | P87: =(O$35 * E$68 * F61 * (_xlfn.XLOOKUP($N87,$D$73:$D$81,$E$73:$E$81)) * $I$54) -> 1.7375316e-05 | Q87: =(P$35 * F$68 * G61 * (_xlfn.XLOOKUP($N87,$D$73:$D$81,$E$73:$E$81)) * $I$54) -> 1.8564443e-05 | R87: =(Q$35 * G$68 * H61 * (_xlfn.XLOOKUP($N87,$D$73:$D$81,$E$73:$E$81)) * $I$54) -> 1.7375316e-05
D88: =INDEX(X_Table_Poultry_Stage1MMS,4,1) -> Manure stored in house | E88: =(D$35 * D$68 * E62 * (_xlfn.XLOOKUP($D88,$D$73:$D$81,$E$73:$E$81)) * $I$54) -> 1.679211e-05 | F88: =(E$35 * E$68 * F62 * (_xlfn.XLOOKUP($D88,$D$73:$D$81,$E$73:$E$81)) * $I$54) -> 1.7375316e-05 | G88: =(F$35 * F$68 * G62 * (_xlfn.XLOOKUP($D88,$D$73:$D$81,$E$73:$E$81)) * $I$54) -> 1.8564443e-05 | H88: =(G$35 * G$68 * H62 * (_xlfn.XLOOKUP($D88,$D$73:$D$81,$E$73:$E$81)) * $I$54) -> 1.7375316e-05 | N88: =INDEX(X_Table_Poultry_Stage1MMS,4,1) -> Manure stored in house | O88: =(N$35 * D$68 * E62 * (_xlfn.XLOOKUP($N88,$D$73:$D$81,$E$73:$E$81)) * $I$54) -> 1.679211e-05 | P88: =(O$35 * E$68 * F62 * (_xlfn.XLOOKUP($N88,$D$73:$D$81,$E$73:$E$81)) * $I$54) -> 1.7375316e-05 | Q88: =(P$35 * F$68 * G62 * (_xlfn.XLOOKUP($N88,$D$73:$D$81,$E$73:$E$81)) * $I$54) -> 1.8564443e-05 | R88: =(Q$35 * G$68 * H62 * (_xlfn.XLOOKUP($N88,$D$73:$D$81,$E$73:$E$81)) * $I$54) -> 1.7375316e-05
D89: =INDEX(X_Table_Poultry_Stage1MMS,5,1) -> Pasture range and paddock | E89: =(D$35 * D$68 * E63 * (_xlfn.XLOOKUP($D89,$D$73:$D$81,$E$73:$E$81)) * $I$54) -> 3.7315799e-06 | F89: =(E$35 * E$68 * F63 * (_xlfn.XLOOKUP($D89,$D$73:$D$81,$E$73:$E$81)) * $I$54) -> 3.8611814e-06 | G89: =(F$35 * F$68 * G63 * (_xlfn.XLOOKUP($D89,$D$73:$D$81,$E$73:$E$81)) * $I$54) -> 4.1254318e-06 | H89: =(G$35 * G$68 * H63 * (_xlfn.XLOOKUP($D89,$D$73:$D$81,$E$73:$E$81)) * $I$54) -> 3.8611814e-06 | N89: =INDEX(X_Table_Poultry_Stage1MMS,5,1) -> Pasture range and paddock | O89: =(N$35 * D$68 * E63 * (_xlfn.XLOOKUP($N89,$N$73:$N$81,$O$73:$O$81)) * $I$54) -> 1.7538426e-06 | P89: =(O$35 * E$68 * F63 * (_xlfn.XLOOKUP($N89,$N$73:$N$81,$O$73:$O$81)) * $I$54) -> 1.8147553e-06 | Q89: =(P$35 * F$68 * G63 * (_xlfn.XLOOKUP($N89,$N$73:$N$81,$O$73:$O$81)) * $I$54) -> 1.9389529e-06 | R89: =(Q$35 * G$68 * H63 * (_xlfn.XLOOKUP($N89,$N$73:$N$81,$O$73:$O$81)) * $I$54) -> 1.8147553e-06
D93: Volatile solids transferred to treatment stage 2 MMS
D94: VEERG 2026: 4.4.1.1, Equation (4)
A98: =HYPERLINK("#A1", "▲ Back to top") -> ▲ Back to top | D98: Variable | E98: VST_jk
D99: Unit | E99: kg VS/bird/day
D101: VS_jk | E101: volatile solid production poultry classes | G101: kg VS/bird/day | H101: Calculated from 4.6.1.1 (5) | I101: {=HYPERLINK(Common_InputFunctions.Utility_SourceHyperlink($D$32), $D$32)} -> M1_Table_VS_j_k
D102: MMS_jmT1 | E102: fraction of manure in each primary system | G102: fraction | H102: Input | I102: {=HYPERLINK(Common_InputFunctions.Utility_SourceHyperlink($D$57), $D$57)} -> Table_MMS_j_m_T-1
D103: VSL_mT1 | E103: fraction of volatile solids lost during storage in the primary system | G103: fraction | H103: Constant | I103: {=HYPERLINK(Common_InputFunctions.Utility_SourceHyperlink($D$105), $D$105)} -> Table_VSL_m_T-1
D105: Table_VSL_m_T-1
D106: Fraction volatile solids lost in stage 1 MMS
D107: Stage 1 MMS | E107: VSLmT=1
D108: =INDEX(X_Table_Poultry_Stage1MMS,2,1) -> Poultry manure with bedding | E108: {=Common_InputFunctions.Utility_LookupValueInTableNumber(D108, Table_SourceData_Poultry_MMSVSL[NIR definition],Table_SourceData_Poultry_MMSVSL[VSL])} -> 0.15 | F108: =$G$103 -> fraction
D109: =INDEX(X_Table_Poultry_Stage1MMS,3,1) -> Belt manure removal | E109: {=Common_InputFunctions.Utility_LookupValueInTableNumber(D109, Table_SourceData_Poultry_MMSVSL[NIR definition],Table_SourceData_Poultry_MMSVSL[VSL])} -> 0
D110: =INDEX(X_Table_Poultry_Stage1MMS,4,1) -> Manure stored in house | E110: {=Common_InputFunctions.Utility_LookupValueInTableNumber(D110, Table_SourceData_Poultry_MMSVSL[NIR definition],Table_SourceData_Poultry_MMSVSL[VSL])} -> 0.2
D112: M1_Table_VST_j_k | N112: M2_Table_VST_j_k
D113: Volatile solids sent to stage 2 MMS (Method 1) | N113: Volatile solids sent to stage 2 MMS (Method 2)
D114: Stage 1 MMS | E114: Layers | F114: Meat chicken growers | G114: Meat chicken breeders | H114: Other | N114: Stage 1 MMS | O114: Layers | P114: Meat chicken growers | Q114: Meat chicken breeders | R114: Other
...

Sheet 4.6.1.3-4 Direct N20
A1: #VALUE! | C1: 4.6.1.3-4 Manure Direct N2O
A3: =HYPERLINK("#'Home'!A1", "Home") -> Home | D3: Method 1 | N3: Method 2
A4: =HYPERLINK("#'Results - Activity period'!A1", "Results - Activity period") -> Results - Activity period
A5: =HYPERLINK("#'Results - Product EI'!A1", "Results - Product Emissions Intensity") -> Results - Product Emissions Intensity | D5: Nitrogen intake of poultry
D6: VEERG 2026: 4.6.1.3, Equation (5)
A8: INPUTS
A9: =HYPERLINK("#'Input - Enterprise'!A1", "Enterprise") -> Enterprise
A10: =HYPERLINK("#'Input - Site'!A1", "Site") -> Site | D10: Variable | E10: NI_jk
A11: =HYPERLINK("#'Input - Poultry'!A1", "Poultry") -> Poultry | D11: Unit | E11: kg N/bird/day
A12: =HYPERLINK("#'Input - Livestock sales'!A1", "Livestock sales") -> Livestock sales
A13: =HYPERLINK("#'Input - Poultry purchases'!A1", "Poultry purchases") -> Poultry purchases | D13: I_jk | E13: dry matter intake for each class and subclass | G13: kg DM/bird/day | H13: Input | I13: {=HYPERLINK(Common_InputFunctions.Utility_SourceHyperlink($D$17),$D$17)} -> M1_Table_I_j_k
A14: =HYPERLINK("#'Input - Fuel'!A1", "Fuel") -> Fuel | D14: CP_jk | E14: crude protein content of feed | G14: fraction | H14: Input | I14: {=HYPERLINK(Common_InputFunctions.Utility_SourceHyperlink($D$22),$D$22)} -> M1_Table_CP_j_k
A15: =HYPERLINK("#'Input - Electricity'!A1", "Electricity") -> Electricity | D15: 6.25 | E15: factor for converting crude protein into nitrogen | G15: ratio | H15: Constant | I15: =$D$15 -> 6.25
A16: =HYPERLINK("#'Input - Common farm inputs'!A1", "Common farm inputs") -> Common farm inputs
A17: =HYPERLINK("#'Input - Livestock farm Inputs'!A1", "Livestock farm Inputs") -> Livestock farm Inputs | D17: M1_Table_I_j_k | N17: M2_Table_I_j_k
A18: =HYPERLINK("#'Input - Freight'!A1", "Freight") -> Freight | D18: Dry matter intake (Method 1) | N18: Dry matter intake (Method 2)
A19: =HYPERLINK("#'Input - Solid waste'!A1", "Solid waste") -> Solid waste | D19: Layers | E19: Meat chicken growers | F19: Meat chicken breeders | G19: Other | N19: Layers | O19: Meat chicken growers | P19: Meat chicken breeders | Q19: Other
A20: =HYPERLINK("#'Input - Manure sent off-site'!A1", "Manure sent off-site") -> Manure sent off-site | D20: =INDEX(X_Table_Poultry_Diet_Method1,2,2) -> 0.086 | E20: =INDEX(X_Table_Poultry_Diet_Method1,2,3) -> 0.093 | F20: =INDEX(X_Table_Poultry_Diet_Method1,2,4) -> 0.103 | G20: =INDEX(X_Table_Poultry_Diet_Method1,2,5) -> 0.093 | H20: =$G$13 -> kg DM/bird/day | N20: =INDEX(X_Table_Poultry_Diet_Method2,2,2) -> 0.086 | O20: =INDEX(X_Table_Poultry_Diet_Method2,2,3) -> 0.093 | P20: =INDEX(X_Table_Poultry_Diet_Method2,2,4) -> 0.103 | Q20: =INDEX(X_Table_Poultry_Diet_Method2,2,5) -> 0.093 | R20: =$G$13 -> kg DM/bird/day
A21: =HYPERLINK("#'Input - Data quality'!A1", "Data quality") -> Data quality
A22: =HYPERLINK("#'Input - Fert Prod System'!A1", "Fert Prod System") -> Fert Prod System | D22: M1_Table_CP_j_k | N22: M2_Table_CP_j_k
A23: =HYPERLINK("#'Input - Fertiliser'!A1", "Fertiliser") -> Fertiliser | D23: Crude protein content of feed (Method 1) | N23: Crude protein content of feed (Method 2)
D24: Layers | E24: Meat chicken growers | F24: Meat chicken breeders | G24: Other | N24: Layers | O24: Meat chicken growers | P24: Meat chicken breeders | Q24: Other
D25: =INDEX(X_Table_Poultry_Diet_Method1,4,2) -> 0.19 | E25: =INDEX(X_Table_Poultry_Diet_Method1,4,3) -> 0.23 | F25: =INDEX(X_Table_Poultry_Diet_Method1,4,4) -> 0.19 | G25: =INDEX(X_Table_Poultry_Diet_Method1,4,5) -> 0.23 | H25: =$G$14 -> fraction | N25: =INDEX(X_Table_Poultry_Diet_Method2,4,2) -> 0.19 | O25: =INDEX(X_Table_Poultry_Diet_Method2,4,3) -> 0.23 | P25: =INDEX(X_Table_Poultry_Diet_Method2,4,4) -> 0.19 | Q25: =INDEX(X_Table_Poultry_Diet_Method2,4,5) -> 0.23 | R25: =$G$14 -> fraction
A26: CALCULATIONS
A27: =HYPERLINK("#'4.6.1.1-2 Methane'!A1", "4.6.1.1-2 Manure Methane") -> 4.6.1.1-2 Manure Methane | D27: M1_Table_NI_j_k | N27: M2_Table_NI_j_k
A28: =HYPERLINK("#'4.6.1.3-4 Direct N20'!A1", "4.6.1.3-4 Manure Direct N2O") -> 4.6.1.3-4 Manure Direct N2O | D28: Nitrogen intake (Method 1) | N28: Nitrogen intake (Method 2)
A29: =HYPERLINK("#'4.6.1.5-6 Atmos Dep'!A1", "4.6.1.5-6 Manure Atmos Dep") -> 4.6.1.5-6 Manure Atmos Dep | D29: Layers | E29: Meat chicken growers | F29: Meat chicken breeders | G29: Other | N29: Layers | O29: Meat chicken growers | P29: Meat chicken breeders | Q29: Other
A30: =HYPERLINK("#'4.6.1.7-8 Leaching and runoff'!A1", "4.6.1.7-8 Manure Leaching and runoff") -> 4.6.1.7-8 Manure Leaching and runoff | D30: =(D20 * D25 / 6.25) -> 0.0026144 | E30: =(E20 * E25 / 6.25) -> 0.0034224 | F30: =(F20 * F25 / 6.25) -> 0.0031312 | G30: =(G20 * G25 / 6.25) -> 0.0034224 | H30: =$E$11 -> kg N/bird/day | N30: =(N20 * N25 / 6.25) -> 0.0026144 | O30: =(O20 * O25 / 6.25) -> 0.0034224 | P30: =(P20 * P25 / 6.25) -> 0.0031312 | Q30: =(Q20 * Q25 / 6.25) -> 0.0034224 | R30: =$E$11 -> kg N/bird/day
A31: =HYPERLINK("#'4.6.1.9 Manure applied to soils'!A1", "4.6.1.9 Manure applied to soils") -> 4.6.1.9 Manure applied to soils
A32: =HYPERLINK("#'4.6.1.10-11 Soil direct N2O'!A1", "4.6.1.10-11 Soil direct N2O") -> 4.6.1.10-11 Soil direct N2O
A33: =HYPERLINK("#'4.6.1.12-13 Soil atmos dep'!A1", "4.6.1.12-13 Soil atmos dep") -> 4.6.1.12-13 Soil atmos dep
A34: =HYPERLINK("#'4.6.1.14-15 Soil leach runoff'!A1", "4.6.1.14-15 Soil leach runoff") -> 4.6.1.14-15 Soil leach runoff | D34: Nitrogen excretion per bird per day
A35: =HYPERLINK("#'8.1.1.1-2 Transport fuel'!A1", "8.1.1.1-2 Transport fuel") -> 8.1.1.1-2 Transport fuel | D35: VEERG 2026: 4.6.1.3, Equation (4)
A36: =HYPERLINK("#'8.2.1.1-2 Stationary fuel'!A1", "8.2.1.1-2 Stationary fuel") -> 8.2.1.1-2 Stationary fuel
A37: =HYPERLINK("#'10.1.1-2 Solid waste treatment'!A1", "10.1.1.1-2 Solid waste") -> 10.1.1.1-2 Solid waste
A38: =HYPERLINK("#'14.1.1-2 Purchased electricity'!A1", "14.1.1-2 Purchased electricity") -> 14.1.1-2 Purchased electricity
A39: =HYPERLINK("#'15 Scope 3'!A1", "15 Scope 3") -> 15 Scope 3 | D39: Variable | E39: NE_jk
A40: =HYPERLINK("#'Calcs - Manure sent off-site'!A1", "Calcs - Manure sent off-site") -> Calcs - Manure sent off-site | D40: Unit | E40: kg N/bird/day
A41: =HYPERLINK("#'5.1.1.1-2 Inorganic fert N2O'!A1", "5.1.1.1-2 Inorganic fert N2O") -> 5.1.1.1-2 Inorganic fert N2O
A42: =HYPERLINK("#'5.1.1.3-4 Inorganic fert CO2'!A1", "5.1.1.3-4 Inorganic fert CO2") -> 5.1.1.3-4 Inorganic fert CO2 | D42: NI_jk | E42: nitrogen intake | G42: kg N/bird/day | H42: Calculated from 4.6.1.3 (5) | I42: {=HYPERLINK(Common_InputFunctions.Utility_SourceHyperlink($D$27),$D$27)} -> M1_Table_NI_j_k
A43: =HYPERLINK("#'5.2.1.1-2 Organic Fert N2O'!A1", "5.2.1.1-2 Organic Fert N2O") -> 5.2.1.1-2 Organic Fert N2O | D43: NR_jk | E43: nitrogen retention expressed as a fraction of intake | G43: fraction | H43: Constant | I43: {=HYPERLINK(Common_InputFunctions.Utility_SourceHyperlink($D$45),$D$45)} -> Table_NR_j_k
A44: =HYPERLINK("#'5.3.1.1-2 Lime CO2'!A1", "5.3.1.1-2 Lime CO2") -> 5.3.1.1-2 Lime CO2
A45: =HYPERLINK("#'5.4.1.1-4 Atmos deposition'!A1", "5.4.1.1-4 Atmos deposition") -> 5.4.1.1-4 Atmos deposition | D45: Table_NR_j_k
A46: =HYPERLINK("#'5.5.1.1-2 Leaching and runoff'!A1", "5.5.1.1-2 Leaching and runoff") -> 5.5.1.1-2 Leaching and runoff | D46: Nitrogen retention rate
D47: Layers | E47: Meat chicken growers | F47: Meat chicken breeders | G47: Other
D48: ='Constants - Poultry'!E12 -> 0.35 | E48: ='Constants - Poultry'!F12 -> 0.47 | F48: ='Constants - Poultry'!G12 -> 0.32 | G48: ='Constants - Poultry'!H12 -> 0.47 | H48: =$G$43 -> fraction
A49: APPENDICES
A50: =HYPERLINK("#'Constants - Poultry'!A1", "Constants - Poultry") -> Constants - Poultry | D50: M1_Table_NE_j_k | N50: M2_Table_NE_j_k
A51: =HYPERLINK("#'Constants - Common livestock'!A1", "Constants - Common Livestock") -> Constants - Common Livestock | D51: Nitrogen excretion (Method 1) | N51: Nitrogen excretion (Method 2)
