Workbook
Name Common_Equations.Common_ConvertCH4ToCO2e: _xlfn.LAMBDA(_xlpm.E_CH4,_xlpm.GWP_CH4, _xlpm.E_CH4 * _xlpm.GWP_CH4)
Name Common_Equations.Common_ConvertCH4ToCO2e_Arguments: _xlfn.LAMBDA(_xlfn.MAKEARRAY(2, 2, _xlfn.LAMBDA(_xlpm.r,_xlpm.c, INDEX({"ECH4","Methane emissions (t CH4)";"GWPCH4","Global warming potential for methane (t CO2-e / t CH4)"}, _xlpm.r, _xlpm.c))))
Name Common_Equations.Common_ConvertCH4ToCO2e_LatexEquation: _xlfn.LAMBDA("CO2_e = E_{CH4} \times GWP_{CH4}")
Name Common_Equations.Common_ConvertCH4ToCO2e_NIRReference: _xlfn.LAMBDA("")
Name Common_Equations.Common_ConvertCH4ToCO2e_Title: _xlfn.LAMBDA("Convert methane emissions to carbon dioxide equivalent emissions")
Name Common_Equations.Common_ConvertCH4ToCO2e_Unit: _xlfn.LAMBDA("t CO2e")
Name Common_Equations.Common_ConvertCH4ToCO2e_Variable: _xlfn.LAMBDA("ECH4 CO2e")
Name Common_Equations.Common_ConvertN2OToCO2e: _xlfn.LAMBDA(_xlpm.E_N2O,_xlpm.GWP_N2O, _xlpm.E_N2O * _xlpm.GWP_N2O)
Name Common_Equations.Common_ConvertN2OToCO2e_LatexEquation: _xlfn.LAMBDA("CO2_e = E_{N2O} \times GWP_{N2O}")
Name Common_Equations.Common_ConvertN2OToCO2e_NIRReference: _xlfn.LAMBDA("")
Name Common_Equations.Common_ConvertN2OToCO2e_Title: _xlfn.LAMBDA("Convert nitrous oxide emissions to carbon dioxide equivalent emissions")
Name Common_Equations.Common_ConvertN2OToCO2e_Unit: _xlfn.LAMBDA("t CO2e")
Name Common_Equations.Common_ConvertN2OToCO2e_Variable: _xlfn.LAMBDA("EN2O CO2e")
Name Common_InputFunctions.Utility_ConvertStateCommonNameToAbbreviation: _xlfn.LAMBDA(_xlpm.StateCommonName,_xlpm.StateCommonNameArray,_xlpm.StateAbbreviationArray, _xlfn.XLOOKUP(_xlpm.StateCommonName, _xlpm.StateCommonNameArray, _xlpm.StateAbbreviationArray, ""))
Name Common_InputFunctions.Utility_DisplayArguments_1_2: _xlfn.LAMBDA(_xlpm.ArgumentsArray, _xlfn.CHOOSECOLS(_xlpm.ArgumentsArray, 1, 2))
Name Common_InputFunctions.Utility_DisplayArguments_3_4: _xlfn.LAMBDA(_xlpm.ArgumentsArray, _xlfn.CHOOSECOLS(_xlpm.ArgumentsArray, 3, 4))
Name Common_InputFunctions.Utility_DisplayFunctionName: _xlfn.LAMBDA(_xlpm.Function, _xlfn.TEXTBEFORE(_xlfn.FORMULATEXT(_xlpm.Function), "("))
Name Common_InputFunctions.Utility_GetArrayTableColumnStartNumber: _xlfn.LAMBDA(_xlpm.TableHeaderCell, COLUMN(_xlpm.TableHeaderCell))
Name Common_InputFunctions.Utility_GetArrayTableRowStartNumber: _xlfn.LAMBDA(_xlpm.TableheaderCell,_xlpm.RowsBetweenHeaderandArray, ROW(_xlpm.TableheaderCell) + _xlpm.RowsBetweenHeaderandArray - 1)
Name Common_InputFunctions.Utility_LookupValueInTable: _xlfn.LAMBDA(_xlpm.LookupValue,_xlpm.LookupArray,_xlpm.ReturnArray, _xlfn.XLOOKUP(_xlpm.LookupValue, _xlpm.LookupArray, _xlpm.ReturnArray, ""))
Name Common_InputFunctions.Utility_ResultsItemFromEquationTitleAndSource: _xlfn.LAMBDA(_xlpm.TitleCell,_xlpm.SourceCell, SUBSTITUTE(LEFT(_xlpm.SourceCell, FIND(",", _xlpm.SourceCell) -1), "VEERG 2026: ", "") & " " & _xlpm.TitleCell )
Name Common_InputFunctions.Utility_SourceHyperlink: _xlfn.LAMBDA(_xlpm.TargetCell, _xlfn.LET(_xlpm.sh, _xlfn.TEXTAFTER(CELL("filename", _xlpm.TargetCell), "]"), _xlpm.addr, CELL("address", _xlpm.TargetCell), "#'" & _xlpm.sh & "'!" & _xlpm.addr))
Name Common_InputFunctions.Utility_SourceHyperlinkDifferentSheet: _xlfn.LAMBDA(_xlpm.TargetCell, _xlfn.LET( _xlpm.sh, _xlfn.TEXTAFTER(CELL("filename", _xlpm.TargetCell), "]"), _xlpm.addr, CELL("address", _xlpm.TargetCell), "#" & _xlpm.addr ) )
Name Common_SourceData.Common_SourceData_AustralianStatesTerritories_Source: _xlfn.LAMBDA("")
Name Common_SourceData.Common_SourceData_AustralianStatesTerritories_Title: _xlfn.LAMBDA("Australian states and territories")
Name Common_SourceData.Common_SourceData_AustralianStatesTerritories_Unit: _xlfn.LAMBDA("")
Name Common_SourceData.Common_SourceData_AustralianStatesTerritories_Variable: _xlfn.LAMBDA("")
Name Common_SourceData.Common_SourceData_ClimateZones_Source: _xlfn.LAMBDA("VEERG 2026: Table 1.3: Climate and Rainfall zone classifications and definitions")
Name Common_SourceData.Common_SourceData_ClimateZones_Title: _xlfn.LAMBDA("VEERG Australian climate zones")
Name Common_SourceData.Common_SourceData_ClimateZones_Unit: _xlfn.LAMBDA("")
Name Common_SourceData.Common_SourceData_ClimateZones_Variable: _xlfn.LAMBDA("")
Name Common_SourceData.Common_SourceData_ConvertGasElementalToMolecular_Source: _xlfn.LAMBDA("XXXXXXX")
Name Common_SourceData.Common_SourceData_ConvertGasElementalToMolecular_Title: _xlfn.LAMBDA("Factor to convert elemental mass of gas to molecular mass")
Name Common_SourceData.Common_SourceData_ConvertGasElementalToMolecular_Unit: _xlfn.LAMBDA("factor")
Name Common_SourceData.Common_SourceData_ConvertGasElementalToMolecular_Variable: _xlfn.LAMBDA("Cg")
Name Common_SourceData.Common_SourceData_ConvertN2oElementalToMolecularCg_Data: _xlfn.LAMBDA(44 / 28)
Name Common_SourceData.Common_SourceData_ConvertN2oElementalToMolecularCg_Source: _xlfn.LAMBDA("National Inventory Report 2023 Volume 1")
Name Common_SourceData.Common_SourceData_ConvertN2oElementalToMolecularCg_Title: _xlfn.LAMBDA("Factor to convert elemental mass of N2O to molecular mass")
Name Common_SourceData.Common_SourceData_ConvertN2oElementalToMolecularCg_Unit: _xlfn.LAMBDA("factor")
Name Common_SourceData.Common_SourceData_ConvertN2oElementalToMolecularCg_Variable: _xlfn.LAMBDA("CgN2O")
Name Common_SourceData.Common_SourceData_DataScores_Scope3_Source: _xlfn.LAMBDA("VEERG 2026: XXXXXXXX")
Name Common_SourceData.Common_SourceData_DataScores_Scope3_Title: _xlfn.LAMBDA("Australian data scores for scope 3")
Name Common_SourceData.Common_SourceData_DataScores_Scope3_Unit: _xlfn.LAMBDA("")
Name Common_SourceData.Common_SourceData_DataScores_Scope3_Variable: _xlfn.LAMBDA("")
Name Common_SourceData.Common_SourceData_DataScores_Scope3_Variation: _xlfn.LAMBDA("")
Name Common_SourceData.Common_SourceData_DensityOfMethane_Data: _xlfn.LAMBDA(0.6784)
Name Common_SourceData.Common_SourceData_DensityOfMethane_Source: _xlfn.LAMBDA("National Inventory Report 2023 Volume 1: Equations 3.B.1a_2, 3.B.1c_2, 3.B.3_1, 3.B.4g_2")
Name Common_SourceData.Common_SourceData_DensityOfMethane_Title: _xlfn.LAMBDA("p = density of methane")
Name Common_SourceData.Common_SourceData_DensityOfMethane_Unit: _xlfn.LAMBDA("kg/m3")
Name Common_SourceData.Common_SourceData_EFleach_Data: _xlfn.LAMBDA(_xlfn.MAKEARRAY(1, 2, _xlfn.LAMBDA(_xlpm.r,_xlpm.c, INDEX({"EFleach",0.011}, _xlpm.r, _xlpm.c))))
Name Common_SourceData.Common_SourceData_EFleach_NIRReference: _xlfn.LAMBDA("National Inventory Report Volume 1: Equation 3.D.B_10")
Name Common_SourceData.Common_SourceData_EFleach_Source: _xlfn.LAMBDA("VEERG 2026:5.5.2.3 Constant Parameters")
Name Common_SourceData.Common_SourceData_EFleach_Title: _xlfn.LAMBDA("Emission factor for nitrogen leaching and runoff")
Name Common_SourceData.Common_SourceData_EFleach_Unit: _xlfn.LAMBDA("(kg N2O-N / kg N")
Name Common_SourceData.Common_SourceData_EFleach_Variation: _xlfn.LAMBDA((""))
Name Common_SourceData.Common_SourceData_EFN2O_NIRReference: _xlfn.LAMBDA("")
Name Common_SourceData.Common_SourceData_EFN2O_Source: _xlfn.LAMBDA("VEERG 2026: Table A.2.2.1")
Name Common_SourceData.Common_SourceData_EFN2O_Title: _xlfn.LAMBDA("Nitrous oxide emission factors for inorganic fertiliser application")
Name Common_SourceData.Common_SourceData_EFN2O_Unit: _xlfn.LAMBDA("(kg N2O-N / kg N")
Name Common_SourceData.Common_SourceData_EFOrganicFertiliserAndCropResidues_Data: _xlfn.LAMBDA(_xlfn.MAKEARRAY(3, 2, _xlfn.LAMBDA(_xlpm.r,_xlpm.c, INDEX({"Climate zone","EFNi & EFN2O";"Wet climate zone",0.006;"Dry climate zone",0.005}, _xlpm.r, _xlpm.c))))

Sheet Home
A1: Home
A3: =HYPERLINK("#'Home'!A1", "Home") -> Home
A6: APPENDICES
A7: =HYPERLINK("#'Constants - Common'!A1", "Constants - Common") -> Constants - Common
A8: =HYPERLINK("#'Acknowledgements'!A1", "Acknowledgements") -> Acknowledgements

Sheet Overview
A1: #VALUE!
A3: =HYPERLINK("#'Home'!A1", "Home") -> Home
A4: =HYPERLINK("#'Overview'!A1", "Overview") -> Overview
A5: =HYPERLINK("#'Results'!A1", "Results") -> Results
A8: INPUTS
A9: =HYPERLINK("#'Input - Site'!A1", "Site") -> Site
A10: =HYPERLINK("#'Input - Swine'!A1", "Swine") -> Swine
A13: CALCULATIONS
A14: =HYPERLINK("#'4.5.1.1-2 Methane'!A1", "4.5.1.1-2 Methane") -> 4.5.1.1-2 Methane
A15: =HYPERLINK("#'4.5.1.3-4 Direct N2O'!A1", "4.5.1.3-4 Direct N2O") -> 4.5.1.3-4 Direct N2O
A16: =HYPERLINK("#'4.5.1.5-6 Atmos Dep'!A1", "4.5.1.5-6 Atmos Dep") -> 4.5.1.5-6 Atmos Dep
A17: =HYPERLINK("#'4.5.1.7-8 Leaching and runoff'!A1", "4.5.1.7-8 Leaching and runoff") -> 4.5.1.7-8 Leaching and runoff
A18: =HYPERLINK("#'4.5.1.9 Manure applied to soils'!A1", "4.5.1.9 Manure applied to soils") -> 4.5.1.9 Manure applied to soils
A21: APPENDICES
A22: =HYPERLINK("#'Constants - Swine'!A1", "Constants - Swine") -> Constants - Swine
A23: =HYPERLINK("#'Constants - Common'!A1", "Constants - Common") -> Constants - Common
A24: =HYPERLINK("#'Constants - Common livestock'!A1", "Constants - Common livestock") -> Constants - Common livestock
A25: =HYPERLINK("#'Acknowledgements'!A1", "Acknowledgements") -> Acknowledgements
A26: =HYPERLINK("#'Tab template'!A1", "Tab template") -> Tab template

Sheet Results
A1: #VALUE! | C1: 4.5 Manure management: Swine: Results
A3: =HYPERLINK("#'Home'!A1", "Home") -> Home
A4: =HYPERLINK("#'Overview'!A1", "Overview") -> Overview | D4: Emissions breakdown
A5: =HYPERLINK("#'Results'!A1", "Results") -> Results
D6: Scope 1 source | E6: GHG emissions method 1 | F6: GHG emissions method 2 | G6: GHG Unit | H6: CO2-e emissions method 1 | I6: CO2-e emissions method 2 | J6: CO2-e unit
D7: 4.5.1.1-2 Manure methane | E7: =VEERG_4_5_1_1__1_TotalAnnualMethaneEmissions_Result_Method1 -> 2.3840372 | F7: =VEERG_4_5_1_1__1_TotalAnnualMethaneEmissions_Result_Method2 -> 2.4087426 | G7: t CH4 | H7: ='4.5.1.1-2 Methane'!E266 -> 66.753043 | I7: ='4.5.1.1-2 Methane'!O266 -> 67.444792 | J7: t CO2e
A8: INPUTS | D8: 4.5.1.3-4 Direct N2O | E8: =VEERG_4_5_1_3__1_TotalAnnualDirectNitrousOxideEmissionsFromMMS_Result_Method1 -> 0.074343141 | F8: =VEERG_4_5_1_3__1_TotalAnnualDirectNitrousOxideEmissionsFromMMS_Result_Method2 -> 0.074343141 | G8: t N2O | H8: ='4.5.1.3-4 Direct N2O'!E302 -> 19.700932 | I8: ='4.5.1.3-4 Direct N2O'!O302 -> 19.700932 | J8: t CO2e
A9: =HYPERLINK("#'Input - Site'!A1", "Site") -> Site | D9: 4.5.1.5-6 Atmospheric deposition | E9: =VEERG_4_5_1_5__1_AnnualAtmosphericDepositionEmissionsFromMMS_Result_Method1 -> 0.024944402 | F9: =VEERG_4_5_1_5__1_AnnualAtmosphericDepositionEmissionsFromMMS_Result_Method2 -> 0.024944402 | G9: t N2O | H9: ='4.5.1.5-6 Atmos Dep'!E130 -> 6.6102665 | I9: ='4.5.1.5-6 Atmos Dep'!O130 -> 6.6102665 | J9: t CO2e
A10: =HYPERLINK("#'Input - Swine'!A1", "Swine") -> Swine | D10: 4.2.1.7-8 Leaching and runoff | E10: =VEERG_4_5_1_7__1_AnnualEmissionsFromLeachingAndRunoffFromMMS_Result_Method1 -> 0.00026075016 | F10: =VEERG_4_5_1_7__1_AnnualEmissionsFromLeachingAndRunoffFromMMS_Result_Method2 -> 0.00026075016 | G10: t N2O | H10: ='4.5.1.7-8 Leaching and runoff'!E54 -> 0.069098792 | I10: ='4.5.1.7-8 Leaching and runoff'!N54 -> 0.069098792 | J10: t CO2e
D11: Total | H11: =SUM(H7:H10) -> 93.13334 | I11: =SUM(I7:I10) -> 93.82509 | J11: t CO2e
A13: CALCULATIONS | D13: 4.5.1.9 Manure applied to soils
A14: =HYPERLINK("#'4.5.1.1-2 Methane'!A1", "4.5.1.1-2 Methane") -> 4.5.1.1-2 Methane | D14: WARNING: Manure nitrogen that was applied to soils must be accounted for
A15: =HYPERLINK("#'4.5.1.3-4 Direct N2O'!A1", "4.5.1.3-4 Direct N2O") -> 4.5.1.3-4 Direct N2O | D15: See the table below for how to account for manure applied to soils for scope 1 and 3.
A16: =HYPERLINK("#'4.5.1.5-6 Atmos Dep'!A1", "4.5.1.5-6 Atmos Dep") -> 4.5.1.5-6 Atmos Dep | D16: Manure nitrogen use | E16: Amount of N in manure | F16: N unit | G16: Emissions allocated to | H16: VEERG Calculation method
A17: =HYPERLINK("#'4.5.1.7-8 Leaching and runoff'!A1", "4.5.1.7-8 Leaching and runoff") -> 4.5.1.7-8 Leaching and runoff | D17: Manure nitrogen deposited on farm soils (including use as fertiliser for other enterprises on own farm eg crops) | E17: ='4.5.1.9 Manure applied to soils'!E161 -> 3256.7705 | F17: ='4.5.1.9 Manure applied to soils'!F161 -> kg N | G17: Scope 1 - This piggery | H17: 5.2.2.1 (1), 5.4.1.3 (1, 2), 5.5.1.1 (1, 3)
A18: =HYPERLINK("#'4.5.1.9 Manure applied to soils'!A1", "4.5.1.9 Manure applied to soils") -> 4.5.1.9 Manure applied to soils | D18: Manure nitrogen deposited on farm soils as fertiliser for other farm enterpsies (eg crops) | E18: ='4.5.1.9 Manure applied to soils'!E278 -> 653.20846 | F18: ='4.5.1.9 Manure applied to soils'!F278 -> kg N | G18: Scope 1 - This piggery | H18: 5.2.2.1 (1), 5.4.1.3 (1, 2), 5.5.1.1 (1, 3)
D19: Manure nitrogen sold | E19: ='4.5.1.9 Manure applied to soils'!E209 -> 653.20846 | F19: ='4.5.1.9 Manure applied to soils'!F209 -> kg N | G19: Scope 3 (downstream) | H19: 15.13.1.1 (1), 5.2.2.1 (1), 5.4.1.3 (1, 2), 5.5.1.1 (1, 3)
A21: APPENDICES
A22: =HYPERLINK("#'Constants - Swine'!A1", "Constants - Swine") -> Constants - Swine
A23: =HYPERLINK("#'Constants - Common'!A1", "Constants - Common") -> Constants - Common
A24: =HYPERLINK("#'Constants - Common livestock'!A1", "Constants - Common livestock") -> Constants - Common livestock
A25: =HYPERLINK("#'Acknowledgements'!A1", "Acknowledgements") -> Acknowledgements
A26: =HYPERLINK("#'Tab template'!A1", "Tab template") -> Tab template

Sheet Input - Site
A1: #VALUE! | C1: Input - Site
A3: =HYPERLINK("#'Home'!A1", "Home") -> Home
A4: =HYPERLINK("#'Overview'!A1", "Overview") -> Overview
A5: =HYPERLINK("#'Results'!A1", "Results") -> Results | D5: Your business
D7: Farm name | E7: Test Farms
A8: INPUTS | D8: Reporting entity name | E8: Test Farms Pty Ltd
A9: =HYPERLINK("#'Input - Site'!A1", "Site") -> Site
A10: =HYPERLINK("#'Input - Swine'!A1", "Swine") -> Swine | D10: 💡An 'Emissions accounting period' is a 12 month period where the business can report on the emissions, and is typically the same as the business' financial accounting period.
D12: Emissions calculation period start date | E12: 45292 | F12: ← DD/MM/YYYY or DD Month YYYY
A13: CALCULATIONS | D13: Emissions calculation period end date | E13: =DATE(YEAR(X_Cell_Site_StartDate)+1,MONTH(X_Cell_Site_StartDate),DAY(X_Cell_Site_StartDate))-1 -> 45657 | F13: ← Automatically calculated, 12 months after start date
A14: =HYPERLINK("#'4.5.1.1-2 Methane'!A1", "4.5.1.1-2 Methane") -> 4.5.1.1-2 Methane
A15: =HYPERLINK("#'4.5.1.3-4 Direct N2O'!A1", "4.5.1.3-4 Direct N2O") -> 4.5.1.3-4 Direct N2O
A16: =HYPERLINK("#'4.5.1.5-6 Atmos Dep'!A1", "4.5.1.5-6 Atmos Dep") -> 4.5.1.5-6 Atmos Dep | D16: Location and climate
A17: =HYPERLINK("#'4.5.1.7-8 Leaching and runoff'!A1", "4.5.1.7-8 Leaching and runoff") -> 4.5.1.7-8 Leaching and runoff
A18: =HYPERLINK("#'4.5.1.9 Manure applied to soils'!A1", "4.5.1.9 Manure applied to soils") -> 4.5.1.9 Manure applied to soils | D18: Location information is used to reference some region and climate-specific emission factors
D19: Tip: Use the web-based GAF Location Helper tool to easily get region and climate information. You will need an internet connection to use the GAF Location Helper.
A21: APPENDICES | D21: State | E21: Western Australia | F21: ← Please select
A22: =HYPERLINK("#'Constants - Swine'!A1", "Constants - Swine") -> Constants - Swine | D22: Region (ABS Statistical area level 4) if state is WA | E22: Western Australia - Outback (South) | F22: ← Please select
A23: =HYPERLINK("#'Constants - Common'!A1", "Constants - Common") -> Constants - Common | D23: Leaching zone | E23: NO - Not in leaching zone | F23: ← Please select
A24: =HYPERLINK("#'Constants - Common livestock'!A1", "Constants - Common livestock") -> Constants - Common livestock | D24: Elevation | E24: 307.7 | F24: Meters
A25: =HYPERLINK("#'Acknowledgements'!A1", "Acknowledgements") -> Acknowledgements | D25: Average temperature for reporting period | E25: 18 | F25: Degrees celsius
A26: =HYPERLINK("#'Tab template'!A1", "Tab template") -> Tab template | D26: Total rainfall for reporting period | E26: 601 | F26: Millimetres
D27: Potential evapotranspiration for reporting period | E27: 1326 | F27: Millimetres
D28: Number of frost days for reporting period | E28: 7 | F28: Days
D29: MAP:PET ratio | E29: =X_Cell_Site_TotalRainfall/X_Cell_Site_PotentialEvapotranspiration -> 0.45324284
D30: Rainfall zone | E30: =Common_InputFunctions.Utility_LookupItemFromMinMax(X_Cell_Site_TotalRainfall,Table_SourceData_RainfallZones[Min rainfall],Table_SourceData_RainfallZones[Max rainfall],Table_SourceData_RainfallZones[Rainfall Zone]) -> High rainfall
D31: Climate zone | E31: =Common_InputFunctions.Utility_GetClimateZone(X_Cell_Site_AverageTemperature,X_Cell_Site_TotalRainfall,X_Cell_Site_FrostDays,X_Cell_Site_Elevation,X_Cell_Site_MapPetRatio,Table_SourceData_ClimateZones[Min temp],Table_SourceData_ClimateZones[Max temp],Table_SourceData_ClimateZones[Min rainfall],Table_SourceData_ClimateZones[Max rainfall],Table_SourceData_ClimateZones[Min frost days],Table_SourceData_ClimateZones[Max frost days],Table_SourceData_ClimateZones[Min elevation],Table_SourceData_ClimateZones[Max elevation],Table_SourceData_ClimateZones[Min MAP:PET],Table_SourceData_ClimateZones[Max MAP:PET],Table_SourceData_ClimateZones[Climate zone]) -> Warm temperate dry
D32: Wet or dry climate zone | E32: =Common_InputFunctions.Utility_LookupValueInTable(X_Cell_Site_ClimateZone,Table_SourceData_WetDryZones[Climate zone],Table_SourceData_WetDryZones[Wet or Dry Zone]) -> Dry climate zone
D33: Temperature zone | E33: =Common_InputFunctions.Utility_LookupItemFromMinMax(X_Cell_Site_AverageTemperature,Table_SourceData_TemperatureZones[Min MAT],Table_SourceData_TemperatureZones[Max MAT],Table_SourceData_TemperatureZones[Temperature Zone]) -> Temperate
D38: ⚠️ Livestock sales are not automatically reflected in the duration and head tables - you will need to manually adjust head count and average liveweight
D39: Transaction name | E39: Class (select) | F39: Sale date | G39: Head sold | H39: Average weight per head (kg) | I39: Total liveweight sold
F40: 45566 | G40: 10 | H40: 500 | I40: =G40*H40 -> 5000
I41: =G41*H41 -> 0
I42: =G42*H42 -> 0
I43: =G43*H43 -> 0
I44: =G44*H44 -> 0
I45: =G45*H45 -> 0
I46: =G46*H46 -> 0
I47: =G47*H47 -> 0
I48: =G48*H48 -> 0
I49: =G49*H49 -> 0

Sheet Input - Swine
A1: #VALUE! | C1: Input -Swine
A3: =HYPERLINK("#'Home'!A1", "Home") -> Home
A4: =HYPERLINK("#'Overview'!A1", "Overview") -> Overview
A5: =HYPERLINK("#'Results'!A1", "Results") -> Results | E5: Boars | F5: Sows | G5: Gilts | H5: Others
D6: ="Average duration of stay between " & TEXT(X_Cell_Site_StartDate, "dd mmm yy") & " and " & TEXT(X_Cell_Site_EndDate, "dd mmm yy") -> Average duration of stay between 01 Jan 24 and 31 Dec 24 | E6: 365 | F6: 365 | G6: 365 | H6: 365 | I6: Days
D7: ="Average number of head between " & TEXT(X_Cell_Site_StartDate, "dd mmm yy") & " and " & TEXT(X_Cell_Site_EndDate, "dd mmm yy") -> Average number of head between 01 Jan 24 and 31 Dec 24 | E7: 100 | F7: 100 | G7: 100 | H7: 100 | I7: Head
A8: INPUTS
A9: =HYPERLINK("#'Input - Site'!A1", "Site") -> Site
A10: =HYPERLINK("#'Input - Swine'!A1", "Swine") -> Swine | D10: Feed intake
D12: Method 1 default values (Do not edit) | E12: Boars | F12: Sows | G12: Gilts | H12: Others
A13: CALCULATIONS | D13: Feed intake | E13: {=Common_InputFunctions.Utility_LookupValueInTableNumber(E12, Table_SourceData_Swine_FeedIntake[Class],Table_SourceData_Swine_FeedIntake[Ij])} -> 2.62 | F13: {=Common_InputFunctions.Utility_LookupValueInTableNumber(F12, Table_SourceData_Swine_FeedIntake[Class],Table_SourceData_Swine_FeedIntake[Ij])} -> 2.3 | G13: {=Common_InputFunctions.Utility_LookupValueInTableNumber(G12, Table_SourceData_Swine_FeedIntake[Class],Table_SourceData_Swine_FeedIntake[Ij])} -> 2.5 | H13: {=Common_InputFunctions.Utility_LookupValueInTableNumber(H12, Table_SourceData_Swine_FeedIntake[Class],Table_SourceData_Swine_FeedIntake[Ij])} -> 1.71 | I13: kg/head/day
A14: =HYPERLINK("#'4.5.1.1-2 Methane'!A1", "4.5.1.1-2 Methane") -> 4.5.1.1-2 Methane
A15: =HYPERLINK("#'4.5.1.3-4 Direct N2O'!A1", "4.5.1.3-4 Direct N2O") -> 4.5.1.3-4 Direct N2O | D15: Method 2 custom values (Edit if known) | E15: Boars | F15: Sows | G15: Gilts | H15: Others
A16: =HYPERLINK("#'4.5.1.5-6 Atmos Dep'!A1", "4.5.1.5-6 Atmos Dep") -> 4.5.1.5-6 Atmos Dep | D16: Feed intake | E16: {=Common_InputFunctions.Utility_LookupValueInTableNumber(E15, Table_SourceData_Swine_FeedIntake[Class],Table_SourceData_Swine_FeedIntake[Ij])} -> 2.62 | F16: {=Common_InputFunctions.Utility_LookupValueInTableNumber(F15, Table_SourceData_Swine_FeedIntake[Class],Table_SourceData_Swine_FeedIntake[Ij])} -> 2.3 | G16: {=Common_InputFunctions.Utility_LookupValueInTableNumber(G15, Table_SourceData_Swine_FeedIntake[Class],Table_SourceData_Swine_FeedIntake[Ij])} -> 2.5 | H16: {=Common_InputFunctions.Utility_LookupValueInTableNumber(H15, Table_SourceData_Swine_FeedIntake[Class],Table_SourceData_Swine_FeedIntake[Ij])} -> 1.71 | I16: kg/head/day
A17: =HYPERLINK("#'4.5.1.7-8 Leaching and runoff'!A1", "4.5.1.7-8 Leaching and runoff") -> 4.5.1.7-8 Leaching and runoff
A18: =HYPERLINK("#'4.5.1.9 Manure applied to soils'!A1", "4.5.1.9 Manure applied to soils") -> 4.5.1.9 Manure applied to soils
D19: Manure production
A21: APPENDICES | D21: Method 1 default values (Do not edit) | E21: Boars | F21: Sows | G21: Gilts | H21: Others
A22: =HYPERLINK("#'Constants - Swine'!A1", "Constants - Swine") -> Constants - Swine | D22: Volatile solids produced per head per day | E22: {=Common_InputFunctions.Utility_LookupValueInTableNumber(E21, Table_SourceData_Swine_VolatileSolids[Class], Table_SourceData_Swine_VolatileSolids[VSj])} -> 0.4 | F22: {=Common_InputFunctions.Utility_LookupValueInTableNumber(F21, Table_SourceData_Swine_VolatileSolids[Class], Table_SourceData_Swine_VolatileSolids[VSj])} -> 0.46 | G22: {=Common_InputFunctions.Utility_LookupValueInTableNumber(G21, Table_SourceData_Swine_VolatileSolids[Class], Table_SourceData_Swine_VolatileSolids[VSj])} -> 0.55 | H22: {=Common_InputFunctions.Utility_LookupValueInTableNumber(H21, Table_SourceData_Swine_VolatileSolids[Class], Table_SourceData_Swine_VolatileSolids[VSj])} -> 0.39 | I22: kg/head/day
A23: =HYPERLINK("#'Constants - Common'!A1", "Constants - Common") -> Constants - Common | D23: Nitrogen produced in swine waste per head per day | E23: {=Common_InputFunctions.Utility_LookupValueInTableNumber(E21, Table_SourceData_Swine_NitrogenInWaste[Class name], Table_SourceData_Swine_NitrogenInWaste[NWj Daily])} -> 0.046 | F23: {=Common_InputFunctions.Utility_LookupValueInTableNumber(F21, Table_SourceData_Swine_NitrogenInWaste[Class name], Table_SourceData_Swine_NitrogenInWaste[NWj Daily])} -> 0.049 | G23: {=Common_InputFunctions.Utility_LookupValueInTableNumber(G21, Table_SourceData_Swine_NitrogenInWaste[Class name], Table_SourceData_Swine_NitrogenInWaste[NWj Daily])} -> 0.046 | H23: {=Common_InputFunctions.Utility_LookupValueInTableNumber(H21, Table_SourceData_Swine_NitrogenInWaste[Class name], Table_SourceData_Swine_NitrogenInWaste[NWj Daily])} -> 0.0312 | I23: kg N/head/day
A24: =HYPERLINK("#'Constants - Common livestock'!A1", "Constants - Common livestock") -> Constants - Common livestock
A25: =HYPERLINK("#'Acknowledgements'!A1", "Acknowledgements") -> Acknowledgements | D25: Method 2 custom values (Edit if known) | E25: Boars | F25: Sows | G25: Gilts | H25: Others
A26: =HYPERLINK("#'Tab template'!A1", "Tab template") -> Tab template | D26: Volatile solids produced per head per day | E26: {=Common_InputFunctions.Utility_LookupValueInTableNumber(E25, Table_SourceData_Swine_VolatileSolids[Class], Table_SourceData_Swine_VolatileSolids[VSj])} -> 0.4 | F26: {=Common_InputFunctions.Utility_LookupValueInTableNumber(F25, Table_SourceData_Swine_VolatileSolids[Class], Table_SourceData_Swine_VolatileSolids[VSj])} -> 0.46 | G26: {=Common_InputFunctions.Utility_LookupValueInTableNumber(G25, Table_SourceData_Swine_VolatileSolids[Class], Table_SourceData_Swine_VolatileSolids[VSj])} -> 0.55 | H26: {=Common_InputFunctions.Utility_LookupValueInTableNumber(H25, Table_SourceData_Swine_VolatileSolids[Class], Table_SourceData_Swine_VolatileSolids[VSj])} -> 0.39 | I26: kg/head/day
D27: Nitrogen produced in swine waste per head per day | E27: {=Common_InputFunctions.Utility_LookupValueInTableNumber(E25, Table_SourceData_Swine_NitrogenInWaste[Class name], Table_SourceData_Swine_NitrogenInWaste[NWj Daily])} -> 0.046 | F27: {=Common_InputFunctions.Utility_LookupValueInTableNumber(F25, Table_SourceData_Swine_NitrogenInWaste[Class name], Table_SourceData_Swine_NitrogenInWaste[NWj Daily])} -> 0.049 | G27: {=Common_InputFunctions.Utility_LookupValueInTableNumber(G25, Table_SourceData_Swine_NitrogenInWaste[Class name], Table_SourceData_Swine_NitrogenInWaste[NWj Daily])} -> 0.046 | H27: {=Common_InputFunctions.Utility_LookupValueInTableNumber(H25, Table_SourceData_Swine_NitrogenInWaste[Class name], Table_SourceData_Swine_NitrogenInWaste[NWj Daily])} -> 0.0312 | I27: kg N/head/day
D30: Manure management systems
D32: Production system | E32: Outdoor/free range | F32: ← Please select
E33: =IF(X_Cell_Swine_ProductionSystem="Outdoor/free range", "In an outdoor/free range system the only likely stage 1 MMS is 'Drylot (feed pad)'", "") -> In an outdoor/free range system the only likely stage 1 MMS is 'Drylot (feed pad)'
D34: Stage 1 MMS | E34: Boars | F34: Sows | G34: Gilts | H34: Others
D36: ='Constants - Swine'!$G$41 -> Anaerobic lagoon | E36: 0.15 | F36: 0.15 | G36: 0.15 | H36: 0.15 | I36: Percent
D37: ="Were solids separated from " & $D$36 & "?" -> Were solids separated from Anaerobic lagoon? | E37: Yes
D38: ="Percent solids separated from " & D36 & " (Method 1)" -> Percent solids separated from Anaerobic lagoon (Method 1) | E38: 0.2
D39: ="Percent solids separated from " & D36 & " (Method 2)" -> Percent solids separated from Anaerobic lagoon (Method 2) | E39: 0.2
D41: ='Constants - Swine'!$G$42 -> Drylot (feed pad) | E41: 0.15 | F41: 0.15 | G41: 0.15 | H41: 0.15 | I41: Percent
D42: ="Were solids separated from " & $D$41 & "?" -> Were solids separated from Drylot (feed pad)? | E42: Yes
D43: ="Percent solids separated from " & D41 & " (Method 1)" -> Percent solids separated from Drylot (feed pad) (Method 1) | E43: 0.2
D44: ="Percent solids separated from " & D41 & " (Method 2)" -> Percent solids separated from Drylot (feed pad) (Method 2) | E44: 0.2
D47: ='Constants - Swine'!$G$43 -> Digester / covered lagoons | E47: 0.15 | F47: 0.15 | G47: 0.15 | H47: 0.15 | I47: Percent
D48: ="Were solids separated from " & $D$47 & "?" -> Were solids separated from Digester / covered lagoons? | E48: Yes
D49: ="Percent solids separated from " & D47 & " (Method 1)" -> Percent solids separated from Digester / covered lagoons (Method 1) | E49: 0.2
D50: ="Percent solids separated from " & D47 & " (Method 2)" -> Percent solids separated from Digester / covered lagoons (Method 2) | E50: 0.2
D53: ='Constants - Swine'!$G$44 -> Deep litter | E53: 0.15 | F53: 0.15 | G53: 0.15 | H53: 0.15 | I53: Percent
D54: ="Were solids separated from " & $D$53 & "?" -> Were solids separated from Deep litter? | E54: Yes
D55: ="Percent solids separated from " & D53 & " (Method 1)" -> Percent solids separated from Deep litter (Method 1) | E55: 0.2
D56: ="Percent solids separated from " & D53 & " (Method 2)" -> Percent solids separated from Deep litter (Method 2) | E56: 0.2
D59: ='Constants - Swine'!$G$45 -> Pit storage | E59: 0.15 | F59: 0.15 | G59: 0.15 | H59: 0.15 | I59: Percent
D60: ="Were solids separated from " & $D$59 & "?" -> Were solids separated from Pit storage? | E60: Yes
D61: ="Percent solids separated from " & D59 & " (Method 1)" -> Percent solids separated from Pit storage (Method 1) | E61: 0.2
D62: ="Percent solids separated from " & D59 & " (Method 2)" -> Percent solids separated from Pit storage (Method 2) | E62: 0.2
D64: ='Constants - Swine'!$D$42 & " (before solid separation)" -> Solid storage (before solid separation) | E64: 0.25 | F64: 0.25 | G64: 0.25 | H64: 0.25 | I64: Percent
D65: Solid storage (after solid separation) - Method 1 | E65: =E64+(E36*X_Cell_Swine_Stage1MMS_AnaerobicLagoon_AmountSeparated_Method1)+(E41*X_Cell_Swine_Stage1MMS_Drylot_AmountSeparated_Method1)+(E47*X_Cell_Swine_Stage1MMS_DigesterCoveredLagoons_AmountSeparated_Method1)+(E53*X_Cell_Swine_Stage1MMS_DeepLitter_AmountSeparated_Method1)+(E59*X_Cell_Swine_Stage1MMS_PitStorage_AmountSeparated_Method1) -> 0.4 | F65: =F64+(F36*X_Cell_Swine_Stage1MMS_AnaerobicLagoon_AmountSeparated_Method1)+(F41*X_Cell_Swine_Stage1MMS_Drylot_AmountSeparated_Method1)+(F47*X_Cell_Swine_Stage1MMS_DigesterCoveredLagoons_AmountSeparated_Method1)+(F53*X_Cell_Swine_Stage1MMS_DeepLitter_AmountSeparated_Method1)+(F59*X_Cell_Swine_Stage1MMS_PitStorage_AmountSeparated_Method1) -> 0.4 | G65: =G64+(G36*X_Cell_Swine_Stage1MMS_AnaerobicLagoon_AmountSeparated_Method1)+(G41*X_Cell_Swine_Stage1MMS_Drylot_AmountSeparated_Method1)+(G47*X_Cell_Swine_Stage1MMS_DigesterCoveredLagoons_AmountSeparated_Method1)+(G53*X_Cell_Swine_Stage1MMS_DeepLitter_AmountSeparated_Method1)+(G59*X_Cell_Swine_Stage1MMS_PitStorage_AmountSeparated_Method1) -> 0.4 | H65: =H64+(H36*X_Cell_Swine_Stage1MMS_AnaerobicLagoon_AmountSeparated_Method1)+(H41*X_Cell_Swine_Stage1MMS_Drylot_AmountSeparated_Method1)+(H47*X_Cell_Swine_Stage1MMS_DigesterCoveredLagoons_AmountSeparated_Method1)+(H53*X_Cell_Swine_Stage1MMS_DeepLitter_AmountSeparated_Method1)+(H59*X_Cell_Swine_Stage1MMS_PitStorage_AmountSeparated_Method1) -> 0.4
D66: Solid storage (after solid separation) - Method 2 | E66: =E64+(E36*X_Cell_Swine_Stage1MMS_AnaerobicLagoon_AmountSeparated_Method2)+(E41*X_Cell_Swine_Stage1MMS_Drylot_AmountSeparated_Method2)+(E47*X_Cell_Swine_Stage1MMS_DigesterCoveredLagoons_AmountSeparated_Method2)+(E53*X_Cell_Swine_Stage1MMS_DeepLitter_AmountSeparated_Method2)+(E59*X_Cell_Swine_Stage1MMS_PitStorage_AmountSeparated_Method2) -> 0.4 | F66: =F64+(F36*X_Cell_Swine_Stage1MMS_AnaerobicLagoon_AmountSeparated_Method2)+(F41*X_Cell_Swine_Stage1MMS_Drylot_AmountSeparated_Method2)+(F47*X_Cell_Swine_Stage1MMS_DigesterCoveredLagoons_AmountSeparated_Method2)+(F53*X_Cell_Swine_Stage1MMS_DeepLitter_AmountSeparated_Method2)+(F59*X_Cell_Swine_Stage1MMS_PitStorage_AmountSeparated_Method2) -> 0.4 | G66: =G64+(G36*X_Cell_Swine_Stage1MMS_AnaerobicLagoon_AmountSeparated_Method2)+(G41*X_Cell_Swine_Stage1MMS_Drylot_AmountSeparated_Method2)+(G47*X_Cell_Swine_Stage1MMS_DigesterCoveredLagoons_AmountSeparated_Method2)+(G53*X_Cell_Swine_Stage1MMS_DeepLitter_AmountSeparated_Method2)+(G59*X_Cell_Swine_Stage1MMS_PitStorage_AmountSeparated_Method2) -> 0.4 | H66: =H64+(H36*X_Cell_Swine_Stage1MMS_AnaerobicLagoon_AmountSeparated_Method2)+(H41*X_Cell_Swine_Stage1MMS_Drylot_AmountSeparated_Method2)+(H47*X_Cell_Swine_Stage1MMS_DigesterCoveredLagoons_AmountSeparated_Method2)+(H53*X_Cell_Swine_Stage1MMS_DeepLitter_AmountSeparated_Method2)+(H59*X_Cell_Swine_Stage1MMS_PitStorage_AmountSeparated_Method2) -> 0.4
D68: Total sent to all MMS (Must equal 100%) | E68: =SUM(E36,E41,E47,E53,E59,E64) -> 1 | F68: =SUM(F36,F41,F47,F53,F59,F64) -> 1 | G68: =SUM(G36,G41,G47,G53,G59,G64) -> 1 | H68: =SUM(H36,H41,H47,H53,H59,H64) -> 1
D70: ▼
D71: Stage 2 MMS | E71: Boars | F71: Sows | G71: Gilts | H71: Others | I71: ► | K71: Destination after stage 2 MMS (Percent)
D72: ="From stage 1: " & $D$36 -> From stage 1: Anaerobic lagoon | E72: =IF(SUM(E36:H36)>0,"Manure was sent to this MMS, please complete this section.","NO manure was sent to this MMS. Leave this section blank.") -> Manure was sent to this MMS, please complete this section. | K72: Sold | L72: Fert for own farm (eg crop) | M72: Direct application to soil
D73: =$D$47 -> Digester / covered lagoons | E73: 0.2 | F73: 0.25 | G73: 0.25 | H73: 0.25 | I73: Percent | K73: 0.25 | L73: 0.25 | M73: =1-SUM(K73:L73) -> 0.5
D74: =$D$53 -> Deep litter | E74: 0.2 | F74: 0.25 | G74: 0.25 | H74: 0.25 | I74: Percent | K74: 0.25 | L74: 0.25 | M74: =1-SUM(K74:L74) -> 0.5
D75: =$D$59 -> Pit storage | E75: 0.2 | F75: 0.25 | G75: 0.25 | H75: 0.25 | I75: Percent | K75: 0.25 | L75: 0.25 | M75: =1-SUM(K75:L75) -> 0.5
D76: ='Constants - Swine'!$D$47 -> Direct application | E76: =1-SUM(E73:E75) -> 0.4 | F76: =1-SUM(F73:F75) -> 0.25 | G76: =1-SUM(G73:G75) -> 0.25 | H76: =1-SUM(H73:H75) -> 0.25 | I76: Percent | K76: 0 | L76: 0 | M76: =1-SUM(K76:L76) -> 1
D79: ="From stage 1: " & $D$41 -> From stage 1: Drylot (feed pad) | E79: =IF(SUM(E41:H41)>0,"Manure was sent to this MMS, please complete this section.","NO manure was sent to this MMS. Leave this section blank.") -> Manure was sent to this MMS, please complete this section. | K79: Sold | L79: Fert for own farm (eg crop) | M79: Direct application to soil
D80: Anaerobic lagoon | E80: 0.2 | F80: 0.25 | G80: 0.25 | H80: 0.25 | I80: Percent | K80: 0.25 | L80: 0.25 | M80: =1-SUM(K80:L80) -> 0.5
D81: Digester / covered lagoons | E81: 0.2 | F81: 0.25 | G81: 0.25 | H81: 0.25 | I81: Percent | K81: 0.25 | L81: 0.25 | M81: =1-SUM(K81:L81) -> 0.5
D82: Deep litter | E82: 0.2 | F82: 0.25 | G82: 0.25 | H82: 0.25 | I82: Percent | K82: 0.25 | L82: 0.25 | M82: =1-SUM(K82:L82) -> 0.5
D83: Pit storage | E83: 0.2 | F83: 0.25 | G83: 0.25 | H83: 0.25 | I83: Percent | K83: 0.25 | L83: 0.25 | M83: =1-SUM(K83:L83) -> 0.5
D84: Direct application | E84: =1-SUM(E80:E83) -> 0.2 | F84: =1-SUM(F80:F83) -> 0 | G84: =1-SUM(G80:G83) -> 0 | H84: =1-SUM(H80:H83) -> 0 | K84: 0 | L84: 0 | M84: =1-SUM(K84:L84) -> 1
D87: ="From stage 1: " & $D$47 -> From stage 1: Digester / covered lagoons | E87: =IF(SUM(E47:H47)>0,"Manure was sent to this MMS, please complete this section.","NO manure was sent to this MMS. Leave this section blank.") -> Manure was sent to this MMS, please complete this section. | K87: Sold | L87: Fert for own farm (eg crop) | M87: Direct application to soil
D88: Anaerobic lagoon | E88: 0.2 | F88: 0.25 | G88: 0.25 | H88: 0.25 | I88: Percent | K88: 0.25 | L88: 0.25 | M88: =1-SUM(K88:L88) -> 0.5
D89: Deep litter | E89: 0.2 | F89: 0.25 | G89: 0.25 | H89: 0.25 | I89: Percent | K89: 0.25 | L89: 0.25 | M89: =1-SUM(K89:L89) -> 0.5
D90: Pit storage | E90: 0.2 | F90: 0.25 | G90: 0.25 | H90: 0.25 | I90: Percent | K90: 0.25 | L90: 0.25 | M90: =1-SUM(K90:L90) -> 0.5
D91: Direct application | E91: =1-SUM(E88:E90) -> 0.4 | F91: =1-SUM(F88:F90) -> 0.25 | G91: =1-SUM(G88:G90) -> 0.25 | H91: =1-SUM(H88:H90) -> 0.25 | I91: Percent | K91: 0 | L91: 0 | M91: =1-SUM(K91:L91) -> 1
D94: ="From stage 1: " & $D$53 -> From stage 1: Deep litter | E94: =IF(SUM(E53:H53)>0,"Manure was sent to this MMS, please complete this section.","NO manure was sent to this MMS. Leave this section blank.") -> Manure was sent to this MMS, please complete this section. | K94: Sold | L94: Fert for own farm (eg crop) | M94: Direct application to soil
D95: Anaerobic lagoon | E95: 0.2 | F95: 0.25 | G95: 0.25 | H95: 0.25 | I95: Percent | K95: 0.25 | L95: 0.25 | M95: =1-SUM(K95:L95) -> 0.5
D96: Digester / covered lagoons | E96: 0.2 | F96: 0.25 | G96: 0.25 | H96: 0.25 | I96: Percent | K96: 0.25 | L96: 0.25 | M96: =1-SUM(K96:L96) -> 0.5
D97: Pit storage | E97: 0.2 | F97: 0.25 | G97: 0.25 | H97: 0.25 | I97: Percent | K97: 0.25 | L97: 0.25 | M97: =1-SUM(K97:L97) -> 0.5
D98: Direct application | E98: =1-SUM(E95:E97) -> 0.4 | F98: =1-SUM(F95:F97) -> 0.25 | G98: =1-SUM(G95:G97) -> 0.25 | H98: =1-SUM(H95:H97) -> 0.25 | I98: Percent | K98: 0 | L98: 0 | M98: =1-SUM(K98:L98) -> 1
D101: ="From stage 1: " & $D$59 -> From stage 1: Pit storage | E101: =IF(SUM(E59:H59)>0,"Manure was sent to this MMS, please complete this section.","NO manure was sent to this MMS. Leave this section blank.") -> Manure was sent to this MMS, please complete this section. | K101: Sold | L101: Fert for own farm (eg crop) | M101: Direct application to soil
D102: Anaerobic lagoon | E102: 0.2 | F102: 0.25 | G102: 0.25 | H102: 0.25 | I102: Percent | K102: 0.25 | L102: 0.25 | M102: =1-SUM(K102:L102) -> 0.5
D103: Digester / covered lagoons | E103: 0.2 | F103: 0.25 | G103: 0.25 | H103: 0.25 | I103: Percent | K103: 0.25 | L103: 0.25 | M103: =1-SUM(K103:L103) -> 0.5
D104: Deep litter | E104: 0.2 | F104: 0.25 | G104: 0.25 | H104: 0.25 | I104: Percent | K104: 0.25 | L104: 0.25 | M104: =1-SUM(K104:L104) -> 0.5
D105: Direct application | E105: =1-SUM(E102:E104) -> 0.4 | F105: =1-SUM(F102:F104) -> 0.25 | G105: =1-SUM(G102:G104) -> 0.25 | H105: =1-SUM(H102:H104) -> 0.25 | I105: Percent | K105: 0 | L105: 0 | M105: =1-SUM(K105:L105) -> 1
D108: ="From stage 1: " & SUBSTITUTE($D$64, " (before solid separation)", "") -> From stage 1: Solid storage | E108: =IF(OR(SUM(E64:H64)>0,COUNTIF(E36:E68,"Yes")>0),"Manure was sent to this MMS, please complete this section.","NO manure was sent to this MMS. Leave this section blank.") -> Manure was sent to this MMS, please complete this section. | K108: Sold | L108: Fert for own farm (eg crop) | M108: Direct application to soil
D109: Anaerobic lagoon | E109: 0.2 | F109: 0.2 | G109: 0.2 | H109: 0.2 | I109: Percent | K109: 0.25 | L109: 0.25 | M109: =1-SUM(K109:L109) -> 0.5
D110: Digester / covered lagoons | E110: 0.2 | F110: 0.2 | G110: 0.2 | H110: 0.2 | I110: Percent | K110: 0.25 | L110: 0.25 | M110: =1-SUM(K110:L110) -> 0.5
D111: Deep litter | E111: 0.2 | F111: 0.2 | G111: 0.2 | H111: 0.2 | I111: Percent | K111: 0.25 | L111: 0.25 | M111: =1-SUM(K111:L111) -> 0.5
D112: Pit storage | E112: 0.1 | F112: 0.1 | G112: 0.1 | H112: 0.1 | I112: Percent | K112: 0.25 | L112: 0.25 | M112: =1-SUM(K112:L112) -> 0.5
D113: Direct application | E113: =1-SUM(E109:E112) -> 0.3 | F113: =1-SUM(F109:F112) -> 0.3 | G113: =1-SUM(G109:G112) -> 0.3 | H113: =1-SUM(H109:H112) -> 0.3 | I113: Percent | K113: 0 | L113: 0 | M113: =1-SUM(K113:L113) -> 1
D116: Where manure was deposited on farm soils, what is the closest match? | E116: Crop | F116: ← Please select
D117: Irrigation method | E117: Sprinkler irrigation | F117: ← Please select

Sheet 4.5.1.1-2 Methane
A1: #VALUE! | C1: 4.5.1.1-2 Manure Methane
A3: =HYPERLINK("#'Home'!A1", "Home") -> Home | D3: Method 1 | N3: Method 2
A4: =HYPERLINK("#'Overview'!A1", "Overview") -> Overview
A5: =HYPERLINK("#'Results'!A1", "Results") -> Results | D5: {=MMS_Swine_Methane_Equations.VEERG_4_5_1_1__4_FractionVolatileSolidsPrimarySystem_Title()} -> Fraction of volatile solids in each primary system other than solid storage
D6: {=MMS_Swine_Methane_Equations.VEERG_4_5_1_1__4_FractionVolatileSolidsPrimarySystem_Source()} -> VEERG 2026: 4.5.1.1, Equation (4)
D7: Function name | E7: {=Common_InputFunctions.Utility_DisplayFunctionName($E$37)} -> =MMS_Swine_Methane_Equations.VEERG_4_5_1_1__4_FractionVolatileSolidsPrimarySystem
A8: INPUTS
A9: =HYPERLINK("#'Input - Site'!A1", "Site") -> Site
A10: =HYPERLINK("#'Input - Swine'!A1", "Swine") -> Swine | D10: Variable | E10: {=MMS_Swine_Methane_Equations.VEERG_4_5_1_1__4_FractionVolatileSolidsPrimarySystem_Variable()} -> FVSjmT1
D11: Unit | E11: {=MMS_Swine_Methane_Equations.VEERG_4_5_1_1__4_FractionVolatileSolidsPrimarySystem_Unit()} -> fraction
A13: CALCULATIONS | D13: {=Common_InputFunctions.Utility_DisplayArguments_1_2(MMS_Swine_Methane_Equations.VEERG_4_5_1_1__4_FractionVolatileSolidsPrimarySystem_Arguments())} -> MMSjmT1 | E13: fraction of manure to each primary MMS for each class prior to solid separation | G13: {=Common_InputFunctions.Utility_DisplayArguments_3_4(MMS_Swine_Methane_Equations.VEERG_4_5_1_1__4_FractionVolatileSolidsPrimarySystem_Arguments())} -> fraction | H13: Input | I13: {=HYPERLINK(Common_InputFunctions.Utility_SourceHyperlink($D$16), $D$16)} -> Table_MMS_j_m_T-1
A14: =HYPERLINK("#'4.5.1.1-2 Methane'!A1", "4.5.1.1-2 Methane") -> 4.5.1.1-2 Methane | D14: SSm | E14: fraction of volatile solids separated to solid storage for each MMS | G14: fraction | H14: Input | I14: {=HYPERLINK(Common_InputFunctions.Utility_SourceHyperlink($D$25), $D$25)} -> M1_Table_SS_m
A15: =HYPERLINK("#'4.5.1.3-4 Direct N2O'!A1", "4.5.1.3-4 Direct N2O") -> 4.5.1.3-4 Direct N2O
A16: =HYPERLINK("#'4.5.1.5-6 Atmos Dep'!A1", "4.5.1.5-6 Atmos Dep") -> 4.5.1.5-6 Atmos Dep | D16: Table_MMS_j_m_T-1
A17: =HYPERLINK("#'4.5.1.7-8 Leaching and runoff'!A1", "4.5.1.7-8 Leaching and runoff") -> 4.5.1.7-8 Leaching and runoff | D17: Fraction VS sent to MMS other than solid storage in stage 1
A18: =HYPERLINK("#'4.5.1.9 Manure applied to soils'!A1", "4.5.1.9 Manure applied to soils") -> 4.5.1.9 Manure applied to soils | D18: Stage 1 management | E18: Boars | F18: Sows | G18: Gilts | H18: Others
D19: =INDEX(X_Table_Swine_Stage1MMS_AnaerobicLagoon,2,1) -> Anaerobic lagoon | E19: {=OFFSET(X_Table_Swine_Stage1MMS_AnaerobicLagoon,1,1,1,4)} -> 0.15 | F19: 0.15 | G19: 0.15 | H19: 0.15 | I19: =G13 -> fraction
D20: =INDEX(X_Table_Swine_Stage1MMS_Drylot,2,1) -> Drylot (feed pad) | E20: {=OFFSET(X_Table_Swine_Stage1MMS_Drylot,1,1,1,4)} -> 0.15 | F20: 0.15 | G20: 0.15 | H20: 0.15
A21: APPENDICES | D21: =INDEX(X_Table_Swine_Stage1MMS_DigesterCoveredLagoons,2,1) -> Digester / covered lagoons | E21: {=OFFSET(X_Table_Swine_Stage1MMS_DigesterCoveredLagoons,1,1,1,4)} -> 0.15 | F21: 0.15 | G21: 0.15 | H21: 0.15
A22: =HYPERLINK("#'Constants - Swine'!A1", "Constants - Swine") -> Constants - Swine | D22: =INDEX(X_Table_Swine_Stage1MMS_DeepLitter,2,1) -> Deep litter | E22: {=OFFSET(X_Table_Swine_Stage1MMS_DeepLitter,1,1,1,4)} -> 0.15 | F22: 0.15 | G22: 0.15 | H22: 0.15
A23: =HYPERLINK("#'Constants - Common'!A1", "Constants - Common") -> Constants - Common | D23: =INDEX(X_Table_Swine_Stage1MMS_PitStorage,2,1) -> Pit storage | E23: {=OFFSET(X_Table_Swine_Stage1MMS_PitStorage,1,1,1,4)} -> 0.15 | F23: 0.15 | G23: 0.15 | H23: 0.15
A24: =HYPERLINK("#'Constants - Common livestock'!A1", "Constants - Common livestock") -> Constants - Common livestock
A25: =HYPERLINK("#'Acknowledgements'!A1", "Acknowledgements") -> Acknowledgements | D25: M1_Table_SS_m | N25: M2_Table_SS_m-1-7-9
A26: =HYPERLINK("#'Tab template'!A1", "Tab template") -> Tab template | D26: Fraction separated solids sent from MMS other than solid storage to solid storage in stage 1 (Method 1) | N26: Fraction separated solids sent from MMS other than solid storage to solid storage in stage 1 (Method 2)
D27: Stage 1 management | E27: Boars | F27: Sows | G27: Gilts | H27: Others | N27: Stage 1 management | O27: Boars | P27: Sows | Q27: Gilts | R27: Others
D28: =INDEX(X_Table_Swine_Stage1MMS_AnaerobicLagoon,2,1) -> Anaerobic lagoon | E28: =X_Cell_Swine_Stage1MMS_AnaerobicLagoon_AmountSeparated_Method1 -> 0.2 | F28: =X_Cell_Swine_Stage1MMS_AnaerobicLagoon_AmountSeparated_Method1 -> 0.2 | G28: =X_Cell_Swine_Stage1MMS_AnaerobicLagoon_AmountSeparated_Method1 -> 0.2 | H28: =X_Cell_Swine_Stage1MMS_AnaerobicLagoon_AmountSeparated_Method1 -> 0.2 | I28: =G14 -> fraction | N28: =INDEX(X_Table_Swine_Stage1MMS_AnaerobicLagoon,2,1) -> Anaerobic lagoon | O28: =X_Cell_Swine_Stage1MMS_AnaerobicLagoon_AmountSeparated_Method2 -> 0.2 | P28: =X_Cell_Swine_Stage1MMS_AnaerobicLagoon_AmountSeparated_Method2 -> 0.2 | Q28: =X_Cell_Swine_Stage1MMS_AnaerobicLagoon_AmountSeparated_Method2 -> 0.2 | R28: =X_Cell_Swine_Stage1MMS_AnaerobicLagoon_AmountSeparated_Method2 -> 0.2 | S28: =G14 -> fraction
D29: =INDEX(X_Table_Swine_Stage1MMS_Drylot,2,1) -> Drylot (feed pad) | E29: =X_Cell_Swine_Stage1MMS_Drylot_AmountSeparated_Method1 -> 0.2 | F29: =X_Cell_Swine_Stage1MMS_Drylot_AmountSeparated_Method1 -> 0.2 | G29: =X_Cell_Swine_Stage1MMS_Drylot_AmountSeparated_Method1 -> 0.2 | H29: =X_Cell_Swine_Stage1MMS_Drylot_AmountSeparated_Method1 -> 0.2 | N29: =INDEX(X_Table_Swine_Stage1MMS_Drylot,2,1) -> Drylot (feed pad) | O29: =X_Cell_Swine_Stage1MMS_Drylot_AmountSeparated_Method2 -> 0.2 | P29: =X_Cell_Swine_Stage1MMS_Drylot_AmountSeparated_Method2 -> 0.2 | Q29: =X_Cell_Swine_Stage1MMS_Drylot_AmountSeparated_Method2 -> 0.2 | R29: =X_Cell_Swine_Stage1MMS_Drylot_AmountSeparated_Method2 -> 0.2
D30: =INDEX(X_Table_Swine_Stage1MMS_DigesterCoveredLagoons,2,1) -> Digester / covered lagoons | E30: =X_Cell_Swine_Stage1MMS_DigesterCoveredLagoons_AmountSeparated_Method1 -> 0.2 | F30: =X_Cell_Swine_Stage1MMS_DigesterCoveredLagoons_AmountSeparated_Method1 -> 0.2 | G30: =X_Cell_Swine_Stage1MMS_DigesterCoveredLagoons_AmountSeparated_Method1 -> 0.2 | H30: =X_Cell_Swine_Stage1MMS_DigesterCoveredLagoons_AmountSeparated_Method1 -> 0.2 | N30: =INDEX(X_Table_Swine_Stage1MMS_DigesterCoveredLagoons,2,1) -> Digester / covered lagoons | O30: =X_Cell_Swine_Stage1MMS_DigesterCoveredLagoons_AmountSeparated_Method2 -> 0.2 | P30: =X_Cell_Swine_Stage1MMS_DigesterCoveredLagoons_AmountSeparated_Method2 -> 0.2 | Q30: =X_Cell_Swine_Stage1MMS_DigesterCoveredLagoons_AmountSeparated_Method2 -> 0.2 | R30: =X_Cell_Swine_Stage1MMS_DigesterCoveredLagoons_AmountSeparated_Method2 -> 0.2
D31: =INDEX(X_Table_Swine_Stage1MMS_DeepLitter,2,1) -> Deep litter | E31: =X_Cell_Swine_Stage1MMS_DeepLitter_AmountSeparated_Method1 -> 0.2 | F31: =X_Cell_Swine_Stage1MMS_DeepLitter_AmountSeparated_Method1 -> 0.2 | G31: =X_Cell_Swine_Stage1MMS_DeepLitter_AmountSeparated_Method1 -> 0.2 | H31: =X_Cell_Swine_Stage1MMS_DeepLitter_AmountSeparated_Method1 -> 0.2 | N31: =INDEX(X_Table_Swine_Stage1MMS_DeepLitter,2,1) -> Deep litter | O31: =X_Cell_Swine_Stage1MMS_DeepLitter_AmountSeparated_Method2 -> 0.2 | P31: =X_Cell_Swine_Stage1MMS_DeepLitter_AmountSeparated_Method2 -> 0.2 | Q31: =X_Cell_Swine_Stage1MMS_DeepLitter_AmountSeparated_Method2 -> 0.2 | R31: =X_Cell_Swine_Stage1MMS_DeepLitter_AmountSeparated_Method2 -> 0.2
D32: =INDEX(X_Table_Swine_Stage1MMS_PitStorage,2,1) -> Pit storage | E32: =X_Cell_Swine_Stage1MMS_PitStorage_AmountSeparated_Method1 -> 0.2 | F32: =X_Cell_Swine_Stage1MMS_PitStorage_AmountSeparated_Method1 -> 0.2 | G32: =X_Cell_Swine_Stage1MMS_PitStorage_AmountSeparated_Method1 -> 0.2 | H32: =X_Cell_Swine_Stage1MMS_PitStorage_AmountSeparated_Method1 -> 0.2 | N32: =INDEX(X_Table_Swine_Stage1MMS_PitStorage,2,1) -> Pit storage | O32: =X_Cell_Swine_Stage1MMS_PitStorage_AmountSeparated_Method2 -> 0.2 | P32: =X_Cell_Swine_Stage1MMS_PitStorage_AmountSeparated_Method2 -> 0.2 | Q32: =X_Cell_Swine_Stage1MMS_PitStorage_AmountSeparated_Method2 -> 0.2 | R32: =X_Cell_Swine_Stage1MMS_PitStorage_AmountSeparated_Method2 -> 0.2
D34: M1_Table_FVS_j_m_T-1 | N34: M2_Table_FVS_j_m_T-1
D35: Fraction VS in MMS other than solid storage in stage 1 (Method 1) | N35: Fraction VS in MMS other than solid storage in stage 1 (Method 2)
D36: Stage 1 management | E36: Boars | F36: Sows | G36: Gilts | H36: Others | N36: Stage 1 management | O36: Boars | P36: Sows | Q36: Gilts | R36: Others
D37: =INDEX(X_Table_Swine_Stage1MMS_AnaerobicLagoon,2,1) -> Anaerobic lagoon | E37: {=MMS_Swine_Methane_Equations.VEERG_4_5_1_1__4_FractionVolatileSolidsPrimarySystem(E19,E28)} -> 0.12 | F37: {=MMS_Swine_Methane_Equations.VEERG_4_5_1_1__4_FractionVolatileSolidsPrimarySystem(F19,F28)} -> 0.12 | G37: {=MMS_Swine_Methane_Equations.VEERG_4_5_1_1__4_FractionVolatileSolidsPrimarySystem(G19,G28)} -> 0.12 | H37: {=MMS_Swine_Methane_Equations.VEERG_4_5_1_1__4_FractionVolatileSolidsPrimarySystem(H19,H28)} -> 0.12 | I37: =$E$11 -> fraction | N37: =INDEX(X_Table_Swine_Stage1MMS_AnaerobicLagoon,2,1) -> Anaerobic lagoon | O37: {=MMS_Swine_Methane_Equations.VEERG_4_5_1_1__4_FractionVolatileSolidsPrimarySystem(E19,O28)} -> 0.12 | P37: {=MMS_Swine_Methane_Equations.VEERG_4_5_1_1__4_FractionVolatileSolidsPrimarySystem(F19,P28)} -> 0.12 | Q37: {=MMS_Swine_Methane_Equations.VEERG_4_5_1_1__4_FractionVolatileSolidsPrimarySystem(G19,Q28)} -> 0.12 | R37: {=MMS_Swine_Methane_Equations.VEERG_4_5_1_1__4_FractionVolatileSolidsPrimarySystem(H19,R28)} -> 0.12 | S37: =$E$11 -> fraction
D38: =INDEX(X_Table_Swine_Stage1MMS_Drylot,2,1) -> Drylot (feed pad) | E38: {=MMS_Swine_Methane_Equations.VEERG_4_5_1_1__4_FractionVolatileSolidsPrimarySystem(E20,E29)} -> 0.12 | F38: {=MMS_Swine_Methane_Equations.VEERG_4_5_1_1__4_FractionVolatileSolidsPrimarySystem(F20,F29)} -> 0.12 | G38: {=MMS_Swine_Methane_Equations.VEERG_4_5_1_1__4_FractionVolatileSolidsPrimarySystem(G20,G29)} -> 0.12 | H38: {=MMS_Swine_Methane_Equations.VEERG_4_5_1_1__4_FractionVolatileSolidsPrimarySystem(H20,H29)} -> 0.12 | N38: =INDEX(X_Table_Swine_Stage1MMS_Drylot,2,1) -> Drylot (feed pad) | O38: {=MMS_Swine_Methane_Equations.VEERG_4_5_1_1__4_FractionVolatileSolidsPrimarySystem(E20,O29)} -> 0.12 | P38: {=MMS_Swine_Methane_Equations.VEERG_4_5_1_1__4_FractionVolatileSolidsPrimarySystem(F20,P29)} -> 0.12 | Q38: {=MMS_Swine_Methane_Equations.VEERG_4_5_1_1__4_FractionVolatileSolidsPrimarySystem(G20,Q29)} -> 0.12 | R38: {=MMS_Swine_Methane_Equations.VEERG_4_5_1_1__4_FractionVolatileSolidsPrimarySystem(H20,R29)} -> 0.12
D39: =INDEX(X_Table_Swine_Stage1MMS_DigesterCoveredLagoons,2,1) -> Digester / covered lagoons | E39: {=MMS_Swine_Methane_Equations.VEERG_4_5_1_1__4_FractionVolatileSolidsPrimarySystem(E21,E30)} -> 0.12 | F39: {=MMS_Swine_Methane_Equations.VEERG_4_5_1_1__4_FractionVolatileSolidsPrimarySystem(F21,F30)} -> 0.12 | G39: {=MMS_Swine_Methane_Equations.VEERG_4_5_1_1__4_FractionVolatileSolidsPrimarySystem(G21,G30)} -> 0.12 | H39: {=MMS_Swine_Methane_Equations.VEERG_4_5_1_1__4_FractionVolatileSolidsPrimarySystem(H21,H30)} -> 0.12 | N39: =INDEX(X_Table_Swine_Stage1MMS_DigesterCoveredLagoons,2,1) -> Digester / covered lagoons | O39: {=MMS_Swine_Methane_Equations.VEERG_4_5_1_1__4_FractionVolatileSolidsPrimarySystem(E21,O30)} -> 0.12 | P39: {=MMS_Swine_Methane_Equations.VEERG_4_5_1_1__4_FractionVolatileSolidsPrimarySystem(F21,P30)} -> 0.12 | Q39: {=MMS_Swine_Methane_Equations.VEERG_4_5_1_1__4_FractionVolatileSolidsPrimarySystem(G21,Q30)} -> 0.12 | R39: {=MMS_Swine_Methane_Equations.VEERG_4_5_1_1__4_FractionVolatileSolidsPrimarySystem(H21,R30)} -> 0.12
D40: =INDEX(X_Table_Swine_Stage1MMS_DeepLitter,2,1) -> Deep litter | E40: {=MMS_Swine_Methane_Equations.VEERG_4_5_1_1__4_FractionVolatileSolidsPrimarySystem(E22,E31)} -> 0.12 | F40: {=MMS_Swine_Methane_Equations.VEERG_4_5_1_1__4_FractionVolatileSolidsPrimarySystem(F22,F31)} -> 0.12 | G40: {=MMS_Swine_Methane_Equations.VEERG_4_5_1_1__4_FractionVolatileSolidsPrimarySystem(G22,G31)} -> 0.12 | H40: {=MMS_Swine_Methane_Equations.VEERG_4_5_1_1__4_FractionVolatileSolidsPrimarySystem(H22,H31)} -> 0.12 | N40: =INDEX(X_Table_Swine_Stage1MMS_DeepLitter,2,1) -> Deep litter | O40: {=MMS_Swine_Methane_Equations.VEERG_4_5_1_1__4_FractionVolatileSolidsPrimarySystem(E22,O31)} -> 0.12 | P40: {=MMS_Swine_Methane_Equations.VEERG_4_5_1_1__4_FractionVolatileSolidsPrimarySystem(F22,P31)} -> 0.12 | Q40: {=MMS_Swine_Methane_Equations.VEERG_4_5_1_1__4_FractionVolatileSolidsPrimarySystem(G22,Q31)} -> 0.12 | R40: {=MMS_Swine_Methane_Equations.VEERG_4_5_1_1__4_FractionVolatileSolidsPrimarySystem(H22,R31)} -> 0.12
D41: =INDEX(X_Table_Swine_Stage1MMS_PitStorage,2,1) -> Pit storage | E41: {=MMS_Swine_Methane_Equations.VEERG_4_5_1_1__4_FractionVolatileSolidsPrimarySystem(E23,E32)} -> 0.12 | F41: {=MMS_Swine_Methane_Equations.VEERG_4_5_1_1__4_FractionVolatileSolidsPrimarySystem(F23,F32)} -> 0.12 | G41: {=MMS_Swine_Methane_Equations.VEERG_4_5_1_1__4_FractionVolatileSolidsPrimarySystem(G23,G32)} -> 0.12 | H41: {=MMS_Swine_Methane_Equations.VEERG_4_5_1_1__4_FractionVolatileSolidsPrimarySystem(H23,H32)} -> 0.12 | N41: =INDEX(X_Table_Swine_Stage1MMS_PitStorage,2,1) -> Pit storage | O41: {=MMS_Swine_Methane_Equations.VEERG_4_5_1_1__4_FractionVolatileSolidsPrimarySystem(E23,O32)} -> 0.12 | P41: {=MMS_Swine_Methane_Equations.VEERG_4_5_1_1__4_FractionVolatileSolidsPrimarySystem(F23,P32)} -> 0.12 | Q41: {=MMS_Swine_Methane_Equations.VEERG_4_5_1_1__4_FractionVolatileSolidsPrimarySystem(G23,Q32)} -> 0.12 | R41: {=MMS_Swine_Methane_Equations.VEERG_4_5_1_1__4_FractionVolatileSolidsPrimarySystem(H23,R32)} -> 0.12
D45: {=MMS_Swine_Methane_Equations.VEERG_4_5_1_1__5_FractionVolatileSolidsSolidStorage_Title()} -> Fraction of volatile solids in solid storage
D46: {=MMS_Swine_Methane_Equations.VEERG_4_5_1_1__5_FractionVolatileSolidsSolidStorage_Source()} -> VEERG 2026: 4.5.1.1, Equation (5)
D47: Function name | E47: {=Common_InputFunctions.Utility_DisplayFunctionName($E$68)} -> =MMS_Swine_Methane_Equations.VEERG_4_5_1_1__5_FractionVolatileSolidsSolidStorageVariation
D48: {=MMS_Swine_Methane_Equations.VEERG_4_5_1_1__5_FractionVolatileSolidsSolidStorage_Variation()} -> VARIATION ON SOURCE: Split equation for MMSm=1,7,9 into separate items to allow for calculation
D53: Variable | E53: {=MMS_Swine_Methane_Equations.VEERG_4_5_1_1__5_FractionVolatileSolidsSolidStorage_Variable()} -> FVSjm4T1
D54: Unit | E54: {=MMS_Swine_Methane_Equations.VEERG_4_5_1_1__5_FractionVolatileSolidsSolidStorage_Unit()} -> fraction
D56: {=Common_InputFunctions.Utility_DisplayArguments_1_2(MMS_Swine_Methane_Equations.VEERG_4_5_1_1__5_FractionVolatileSolidsSolidStorage_Arguments())} -> MMSjm4T1 | E56: fraction of manure in solid storage primary system | G56: {=Common_InputFunctions.Utility_DisplayArguments_3_4(MMS_Swine_Methane_Equations.VEERG_4_5_1_1__5_FractionVolatileSolidsSolidStorage_Arguments())} -> fraction | H56: Input | I56: {=HYPERLINK(Common_InputFunctions.Utility_SourceHyperlink($D$60), $D$60)} -> Table_MMS_j_m-4_T-1
D57: MMSjm179T1 | E57: fraction of manure in MMS 1, 7, and 9 in treatment stage 1 | G57: fraction | H57: Input | I57: {=HYPERLINK(Common_InputFunctions.Utility_SourceHyperlink($D$16), $D$16)} -> Table_MMS_j_m_T-1
D58: SSm | E58: fraction of volatile solids separated to solid storage for each MMS | G58: fraction | H58: Input | I58: {=HYPERLINK(Common_InputFunctions.Utility_SourceHyperlink($D$25), $D$25)} -> M1_Table_SS_m
D60: Table_MMS_j_m-4_T-1
D61: Fraction primary system solid storage
D62: Stage 1 management | E62: Boars | F62: Sows | G62: Gilts | H62: Others
D63: =INDEX(X_Table_Swine_Stage1MMS_SolidStorage,2,1) -> Solid storage (before solid separation) | E63: {=OFFSET(X_Table_Swine_Stage1MMS_SolidStorage,1,1,1,4)} -> 0.25 | F63: 0.25 | G63: 0.25 | H63: 0.25 | I63: =$G$56 -> fraction
D65: M1_Table_FVS_j_m-4_T-1 | N65: M2_Table_FVS_j_m-4_T-1
D66: Fraction VS in stage 1 solid storage (Method 1) | N66: Fraction VS in stage 1 solid storage (Method 2)
D67: Stage 1 management | E67: Boars | F67: Sows | G67: Gilts | H67: Others | N67: Stage 1 management | O67: Boars | P67: Sows | Q67: Gilts | R67: Others
D68: Solid storage | E68: {=MMS_Swine_Methane_Equations.VEERG_4_5_1_1__5_FractionVolatileSolidsSolidStorageVariation(E63,E19,E20,E21,E22,E23,E28,E29,E30,E31,E32)} -> 0.4 | F68: {=MMS_Swine_Methane_Equations.VEERG_4_5_1_1__5_FractionVolatileSolidsSolidStorageVariation(F63,F19,F20,F21,F22,F23,F28,F29,F30,F31,F32)} -> 0.4 | G68: {=MMS_Swine_Methane_Equations.VEERG_4_5_1_1__5_FractionVolatileSolidsSolidStorageVariation(G63,G19,G20,G21,G22,G23,G28,G29,G30,G31,G32)} -> 0.4 | H68: {=MMS_Swine_Methane_Equations.VEERG_4_5_1_1__5_FractionVolatileSolidsSolidStorageVariation(H63,H19,H20,H21,H22,H23,H28,H29,H30,H31,H32)} -> 0.4 | I68: =$E$54 -> fraction | N68: Solid storage | O68: {=MMS_Swine_Methane_Equations.VEERG_4_5_1_1__5_FractionVolatileSolidsSolidStorageVariation(E63,E19,E20,E21,E22,E23,O28,O29,O30,O31,O32)} -> 0.4 | P68: {=MMS_Swine_Methane_Equations.VEERG_4_5_1_1__5_FractionVolatileSolidsSolidStorageVariation(F63,F19,F20,F21,F22,F23,P28,P29,P30,P31,P32)} -> 0.4 | Q68: {=MMS_Swine_Methane_Equations.VEERG_4_5_1_1__5_FractionVolatileSolidsSolidStorageVariation(G63,G19,G20,G21,G22,G23,Q28,Q29,Q30,Q31,Q32)} -> 0.4 | R68: {=MMS_Swine_Methane_Equations.VEERG_4_5_1_1__5_FractionVolatileSolidsSolidStorageVariation(H63,H19,H20,H21,H22,H23,R28,R29,R30,R31,R32)} -> 0.4 | S68: =$E$54 -> fraction
D72: {=MMS_Swine_Methane_Equations.VEERG_4_5_1_1__7_VolatileSolidsTransferredStage2_Title()} -> Volatile solids transferred to treatment stage 2 MMS
D73: {=MMS_Swine_Methane_Equations.VEERG_4_5_1_1__7_VolatileSolidsTransferredStage2_Source()} -> VEERG 2026: 4.5.1.1, Equation (7)
D74: Function name | E74: {=Common_InputFunctions.Utility_DisplayFunctionName(E103)} -> =MMS_Swine_Methane_Equations.VEERG_4_5_1_1__7_VolatileSolidsTransferredStage2
D78: Variable | E78: {=MMS_Swine_Methane_Equations.VEERG_4_5_1_1__7_VolatileSolidsTransferredStage2_Variable()} -> VSTijmT2
D79: Unit | E79: {=MMS_Swine_Methane_Equations.VEERG_4_5_1_1__7_VolatileSolidsTransferredStage2_Unit()} -> kg VS
D81: {=Common_InputFunctions.Utility_DisplayArguments_1_2(MMS_Swine_Methane_Equations.VEERG_4_5_1_1__7_VolatileSolidsTransferredStage2_Arguments())} -> VSj | E81: volatile solid production from swine in each class | G81: {=Common_InputFunctions.Utility_DisplayArguments_3_4(MMS_Swine_Methane_Equations.VEERG_4_5_1_1__7_VolatileSolidsTransferredStage2_Arguments())} -> kg/head/day | H81: Input | I81: {=HYPERLINK(Common_InputFunctions.Utility_SourceHyperlink(D85), D85)} -> M1_Table_VS_j
D82: FVSjmT1 | E82: fraction of volatile solids in each primary system | G82: fraction | H82: Calculated from 4.5.1.1 (4)(5) | I82: {=HYPERLINK(Common_InputFunctions.Utility_SourceHyperlink($D$34), $D$34)} -> M1_Table_FVS_j_m_T-1 | J82: {=HYPERLINK(Common_InputFunctions.Utility_SourceHyperlink($D$65), $D$65)} -> M1_Table_FVS_j_m-4_T-1
D83: VSLmT1 | E83: fraction of volatile solids lost during storage in the primary system | G83: fraction | H83: Lookup | I83: {=HYPERLINK(Common_InputFunctions.Utility_SourceHyperlink($D$90), $D$90)} -> Table_VSL_m_T-1
D85: M1_Table_VS_j | N85: M2_Table_VS_j
D86: Daily volatile solid production (Method 1) | N86: Daily volatile solid production (Method 2)
D87: Boars | E87: Sows | F87: Gilts | G87: Others | N87: Boars | O87: Sows | P87: Gilts | Q87: Others
D88: {=OFFSET(X_Table_Swine_ManureProduction_Method1,1,1,1,4)} -> 0.4 | E88: 0.46 | F88: 0.55 | G88: 0.39 | H88: =$G$81 -> kg/head/day | N88: {=OFFSET(X_Table_Swine_ManureProduction_Method2,1,1,1,4)} -> 0.4 | O88: 0.46 | P88: 0.55 | Q88: 0.39 | R88: =$G$81 -> kg/head/day
D90: Table_VSL_m_T-1
D91: Fraction volatile solids lost during storage in primary system
D92: Stage 1 management | E92: VSLm,T=1
D93: =INDEX(X_Table_Swine_Stage1MMS_AnaerobicLagoon,2,1) -> Anaerobic lagoon | E93: {=Common_InputFunctions.Utility_LookupValueInTableNumber(D93,Table_SourceData_SwineVSL[MMS],Table_SourceData_SwineVSL[VSL])} -> 0 | F93: =G83 -> fraction
D94: =INDEX(X_Table_Swine_Stage1MMS_Drylot,2,1) -> Drylot (feed pad) | E94: {=Common_InputFunctions.Utility_LookupValueInTableNumber(D94,Table_SourceData_SwineVSL[MMS],Table_SourceData_SwineVSL[VSL])} -> 0
D95: =INDEX(X_Table_Swine_Stage1MMS_DigesterCoveredLagoons,2,1) -> Digester / covered lagoons | E95: {=Common_InputFunctions.Utility_LookupValueInTableNumber(D95,Table_SourceData_SwineVSL[MMS],Table_SourceData_SwineVSL[VSL])} -> 0.75
D96: =INDEX(X_Table_Swine_Stage1MMS_DeepLitter,2,1) -> Deep litter | E96: {=Common_InputFunctions.Utility_LookupValueInTableNumber(D96,Table_SourceData_SwineVSL[MMS],Table_SourceData_SwineVSL[VSL])} -> 0.05 | G96: create source data in sourcedata file
D97: =INDEX(X_Table_Swine_Stage1MMS_PitStorage,2,1) -> Pit storage | E97: {=Common_InputFunctions.Utility_LookupValueInTableNumber(D97,Table_SourceData_SwineVSL[MMS],Table_SourceData_SwineVSL[VSL])} -> 0
D98: =INDEX(X_Table_Swine_Stage1MMS_SolidStorage,2,1) -> Solid storage (before solid separation) | E98: {=Common_InputFunctions.Utility_LookupValueInTableNumber(D98,Table_SourceData_SwineVSL[MMS],Table_SourceData_SwineVSL[VSL])} -> 0
D100: M1 Table_VST_j_m_T-2 | N100: M2 Table_VST_j_m_T-2
D101: Volatile solids transferred from stage 1 to stage 2 (Method 1) | N101: Volatile solids transferred from stage 1 to stage 2 (Method 2)
D102: Stage 1 management | E102: Boars | F102: Sows | G102: Gilts | H102: Others | N102: Stage 1 management | O102: Boars | P102: Sows | Q102: Gilts | R102: Others
D103: =INDEX(X_Table_Swine_Stage1MMS_AnaerobicLagoon,2,1) -> Anaerobic lagoon | E103: {=MMS_Swine_Methane_Equations.VEERG_4_5_1_1__7_VolatileSolidsTransferredStage2(D$88,E37,$E93)} -> 0.048 | F103: {=MMS_Swine_Methane_Equations.VEERG_4_5_1_1__7_VolatileSolidsTransferredStage2(E$88,F37,$E93)} -> 0.0552 | G103: {=MMS_Swine_Methane_Equations.VEERG_4_5_1_1__7_VolatileSolidsTransferredStage2(F$88,G37,$E93)} -> 0.066 | H103: {=MMS_Swine_Methane_Equations.VEERG_4_5_1_1__7_VolatileSolidsTransferredStage2(G$88,H37,$E93)} -> 0.0468 | I103: =$E$79 -> kg VS | N103: =INDEX(X_Table_Swine_Stage1MMS_AnaerobicLagoon,2,1) -> Anaerobic lagoon | O103: {=MMS_Swine_Methane_Equations.VEERG_4_5_1_1__7_VolatileSolidsTransferredStage2(N$88,O37,$E93)} -> 0.048 | P103: {=MMS_Swine_Methane_Equations.VEERG_4_5_1_1__7_VolatileSolidsTransferredStage2(O$88,P37,$E93)} -> 0.0552 | Q103: {=MMS_Swine_Methane_Equations.VEERG_4_5_1_1__7_VolatileSolidsTransferredStage2(P$88,Q37,$E93)} -> 0.066 | R103: {=MMS_Swine_Methane_Equations.VEERG_4_5_1_1__7_VolatileSolidsTransferredStage2(Q$88,R37,$E93)} -> 0.0468 | S103: =$E$79 -> kg VS
D104: =INDEX(X_Table_Swine_Stage1MMS_Drylot,2,1) -> Drylot (feed pad) | E104: {=MMS_Swine_Methane_Equations.VEERG_4_5_1_1__7_VolatileSolidsTransferredStage2(D$88,E38,$E94)} -> 0.048 | F104: {=MMS_Swine_Methane_Equations.VEERG_4_5_1_1__7_VolatileSolidsTransferredStage2(E$88,F38,$E94)} -> 0.0552 | G104: {=MMS_Swine_Methane_Equations.VEERG_4_5_1_1__7_VolatileSolidsTransferredStage2(F$88,G38,$E94)} -> 0.066 | H104: {=MMS_Swine_Methane_Equations.VEERG_4_5_1_1__7_VolatileSolidsTransferredStage2(G$88,H38,$E94)} -> 0.0468 | N104: =INDEX(X_Table_Swine_Stage1MMS_Drylot,2,1) -> Drylot (feed pad) | O104: {=MMS_Swine_Methane_Equations.VEERG_4_5_1_1__7_VolatileSolidsTransferredStage2(N$88,O38,$E94)} -> 0.048 | P104: {=MMS_Swine_Methane_Equations.VEERG_4_5_1_1__7_VolatileSolidsTransferredStage2(O$88,P38,$E94)} -> 0.0552 | Q104: {=MMS_Swine_Methane_Equations.VEERG_4_5_1_1__7_VolatileSolidsTransferredStage2(P$88,Q38,$E94)} -> 0.066 | R104: {=MMS_Swine_Methane_Equations.VEERG_4_5_1_1__7_VolatileSolidsTransferredStage2(Q$88,R38,$E94)} -> 0.0468
D105: =INDEX(X_Table_Swine_Stage1MMS_DigesterCoveredLagoons,2,1) -> Digester / covered lagoons | E105: {=MMS_Swine_Methane_Equations.VEERG_4_5_1_1__7_VolatileSolidsTransferredStage2(D$88,E39,$E95)} -> 0.012 | F105: {=MMS_Swine_Methane_Equations.VEERG_4_5_1_1__7_VolatileSolidsTransferredStage2(E$88,F39,$E95)} -> 0.0138 | G105: {=MMS_Swine_Methane_Equations.VEERG_4_5_1_1__7_VolatileSolidsTransferredStage2(F$88,G39,$E95)} -> 0.0165 | H105: {=MMS_Swine_Methane_Equations.VEERG_4_5_1_1__7_VolatileSolidsTransferredStage2(G$88,H39,$E95)} -> 0.0117 | N105: =INDEX(X_Table_Swine_Stage1MMS_DigesterCoveredLagoons,2,1) -> Digester / covered lagoons | O105: {=MMS_Swine_Methane_Equations.VEERG_4_5_1_1__7_VolatileSolidsTransferredStage2(N$88,O39,$E95)} -> 0.012 | P105: {=MMS_Swine_Methane_Equations.VEERG_4_5_1_1__7_VolatileSolidsTransferredStage2(O$88,P39,$E95)} -> 0.0138 | Q105: {=MMS_Swine_Methane_Equations.VEERG_4_5_1_1__7_VolatileSolidsTransferredStage2(P$88,Q39,$E95)} -> 0.0165 | R105: {=MMS_Swine_Methane_Equations.VEERG_4_5_1_1__7_VolatileSolidsTransferredStage2(Q$88,R39,$E95)} -> 0.0117
D106: =INDEX(X_Table_Swine_Stage1MMS_DeepLitter,2,1) -> Deep litter | E106: {=MMS_Swine_Methane_Equations.VEERG_4_5_1_1__7_VolatileSolidsTransferredStage2(D$88,E40,$E96)} -> 0.0456 | F106: {=MMS_Swine_Methane_Equations.VEERG_4_5_1_1__7_VolatileSolidsTransferredStage2(E$88,F40,$E96)} -> 0.05244 | G106: {=MMS_Swine_Methane_Equations.VEERG_4_5_1_1__7_VolatileSolidsTransferredStage2(F$88,G40,$E96)} -> 0.0627 | H106: {=MMS_Swine_Methane_Equations.VEERG_4_5_1_1__7_VolatileSolidsTransferredStage2(G$88,H40,$E96)} -> 0.04446 | N106: =INDEX(X_Table_Swine_Stage1MMS_DeepLitter,2,1) -> Deep litter | O106: {=MMS_Swine_Methane_Equations.VEERG_4_5_1_1__7_VolatileSolidsTransferredStage2(N$88,O40,$E96)} -> 0.0456 | P106: {=MMS_Swine_Methane_Equations.VEERG_4_5_1_1__7_VolatileSolidsTransferredStage2(O$88,P40,$E96)} -> 0.05244 | Q106: {=MMS_Swine_Methane_Equations.VEERG_4_5_1_1__7_VolatileSolidsTransferredStage2(P$88,Q40,$E96)} -> 0.0627 | R106: {=MMS_Swine_Methane_Equations.VEERG_4_5_1_1__7_VolatileSolidsTransferredStage2(Q$88,R40,$E96)} -> 0.04446
D107: =INDEX(X_Table_Swine_Stage1MMS_PitStorage,2,1) -> Pit storage | E107: {=MMS_Swine_Methane_Equations.VEERG_4_5_1_1__7_VolatileSolidsTransferredStage2(D$88,E41,$E97)} -> 0.048 | F107: {=MMS_Swine_Methane_Equations.VEERG_4_5_1_1__7_VolatileSolidsTransferredStage2(E$88,F41,$E97)} -> 0.0552 | G107: {=MMS_Swine_Methane_Equations.VEERG_4_5_1_1__7_VolatileSolidsTransferredStage2(F$88,G41,$E97)} -> 0.066 | H107: {=MMS_Swine_Methane_Equations.VEERG_4_5_1_1__7_VolatileSolidsTransferredStage2(G$88,H41,$E97)} -> 0.0468 | N107: =INDEX(X_Table_Swine_Stage1MMS_PitStorage,2,1) -> Pit storage | O107: {=MMS_Swine_Methane_Equations.VEERG_4_5_1_1__7_VolatileSolidsTransferredStage2(N$88,O41,$E97)} -> 0.048 | P107: {=MMS_Swine_Methane_Equations.VEERG_4_5_1_1__7_VolatileSolidsTransferredStage2(O$88,P41,$E97)} -> 0.0552 | Q107: {=MMS_Swine_Methane_Equations.VEERG_4_5_1_1__7_VolatileSolidsTransferredStage2(P$88,Q41,$E97)} -> 0.066 | R107: {=MMS_Swine_Methane_Equations.VEERG_4_5_1_1__7_VolatileSolidsTransferredStage2(Q$88,R41,$E97)} -> 0.0468
D108: Solid storage | E108: {=MMS_Swine_Methane_Equations.VEERG_4_5_1_1__7_VolatileSolidsTransferredStage2(D$88,E68,$E98)} -> 0.16 | F108: {=MMS_Swine_Methane_Equations.VEERG_4_5_1_1__7_VolatileSolidsTransferredStage2(E$88,F68,$E98)} -> 0.184 | G108: {=MMS_Swine_Methane_Equations.VEERG_4_5_1_1__7_VolatileSolidsTransferredStage2(F$88,G68,$E98)} -> 0.22 | H108: {=MMS_Swine_Methane_Equations.VEERG_4_5_1_1__7_VolatileSolidsTransferredStage2(G$88,H68,$E98)} -> 0.156 | N108: Solid storage | O108: {=MMS_Swine_Methane_Equations.VEERG_4_5_1_1__7_VolatileSolidsTransferredStage2(N$88,O68,$E98)} -> 0.16 | P108: {=MMS_Swine_Methane_Equations.VEERG_4_5_1_1__7_VolatileSolidsTransferredStage2(O$88,P68,$E98)} -> 0.184 | Q108: {=MMS_Swine_Methane_Equations.VEERG_4_5_1_1__7_VolatileSolidsTransferredStage2(P$88,Q68,$E98)} -> 0.22 | R108: {=MMS_Swine_Methane_Equations.VEERG_4_5_1_1__7_VolatileSolidsTransferredStage2(Q$88,R68,$E98)} -> 0.156
D112: {=MMS_Swine_Methane_Equations.VEERG_4_5_1_1__6_Stage2MethaneProduction_Title()} -> Production of methane in each treatment stage 2 MMS
D113: {=MMS_Swine_Methane_Equations.VEERG_4_5_1_1__6_Stage2MethaneProduction_Source()} -> VEERG 2026: 4.5.1.1, Equation (6)
D114: Function name | E114: {=Common_InputFunctions.Utility_DisplayFunctionName(F165)} -> =MMS_Swine_Methane_Equations.VEERG_4_5_1_1__6_Stage2MethaneProduction
D118: Variable | E118: {=MMS_Swine_Methane_Equations.VEERG_4_5_1_1__6_Stage2MethaneProduction_Variable()} -> MijmT2
D119: Unit | E119: {=MMS_Swine_Methane_Equations.VEERG_4_5_1_1__6_Stage2MethaneProduction_Unit()} -> kg CH4/head/day
D121: {=Common_InputFunctions.Utility_DisplayArguments_1_2(MMS_Swine_Methane_Equations.VEERG_4_5_1_1__6_Stage2MethaneProduction_Arguments())} -> VSTjmT2 | E121: volatile solids transferred to treatment stage 2 MMS | G121: {=Common_InputFunctions.Utility_DisplayArguments_3_4(MMS_Swine_Methane_Equations.VEERG_4_5_1_1__6_Stage2MethaneProduction_Arguments())} -> kg/head/day | H121: Calculated from 4.5.1.1 (7) | I121: {=HYPERLINK(Common_InputFunctions.Utility_SourceHyperlink($D$100), $D$100)} -> M1 Table_VST_j_m_T-2 | N121: {=Common_InputFunctions.Utility_DisplayArguments_1_2(MMS_Swine_Methane_Equations.VEERG_4_5_1_1__6_Stage2MethaneProduction_Arguments_Method2())} -> VSTjmT2 | O121: volatile solids transferred to treatment stage 2 MMS | Q121: {=Common_InputFunctions.Utility_DisplayArguments_3_4(MMS_Swine_Methane_Equations.VEERG_4_5_1_1__6_Stage2MethaneProduction_Arguments_Method2())} -> kg/head/day | R121: Calculated from 4.5.1.1 (7)
D122: BO | E122: emissions potential | G122: m3 CH4/kg VS | H122: Constant | I122: =SourceData_Swine_MethaneVolatileSolidsEmissionsPotential_Data -> 0.19 | N122: BO | O122: emissions potential | Q122: m3 CH4/kg VS | R122: Constant | S122: =SourceData_Swine_MethaneVolatileSolidsEmissionsPotential_Data -> 0.19
D123: MMSjmT2 | E123: fraction of manure in each secondary system | G123: fraction | H123: Input | I123: {=HYPERLINK(Common_InputFunctions.Utility_SourceHyperlink($D$128), $D$128)} -> Table_MMS_j_m_T-2 | N123: MMSjmT2 | O123: fraction of manure in each secondary system | Q123: fraction | R123: Input
D124: MCFim | E124: methane conversion factor for temperate zone and system | G124: fraction | H124: Constant | I124: {=HYPERLINK(Common_InputFunctions.Utility_SourceHyperlink($D$152), $D$152)} -> M1_Table_MCF_i_m | N124: MCFim | O124: methane conversion factor for temperate zone and system | Q124: fraction | R124: Constant
D125: rho | E125: density of methane | G125: kg/m3 | H125: Constant | I125: =Common_SourceData_DensityOfMethane_Data -> 0.6784 | N125: rho | O125: density of methane | Q125: kg/m3 | R125: Constant
D126: i | E126: state | H126: Input | I126: =X_Cell_Site_State -> Western Australia | N126: MAT | O126: Mean annual temperature | Q126: °C | R126: Input | S126: =X_Cell_Site_AverageTemperature -> 18
D128: Table_MMS_j_m_T-2
D129: Fraction of manure in each secondary system
D130: Stage 1 management | E130: Stage 2 management | F130: Boars | G130: Sows | H130: Gilts | I130: Others
D131: =INDEX(X_Table_Swine_Stage1MMS_AnaerobicLagoon,2,1) -> Anaerobic lagoon | E131: {=OFFSET(X_Table_Swine_Stage2MMS_From_AnaerobicLagoon,1,0,3,5)} -> Digester / covered lagoons | F131: 0.2 | G131: 0.25 | H131: 0.25 | I131: 0.25 | J131: =$G$123 -> fraction
...

Sheet 4.5.1.3-4 Direct N2O
A1: #VALUE! | C1: 4.5.1.3-4 Manure Direct N2O
A3: =HYPERLINK("#'Home'!A1", "Home") -> Home | D3: Method 1 | N3: Method 2
A4: =HYPERLINK("#'Overview'!A1", "Overview") -> Overview
A5: =HYPERLINK("#'Results'!A1", "Results") -> Results | D5: {=MMS_Swine_N2ODirect_Equations.VEERG_4_5_1_3__5_AnnualNitrogenExcretion_Title()} -> Annual nitrogen excretion from each swine group
D6: {=MMS_Swine_N2ODirect_Equations.VEERG_4_5_1_3__5_AnnualNitrogenExcretion_Source()} -> VEERG 2026: 4.5.1.3, Equation (5)
D7: Function name | E7: {=Common_InputFunctions.Utility_DisplayFunctionName($E$35)} -> =MMS_Swine_N2ODirect_Equations.VEERG_4_5_1_3__5_AnnualNitrogenExcretion
A8: INPUTS
A9: =HYPERLINK("#'Input - Site'!A1", "Site") -> Site
A10: =HYPERLINK("#'Input - Swine'!A1", "Swine") -> Swine | D10: Variable | E10: {=MMS_Swine_N2ODirect_Equations.VEERG_4_5_1_3__5_AnnualNitrogenExcretion_Variable()} -> AE_j
D11: Unit | E11: {=MMS_Swine_N2ODirect_Equations.VEERG_4_5_1_3__5_AnnualNitrogenExcretion_Unit()} -> kg N
A13: CALCULATIONS | D13: {=Common_InputFunctions.Utility_DisplayArguments_1_2(MMS_Swine_N2ODirect_Equations.VEERG_4_5_1_3__5_AnnualNitrogenExcretion_Arguments())} -> N_j | E13: number of swine in each group | G13: {=Common_InputFunctions.Utility_DisplayArguments_3_4(MMS_Swine_N2ODirect_Equations.VEERG_4_5_1_3__5_AnnualNitrogenExcretion_Arguments())} -> head | H13: Input | I13: {=HYPERLINK(Common_InputFunctions.Utility_SourceHyperlink(D17), D17)} -> Table_N_j
A14: =HYPERLINK("#'4.5.1.1-2 Methane'!A1", "4.5.1.1-2 Methane") -> 4.5.1.1-2 Methane | D14: NW_j | E14: nitrogen produced in swine manure and waste feed in each class | G14: kg N/head/day | H14: Input | I14: {=HYPERLINK(Common_InputFunctions.Utility_SourceHyperlink(D22), D22)} -> M1_Table_NW_j
A15: =HYPERLINK("#'4.5.1.3-4 Direct N2O'!A1", "4.5.1.3-4 Direct N2O") -> 4.5.1.3-4 Direct N2O | D15: D_j | E15: duration of stay of swine group | G15: days | H15: Input | I15: {=HYPERLINK(Common_InputFunctions.Utility_SourceHyperlink(D27), D27)} -> Table_D_j
A16: =HYPERLINK("#'4.5.1.5-6 Atmos Dep'!A1", "4.5.1.5-6 Atmos Dep") -> 4.5.1.5-6 Atmos Dep
A17: =HYPERLINK("#'4.5.1.7-8 Leaching and runoff'!A1", "4.5.1.7-8 Leaching and runoff") -> 4.5.1.7-8 Leaching and runoff | D17: Table_N_j
A18: =HYPERLINK("#'4.5.1.9 Manure applied to soils'!A1", "4.5.1.9 Manure applied to soils") -> 4.5.1.9 Manure applied to soils | D18: Number of head for each swine class
D19: Boars | E19: Sows | F19: Gilts | G19: Others
D20: {=OFFSET(X_Table_Swine_HerdMovement,2,1,1,4)} -> 100 | E20: 100 | F20: 100 | G20: 100 | H20: =G13 -> head
A21: APPENDICES
A22: =HYPERLINK("#'Constants - Swine'!A1", "Constants - Swine") -> Constants - Swine | D22: M1_Table_NW_j | N22: M2_Table_NW_j
A23: =HYPERLINK("#'Constants - Common'!A1", "Constants - Common") -> Constants - Common | D23: Nitrogen produced per class (Method 1) | N23: Nitrogen produced per class (Method 2)
A24: =HYPERLINK("#'Constants - Common livestock'!A1", "Constants - Common livestock") -> Constants - Common livestock | D24: Boars | E24: Sows | F24: Gilts | G24: Others | N24: Boars | O24: Sows | P24: Gilts | Q24: Others
A25: =HYPERLINK("#'Acknowledgements'!A1", "Acknowledgements") -> Acknowledgements | D25: {=OFFSET(X_Table_Swine_ManureProduction_Method1,2,1,1,4)} -> 0.046 | E25: 0.049 | F25: 0.046 | G25: 0.0312 | H25: =G14 -> kg N/head/day | N25: {=OFFSET(X_Table_Swine_ManureProduction_Method2,2,1,1,4)} -> 0.046 | O25: 0.049 | P25: 0.046 | Q25: 0.0312 | R25: =G14 -> kg N/head/day
A26: =HYPERLINK("#'Tab template'!A1", "Tab template") -> Tab template
D27: Table_D_j
D28: Duration of stay for each swine class
D29: Boars | E29: Sows | F29: Gilts | G29: Others
D30: {=OFFSET(X_Table_Swine_HerdMovement,1,1,1,4)} -> 365 | E30: 365 | F30: 365 | G30: 365 | H30: =G15 -> days
D32: M1_Table_AE_j | N32: M2_Table_AE_j
D33: Annual nitrogen excretion (Method 1) | N33: Annual nitrogen excretion (Method 2)
D34: Boars | E34: Sows | F34: Gilts | G34: Others | N34: Boars | O34: Sows | P34: Gilts | Q34: Others
D35: {=MMS_Swine_N2ODirect_Equations.VEERG_4_5_1_3__5_AnnualNitrogenExcretion(D20,D25,D30)} -> 1679 | E35: {=MMS_Swine_N2ODirect_Equations.VEERG_4_5_1_3__5_AnnualNitrogenExcretion(E20,E25,E30)} -> 1788.5 | F35: {=MMS_Swine_N2ODirect_Equations.VEERG_4_5_1_3__5_AnnualNitrogenExcretion(F20,F25,F30)} -> 1679 | G35: {=MMS_Swine_N2ODirect_Equations.VEERG_4_5_1_3__5_AnnualNitrogenExcretion(G20,G25,G30)} -> 1138.8 | H35: =$E$11 -> kg N | N35: {=MMS_Swine_N2ODirect_Equations.VEERG_4_5_1_3__5_AnnualNitrogenExcretion(D20,N25,D30)} -> 1679 | O35: {=MMS_Swine_N2ODirect_Equations.VEERG_4_5_1_3__5_AnnualNitrogenExcretion(E20,O25,E30)} -> 1788.5 | P35: {=MMS_Swine_N2ODirect_Equations.VEERG_4_5_1_3__5_AnnualNitrogenExcretion(F20,P25,F30)} -> 1679 | Q35: {=MMS_Swine_N2ODirect_Equations.VEERG_4_5_1_3__5_AnnualNitrogenExcretion(G20,Q25,G30)} -> 1138.8 | R35: =$E$11 -> kg N
D39: {=MMS_Swine_N2ODirect_Equations.VEERG_4_5_1_3__3_FractionOfNitrogenInPrimaryMMS_Title()} -> Fraction of nitrogen in each primary MMS (excluding solid storage)
D40: {=MMS_Swine_N2ODirect_Equations.VEERG_4_5_1_3__3_FractionOfNitrogenInPrimaryMMS_Source()} -> VEERG 2026: 4.5.1.3, Equation (3)
D41: Function name | E41: {=Common_InputFunctions.Utility_DisplayFunctionName($E$71)} -> =MMS_Swine_N2ODirect_Equations.VEERG_4_5_1_3__3_FractionOfNitrogenInPrimaryMMS
D44: Variable | E44: {=MMS_Swine_N2ODirect_Equations.VEERG_4_5_1_3__3_FractionOfNitrogenInPrimaryMMS_Variable()} -> FN_jmT1
D45: Unit | E45: {=MMS_Swine_N2ODirect_Equations.VEERG_4_5_1_3__3_FractionOfNitrogenInPrimaryMMS_Unit()} -> fraction
D47: {=Common_InputFunctions.Utility_DisplayArguments_1_2(MMS_Swine_N2ODirect_Equations.VEERG_4_5_1_3__3_FractionOfNitrogenInPrimaryMMS_Arguments())} -> MMS_jmT1 | E47: fraction of manure in primary MMS | G47: {=Common_InputFunctions.Utility_DisplayArguments_3_4(MMS_Swine_N2ODirect_Equations.VEERG_4_5_1_3__3_FractionOfNitrogenInPrimaryMMS_Arguments())} -> fraction | H47: Input | I47: {=HYPERLINK(Common_InputFunctions.Utility_SourceHyperlink(D50), D50)} -> Table_MMS_j_m-1-7-9-8_T-1
D48: SN_m | E48: fraction of nitrogen separated to solid storage for each MMS | G48: fraction | H48: Input | I48: {=HYPERLINK(Common_InputFunctions.Utility_SourceHyperlink(D59), D59)} -> M1_Table_SN_m-1-7-9
D50: Table_MMS_j_m-1-7-9-8_T-1
D51: Fraction N sent to MMS other than solid storage in stage 1
D52: Stage 1 management | E52: Boars | F52: Sows | G52: Gilts | H52: Others
D53: =INDEX(X_Table_Swine_Stage1MMS_AnaerobicLagoon,2,1) -> Anaerobic lagoon | E53: {=OFFSET(X_Table_Swine_Stage1MMS_AnaerobicLagoon,1,1,1,4)} -> 0.15 | F53: 0.15 | G53: 0.15 | H53: 0.15 | I53: =G47 -> fraction
D54: =INDEX(X_Table_Swine_Stage1MMS_Drylot,2,1) -> Drylot (feed pad) | E54: {=OFFSET(X_Table_Swine_Stage1MMS_Drylot,1,1,1,4)} -> 0.15 | F54: 0.15 | G54: 0.15 | H54: 0.15
D55: =INDEX(X_Table_Swine_Stage1MMS_DigesterCoveredLagoons,2,1) -> Digester / covered lagoons | E55: {=OFFSET(X_Table_Swine_Stage1MMS_DigesterCoveredLagoons,1,1,1,4)} -> 0.15 | F55: 0.15 | G55: 0.15 | H55: 0.15
D56: =INDEX(X_Table_Swine_Stage1MMS_DeepLitter,2,1) -> Deep litter | E56: {=OFFSET(X_Table_Swine_Stage1MMS_DeepLitter,1,1,1,4)} -> 0.15 | F56: 0.15 | G56: 0.15 | H56: 0.15
D57: =INDEX(X_Table_Swine_Stage1MMS_PitStorage,2,1) -> Pit storage | E57: {=OFFSET(X_Table_Swine_Stage1MMS_PitStorage,1,1,1,4)} -> 0.15 | F57: 0.15 | G57: 0.15 | H57: 0.15
D59: M1_Table_SN_m-1-7-9 | N59: M2_Table_SN_m-1-7-9
D60: Fraction of nitrogen separated to solid storage (Method 1) | N60: Fraction of nitrogen separated to solid storage (Method 2)
D61: Stage 1 management | E61: Boars | F61: Sows | G61: Gilts | H61: Others | N61: Stage 1 management | O61: Boars | P61: Sows | Q61: Gilts | R61: Others
D62: =INDEX(X_Table_Swine_Stage1MMS_AnaerobicLagoon,2,1) -> Anaerobic lagoon | E62: =X_Cell_Swine_Stage1MMS_AnaerobicLagoon_AmountSeparated_Method1 -> 0.2 | F62: =X_Cell_Swine_Stage1MMS_AnaerobicLagoon_AmountSeparated_Method1 -> 0.2 | G62: =X_Cell_Swine_Stage1MMS_AnaerobicLagoon_AmountSeparated_Method1 -> 0.2 | H62: =X_Cell_Swine_Stage1MMS_AnaerobicLagoon_AmountSeparated_Method1 -> 0.2 | I62: =G48 -> fraction | N62: =INDEX(X_Table_Swine_Stage1MMS_AnaerobicLagoon,2,1) -> Anaerobic lagoon | O62: =X_Cell_Swine_Stage1MMS_AnaerobicLagoon_AmountSeparated_Method2 -> 0.2 | P62: =X_Cell_Swine_Stage1MMS_AnaerobicLagoon_AmountSeparated_Method2 -> 0.2 | Q62: =X_Cell_Swine_Stage1MMS_AnaerobicLagoon_AmountSeparated_Method2 -> 0.2 | R62: =X_Cell_Swine_Stage1MMS_AnaerobicLagoon_AmountSeparated_Method2 -> 0.2 | S62: =G48 -> fraction
D63: =INDEX(X_Table_Swine_Stage1MMS_Drylot,2,1) -> Drylot (feed pad) | E63: =X_Cell_Swine_Stage1MMS_Drylot_AmountSeparated_Method1 -> 0.2 | F63: =X_Cell_Swine_Stage1MMS_Drylot_AmountSeparated_Method1 -> 0.2 | G63: =X_Cell_Swine_Stage1MMS_Drylot_AmountSeparated_Method1 -> 0.2 | H63: =X_Cell_Swine_Stage1MMS_Drylot_AmountSeparated_Method1 -> 0.2 | N63: =INDEX(X_Table_Swine_Stage1MMS_Drylot,2,1) -> Drylot (feed pad) | O63: =X_Cell_Swine_Stage1MMS_Drylot_AmountSeparated_Method2 -> 0.2 | P63: =X_Cell_Swine_Stage1MMS_Drylot_AmountSeparated_Method2 -> 0.2 | Q63: =X_Cell_Swine_Stage1MMS_Drylot_AmountSeparated_Method2 -> 0.2 | R63: =X_Cell_Swine_Stage1MMS_Drylot_AmountSeparated_Method2 -> 0.2
D64: =INDEX(X_Table_Swine_Stage1MMS_DigesterCoveredLagoons,2,1) -> Digester / covered lagoons | E64: =X_Cell_Swine_Stage1MMS_DigesterCoveredLagoons_AmountSeparated_Method1 -> 0.2 | F64: =X_Cell_Swine_Stage1MMS_DigesterCoveredLagoons_AmountSeparated_Method1 -> 0.2 | G64: =X_Cell_Swine_Stage1MMS_DigesterCoveredLagoons_AmountSeparated_Method1 -> 0.2 | H64: =X_Cell_Swine_Stage1MMS_DigesterCoveredLagoons_AmountSeparated_Method1 -> 0.2 | N64: =INDEX(X_Table_Swine_Stage1MMS_DigesterCoveredLagoons,2,1) -> Digester / covered lagoons | O64: =X_Cell_Swine_Stage1MMS_DigesterCoveredLagoons_AmountSeparated_Method2 -> 0.2 | P64: =X_Cell_Swine_Stage1MMS_DigesterCoveredLagoons_AmountSeparated_Method2 -> 0.2 | Q64: =X_Cell_Swine_Stage1MMS_DigesterCoveredLagoons_AmountSeparated_Method2 -> 0.2 | R64: =X_Cell_Swine_Stage1MMS_DigesterCoveredLagoons_AmountSeparated_Method2 -> 0.2
D65: =INDEX(X_Table_Swine_Stage1MMS_DeepLitter,2,1) -> Deep litter | E65: =X_Cell_Swine_Stage1MMS_DeepLitter_AmountSeparated_Method1 -> 0.2 | F65: =X_Cell_Swine_Stage1MMS_DeepLitter_AmountSeparated_Method1 -> 0.2 | G65: =X_Cell_Swine_Stage1MMS_DeepLitter_AmountSeparated_Method1 -> 0.2 | H65: =X_Cell_Swine_Stage1MMS_DeepLitter_AmountSeparated_Method1 -> 0.2 | N65: =INDEX(X_Table_Swine_Stage1MMS_DeepLitter,2,1) -> Deep litter | O65: =X_Cell_Swine_Stage1MMS_DeepLitter_AmountSeparated_Method2 -> 0.2 | P65: =X_Cell_Swine_Stage1MMS_DeepLitter_AmountSeparated_Method2 -> 0.2 | Q65: =X_Cell_Swine_Stage1MMS_DeepLitter_AmountSeparated_Method2 -> 0.2 | R65: =X_Cell_Swine_Stage1MMS_DeepLitter_AmountSeparated_Method2 -> 0.2
D66: =INDEX(X_Table_Swine_Stage1MMS_PitStorage,2,1) -> Pit storage | E66: =X_Cell_Swine_Stage1MMS_PitStorage_AmountSeparated_Method1 -> 0.2 | F66: =X_Cell_Swine_Stage1MMS_PitStorage_AmountSeparated_Method1 -> 0.2 | G66: =X_Cell_Swine_Stage1MMS_PitStorage_AmountSeparated_Method1 -> 0.2 | H66: =X_Cell_Swine_Stage1MMS_PitStorage_AmountSeparated_Method1 -> 0.2 | N66: =INDEX(X_Table_Swine_Stage1MMS_PitStorage,2,1) -> Pit storage | O66: =X_Cell_Swine_Stage1MMS_PitStorage_AmountSeparated_Method2 -> 0.2 | P66: =X_Cell_Swine_Stage1MMS_PitStorage_AmountSeparated_Method2 -> 0.2 | Q66: =X_Cell_Swine_Stage1MMS_PitStorage_AmountSeparated_Method2 -> 0.2 | R66: =X_Cell_Swine_Stage1MMS_PitStorage_AmountSeparated_Method2 -> 0.2
D68: M1_Table_FN_j_m_T-1 | N68: M2_Table_FN_j_m_T-1
D69: Fraction N in each primary MMS (Method 1) | N69: Fraction N in each primary MMS (Method 2)
D70: Stage 1 management | E70: Boars | F70: Sows | G70: Gilts | H70: Others | N70: Stage 1 management | O70: Boars | P70: Sows | Q70: Gilts | R70: Others
D71: =INDEX(X_Table_Swine_Stage1MMS_AnaerobicLagoon,2,1) -> Anaerobic lagoon | E71: {=MMS_Swine_N2ODirect_Equations.VEERG_4_5_1_3__3_FractionOfNitrogenInPrimaryMMS(E53,E62)} -> 0.12 | F71: {=MMS_Swine_N2ODirect_Equations.VEERG_4_5_1_3__3_FractionOfNitrogenInPrimaryMMS(F53,F62)} -> 0.12 | G71: {=MMS_Swine_N2ODirect_Equations.VEERG_4_5_1_3__3_FractionOfNitrogenInPrimaryMMS(G53,G62)} -> 0.12 | H71: {=MMS_Swine_N2ODirect_Equations.VEERG_4_5_1_3__3_FractionOfNitrogenInPrimaryMMS(H53,H62)} -> 0.12 | I71: =$E$45 -> fraction | N71: =INDEX(X_Table_Swine_Stage1MMS_AnaerobicLagoon,2,1) -> Anaerobic lagoon | O71: {=MMS_Swine_N2ODirect_Equations.VEERG_4_5_1_3__3_FractionOfNitrogenInPrimaryMMS(E53,O62)} -> 0.12 | P71: {=MMS_Swine_N2ODirect_Equations.VEERG_4_5_1_3__3_FractionOfNitrogenInPrimaryMMS(F53,P62)} -> 0.12 | Q71: {=MMS_Swine_N2ODirect_Equations.VEERG_4_5_1_3__3_FractionOfNitrogenInPrimaryMMS(G53,Q62)} -> 0.12 | R71: {=MMS_Swine_N2ODirect_Equations.VEERG_4_5_1_3__3_FractionOfNitrogenInPrimaryMMS(H53,R62)} -> 0.12 | S71: =$E$45 -> fraction
D72: =INDEX(X_Table_Swine_Stage1MMS_Drylot,2,1) -> Drylot (feed pad) | E72: {=MMS_Swine_N2ODirect_Equations.VEERG_4_5_1_3__3_FractionOfNitrogenInPrimaryMMS(E54,E63)} -> 0.12 | F72: {=MMS_Swine_N2ODirect_Equations.VEERG_4_5_1_3__3_FractionOfNitrogenInPrimaryMMS(F54,F63)} -> 0.12 | G72: {=MMS_Swine_N2ODirect_Equations.VEERG_4_5_1_3__3_FractionOfNitrogenInPrimaryMMS(G54,G63)} -> 0.12 | H72: {=MMS_Swine_N2ODirect_Equations.VEERG_4_5_1_3__3_FractionOfNitrogenInPrimaryMMS(H54,H63)} -> 0.12 | N72: =INDEX(X_Table_Swine_Stage1MMS_Drylot,2,1) -> Drylot (feed pad) | O72: {=MMS_Swine_N2ODirect_Equations.VEERG_4_5_1_3__3_FractionOfNitrogenInPrimaryMMS(E54,O63)} -> 0.12 | P72: {=MMS_Swine_N2ODirect_Equations.VEERG_4_5_1_3__3_FractionOfNitrogenInPrimaryMMS(F54,P63)} -> 0.12 | Q72: {=MMS_Swine_N2ODirect_Equations.VEERG_4_5_1_3__3_FractionOfNitrogenInPrimaryMMS(G54,Q63)} -> 0.12 | R72: {=MMS_Swine_N2ODirect_Equations.VEERG_4_5_1_3__3_FractionOfNitrogenInPrimaryMMS(H54,R63)} -> 0.12
D73: =INDEX(X_Table_Swine_Stage1MMS_DigesterCoveredLagoons,2,1) -> Digester / covered lagoons | E73: {=MMS_Swine_N2ODirect_Equations.VEERG_4_5_1_3__3_FractionOfNitrogenInPrimaryMMS(E55,E64)} -> 0.12 | F73: {=MMS_Swine_N2ODirect_Equations.VEERG_4_5_1_3__3_FractionOfNitrogenInPrimaryMMS(F55,F64)} -> 0.12 | G73: {=MMS_Swine_N2ODirect_Equations.VEERG_4_5_1_3__3_FractionOfNitrogenInPrimaryMMS(G55,G64)} -> 0.12 | H73: {=MMS_Swine_N2ODirect_Equations.VEERG_4_5_1_3__3_FractionOfNitrogenInPrimaryMMS(H55,H64)} -> 0.12 | N73: =INDEX(X_Table_Swine_Stage1MMS_DigesterCoveredLagoons,2,1) -> Digester / covered lagoons | O73: {=MMS_Swine_N2ODirect_Equations.VEERG_4_5_1_3__3_FractionOfNitrogenInPrimaryMMS(E55,O64)} -> 0.12 | P73: {=MMS_Swine_N2ODirect_Equations.VEERG_4_5_1_3__3_FractionOfNitrogenInPrimaryMMS(F55,P64)} -> 0.12 | Q73: {=MMS_Swine_N2ODirect_Equations.VEERG_4_5_1_3__3_FractionOfNitrogenInPrimaryMMS(G55,Q64)} -> 0.12 | R73: {=MMS_Swine_N2ODirect_Equations.VEERG_4_5_1_3__3_FractionOfNitrogenInPrimaryMMS(H55,R64)} -> 0.12
D74: =INDEX(X_Table_Swine_Stage1MMS_DeepLitter,2,1) -> Deep litter | E74: {=MMS_Swine_N2ODirect_Equations.VEERG_4_5_1_3__3_FractionOfNitrogenInPrimaryMMS(E56,E65)} -> 0.12 | F74: {=MMS_Swine_N2ODirect_Equations.VEERG_4_5_1_3__3_FractionOfNitrogenInPrimaryMMS(F56,F65)} -> 0.12 | G74: {=MMS_Swine_N2ODirect_Equations.VEERG_4_5_1_3__3_FractionOfNitrogenInPrimaryMMS(G56,G65)} -> 0.12 | H74: {=MMS_Swine_N2ODirect_Equations.VEERG_4_5_1_3__3_FractionOfNitrogenInPrimaryMMS(H56,H65)} -> 0.12 | N74: =INDEX(X_Table_Swine_Stage1MMS_DeepLitter,2,1) -> Deep litter | O74: {=MMS_Swine_N2ODirect_Equations.VEERG_4_5_1_3__3_FractionOfNitrogenInPrimaryMMS(E56,O65)} -> 0.12 | P74: {=MMS_Swine_N2ODirect_Equations.VEERG_4_5_1_3__3_FractionOfNitrogenInPrimaryMMS(F56,P65)} -> 0.12 | Q74: {=MMS_Swine_N2ODirect_Equations.VEERG_4_5_1_3__3_FractionOfNitrogenInPrimaryMMS(G56,Q65)} -> 0.12 | R74: {=MMS_Swine_N2ODirect_Equations.VEERG_4_5_1_3__3_FractionOfNitrogenInPrimaryMMS(H56,R65)} -> 0.12
D75: =INDEX(X_Table_Swine_Stage1MMS_PitStorage,2,1) -> Pit storage | E75: {=MMS_Swine_N2ODirect_Equations.VEERG_4_5_1_3__3_FractionOfNitrogenInPrimaryMMS(E57,E66)} -> 0.12 | F75: {=MMS_Swine_N2ODirect_Equations.VEERG_4_5_1_3__3_FractionOfNitrogenInPrimaryMMS(F57,F66)} -> 0.12 | G75: {=MMS_Swine_N2ODirect_Equations.VEERG_4_5_1_3__3_FractionOfNitrogenInPrimaryMMS(G57,G66)} -> 0.12 | H75: {=MMS_Swine_N2ODirect_Equations.VEERG_4_5_1_3__3_FractionOfNitrogenInPrimaryMMS(H57,H66)} -> 0.12 | N75: =INDEX(X_Table_Swine_Stage1MMS_PitStorage,2,1) -> Pit storage | O75: {=MMS_Swine_N2ODirect_Equations.VEERG_4_5_1_3__3_FractionOfNitrogenInPrimaryMMS(E57,O66)} -> 0.12 | P75: {=MMS_Swine_N2ODirect_Equations.VEERG_4_5_1_3__3_FractionOfNitrogenInPrimaryMMS(F57,P66)} -> 0.12 | Q75: {=MMS_Swine_N2ODirect_Equations.VEERG_4_5_1_3__3_FractionOfNitrogenInPrimaryMMS(G57,Q66)} -> 0.12 | R75: {=MMS_Swine_N2ODirect_Equations.VEERG_4_5_1_3__3_FractionOfNitrogenInPrimaryMMS(H57,R66)} -> 0.12
D79: {=MMS_Swine_N2ODirect_Equations.VEERG_4_5_1_3__4_FractionOfNitrogenInSolidStorage_Title()} -> Fraction of nitrogen in solid storage
D80: {=MMS_Swine_N2ODirect_Equations.VEERG_4_5_1_3__4_FractionOfNitrogenInSolidStorage_Source()} -> VEERG 2026: 4.5.1.3, Equation (4)
D81: {=MMS_Swine_N2ODirect_Equations.VEERG_4_5_1_3__4_FractionOfNitrogenInSolidStorage_Variation()} -> VARIATION ON SOURCE: Split equation for MMSm=1,7,9 into separate items to allow for calculation
D82: Function name | E82: {=Common_InputFunctions.Utility_DisplayFunctionName($E$100)} -> =MMS_Swine_N2ODirect_Equations.VEERG_4_5_1_3__4_FractionOfNitrogenInSolidStorageVariation
D85: Variable | E85: {=MMS_Swine_N2ODirect_Equations.VEERG_4_5_1_3__4_FractionOfNitrogenInSolidStorage_Variable()} -> FN_jm4T1
D86: Unit | E86: {=MMS_Swine_N2ODirect_Equations.VEERG_4_5_1_3__4_FractionOfNitrogenInSolidStorage_Unit()} -> fraction
D88: {=Common_InputFunctions.Utility_DisplayArguments_1_2(MMS_Swine_N2ODirect_Equations.VEERG_4_5_1_3__4_FractionOfNitrogenInSolidStorage_Arguments())} -> MMS_jm4T1 | E88: fraction of manure in solid storage MMS | G88: {=Common_InputFunctions.Utility_DisplayArguments_3_4(MMS_Swine_N2ODirect_Equations.VEERG_4_5_1_3__4_FractionOfNitrogenInSolidStorage_Arguments())} -> fraction | H88: Input | I88: {=HYPERLINK(Common_InputFunctions.Utility_SourceHyperlink($D$92), $D$92)} -> Table_MMS_j_m-4_T-1
D89: MMS_jm179T1 | E89: fraction of manure in primary liquid systems (m=1,7,9) | G89: fraction | H89: Input | I89: {=HYPERLINK(Common_InputFunctions.Utility_SourceHyperlink($D$50), $D$50)} -> Table_MMS_j_m-1-7-9-8_T-1
D90: SN_m | E90: fraction of nitrogen separated to solid storage for each MMS | G90: fraction | H90: Input | I90: {=HYPERLINK(Common_InputFunctions.Utility_SourceHyperlink($D$59), $D$59)} -> M1_Table_SN_m-1-7-9
D92: Table_MMS_j_m-4_T-1
D93: Fraction primary system solid storage
D94: Stage 1 management | E94: Boars | F94: Sows | G94: Gilts | H94: Others
D95: =INDEX(X_Table_Swine_Stage1MMS_SolidStorage,2,1) -> Solid storage (before solid separation) | E95: {=OFFSET(X_Table_Swine_Stage1MMS_SolidStorage,1,1,1,4)} -> 0.25 | F95: 0.25 | G95: 0.25 | H95: 0.25 | I95: fraction
D97: M1_Table_FVS_j_m-4_T-1 | N97: M2_Table_FVS_j_m-4_T-1
D98: Fraction VS in stage 1 solid storage (Method 1) | N98: Fraction VS in stage 1 solid storage (Method 2)
D99: Stage 1 management | E99: Boars | F99: Sows | G99: Gilts | H99: Others | N99: Stage 1 management | O99: Boars | P99: Sows | Q99: Gilts | R99: Others
D100: Solid storage | E100: {=MMS_Swine_N2ODirect_Equations.VEERG_4_5_1_3__4_FractionOfNitrogenInSolidStorageVariation(E95,E53,E54,E55,E56,E57,E62,E63,E64,E65,E66)} -> 0.4 | F100: {=MMS_Swine_N2ODirect_Equations.VEERG_4_5_1_3__4_FractionOfNitrogenInSolidStorageVariation(F95,F53,F54,F55,F56,F57,F62,F63,F64,F65,F66)} -> 0.4 | G100: {=MMS_Swine_N2ODirect_Equations.VEERG_4_5_1_3__4_FractionOfNitrogenInSolidStorageVariation(G95,G53,G54,G55,G56,G57,G62,G63,G64,G65,G66)} -> 0.4 | H100: {=MMS_Swine_N2ODirect_Equations.VEERG_4_5_1_3__4_FractionOfNitrogenInSolidStorageVariation(H95,H53,H54,H55,H56,H57,H62,H63,H64,H65,H66)} -> 0.4 | I100: =$E$86 -> fraction | N100: Solid storage | O100: {=MMS_Swine_N2ODirect_Equations.VEERG_4_5_1_3__4_FractionOfNitrogenInSolidStorageVariation(E95,E53,E54,E55,E56,E57,O62,O63,O64,O65,O66)} -> 0.4 | P100: {=MMS_Swine_N2ODirect_Equations.VEERG_4_5_1_3__4_FractionOfNitrogenInSolidStorageVariation(F95,F53,F54,F55,F56,F57,P62,P63,P64,P65,P66)} -> 0.4 | Q100: {=MMS_Swine_N2ODirect_Equations.VEERG_4_5_1_3__4_FractionOfNitrogenInSolidStorageVariation(G95,G53,G54,G55,G56,G57,Q62,Q63,Q64,Q65,Q66)} -> 0.4 | R100: {=MMS_Swine_N2ODirect_Equations.VEERG_4_5_1_3__4_FractionOfNitrogenInSolidStorageVariation(H95,H53,H54,H55,H56,H57,R62,R63,R64,R65,R66)} -> 0.4 | S100: =$E$86 -> fraction
D104: {=MMS_Swine_N2ODirect_Equations.VEERG_4_5_1_3__2_Stage1NitrogenInMMS_Title()} -> Nitrogen in treatment stage 1 MMS
D105: {=MMS_Swine_N2ODirect_Equations.VEERG_4_5_1_3__2_Stage1NitrogenInMMS_Source()} -> VEERG 2026: 4.5.1.3, Equation (2)
D106: Function name | E106: {=Common_InputFunctions.Utility_DisplayFunctionName(E118)} -> =MMS_Swine_N2ODirect_Equations.VEERG_4_5_1_3__2_Stage1NitrogenInMMS
D109: Variable | E109: {=MMS_Swine_N2ODirect_Equations.VEERG_4_5_1_3__2_Stage1NitrogenInMMS_Variable()} -> MN_jmT1
D110: Unit | E110: {=MMS_Swine_N2ODirect_Equations.VEERG_4_5_1_3__2_Stage1NitrogenInMMS_Unit()} -> kg N
D112: {=Common_InputFunctions.Utility_DisplayArguments_1_2(MMS_Swine_N2ODirect_Equations.VEERG_4_5_1_3__2_Stage1NitrogenInMMS_Arguments())} -> AE_j | E112: total nitrogen excreted by each swine class | G112: {=Common_InputFunctions.Utility_DisplayArguments_3_4(MMS_Swine_N2ODirect_Equations.VEERG_4_5_1_3__2_Stage1NitrogenInMMS_Arguments())} -> kg N | H112: Calculated from 4.5.1.3 (5) | I112: {=HYPERLINK(Common_InputFunctions.Utility_SourceHyperlink(D32), D32)} -> M1_Table_AE_j
D113: FN_jmT1 | E113: fraction of nitrogen in each primary MMS system | G113: fraction | H113: Calculated from 4.5.1.3 (3)(4) | I113: {=HYPERLINK(Common_InputFunctions.Utility_SourceHyperlink(D68), D68)} -> M1_Table_FN_j_m_T-1 | J113: {=HYPERLINK(Common_InputFunctions.Utility_SourceHyperlink(D97), D97)} -> M1_Table_FVS_j_m-4_T-1
D115: M1_Table_MN_j_m_T-1 | N115: M2_Table_MN_j_m_T-1
D116: Nitrogen in treatment stage 1 MMS (Method 1) | N116: Nitrogen in treatment stage 1 MMS (Method 2)
D117: Stage 1 management | E117: Boars | F117: Sows | G117: Gilts | H117: Others | N117: Stage 1 management | O117: Boars | P117: Sows | Q117: Gilts | R117: Others
D118: =INDEX(X_Table_Swine_Stage1MMS_AnaerobicLagoon,2,1) -> Anaerobic lagoon | E118: {=MMS_Swine_N2ODirect_Equations.VEERG_4_5_1_3__2_Stage1NitrogenInMMS(D$35,E71)} -> 201.48 | F118: {=MMS_Swine_N2ODirect_Equations.VEERG_4_5_1_3__2_Stage1NitrogenInMMS(E$35,F71)} -> 214.62 | G118: {=MMS_Swine_N2ODirect_Equations.VEERG_4_5_1_3__2_Stage1NitrogenInMMS(F$35,G71)} -> 201.48 | H118: {=MMS_Swine_N2ODirect_Equations.VEERG_4_5_1_3__2_Stage1NitrogenInMMS(G$35,H71)} -> 136.656 | I118: =$E$110 -> kg N | N118: =INDEX(X_Table_Swine_Stage1MMS_AnaerobicLagoon,2,1) -> Anaerobic lagoon | O118: {=MMS_Swine_N2ODirect_Equations.VEERG_4_5_1_3__2_Stage1NitrogenInMMS(N$35,O71)} -> 201.48 | P118: {=MMS_Swine_N2ODirect_Equations.VEERG_4_5_1_3__2_Stage1NitrogenInMMS(O$35,P71)} -> 214.62 | Q118: {=MMS_Swine_N2ODirect_Equations.VEERG_4_5_1_3__2_Stage1NitrogenInMMS(P$35,Q71)} -> 201.48 | R118: {=MMS_Swine_N2ODirect_Equations.VEERG_4_5_1_3__2_Stage1NitrogenInMMS(Q$35,R71)} -> 136.656 | S118: =$E$110 -> kg N
D119: =INDEX(X_Table_Swine_Stage1MMS_Drylot,2,1) -> Drylot (feed pad) | E119: {=MMS_Swine_N2ODirect_Equations.VEERG_4_5_1_3__2_Stage1NitrogenInMMS(D$35,E72)} -> 201.48 | F119: {=MMS_Swine_N2ODirect_Equations.VEERG_4_5_1_3__2_Stage1NitrogenInMMS(E$35,F72)} -> 214.62 | G119: {=MMS_Swine_N2ODirect_Equations.VEERG_4_5_1_3__2_Stage1NitrogenInMMS(F$35,G72)} -> 201.48 | H119: {=MMS_Swine_N2ODirect_Equations.VEERG_4_5_1_3__2_Stage1NitrogenInMMS(G$35,H72)} -> 136.656 | N119: =INDEX(X_Table_Swine_Stage1MMS_Drylot,2,1) -> Drylot (feed pad) | O119: {=MMS_Swine_N2ODirect_Equations.VEERG_4_5_1_3__2_Stage1NitrogenInMMS(N$35,O72)} -> 201.48 | P119: {=MMS_Swine_N2ODirect_Equations.VEERG_4_5_1_3__2_Stage1NitrogenInMMS(O$35,P72)} -> 214.62 | Q119: {=MMS_Swine_N2ODirect_Equations.VEERG_4_5_1_3__2_Stage1NitrogenInMMS(P$35,Q72)} -> 201.48 | R119: {=MMS_Swine_N2ODirect_Equations.VEERG_4_5_1_3__2_Stage1NitrogenInMMS(Q$35,R72)} -> 136.656
D120: =INDEX(X_Table_Swine_Stage1MMS_DigesterCoveredLagoons,2,1) -> Digester / covered lagoons | E120: {=MMS_Swine_N2ODirect_Equations.VEERG_4_5_1_3__2_Stage1NitrogenInMMS(D$35,E73)} -> 201.48 | F120: {=MMS_Swine_N2ODirect_Equations.VEERG_4_5_1_3__2_Stage1NitrogenInMMS(E$35,F73)} -> 214.62 | G120: {=MMS_Swine_N2ODirect_Equations.VEERG_4_5_1_3__2_Stage1NitrogenInMMS(F$35,G73)} -> 201.48 | H120: {=MMS_Swine_N2ODirect_Equations.VEERG_4_5_1_3__2_Stage1NitrogenInMMS(G$35,H73)} -> 136.656 | N120: =INDEX(X_Table_Swine_Stage1MMS_DigesterCoveredLagoons,2,1) -> Digester / covered lagoons | O120: {=MMS_Swine_N2ODirect_Equations.VEERG_4_5_1_3__2_Stage1NitrogenInMMS(N$35,O73)} -> 201.48 | P120: {=MMS_Swine_N2ODirect_Equations.VEERG_4_5_1_3__2_Stage1NitrogenInMMS(O$35,P73)} -> 214.62 | Q120: {=MMS_Swine_N2ODirect_Equations.VEERG_4_5_1_3__2_Stage1NitrogenInMMS(P$35,Q73)} -> 201.48 | R120: {=MMS_Swine_N2ODirect_Equations.VEERG_4_5_1_3__2_Stage1NitrogenInMMS(Q$35,R73)} -> 136.656
D121: =INDEX(X_Table_Swine_Stage1MMS_DeepLitter,2,1) -> Deep litter | E121: {=MMS_Swine_N2ODirect_Equations.VEERG_4_5_1_3__2_Stage1NitrogenInMMS(D$35,E74)} -> 201.48 | F121: {=MMS_Swine_N2ODirect_Equations.VEERG_4_5_1_3__2_Stage1NitrogenInMMS(E$35,F74)} -> 214.62 | G121: {=MMS_Swine_N2ODirect_Equations.VEERG_4_5_1_3__2_Stage1NitrogenInMMS(F$35,G74)} -> 201.48 | H121: {=MMS_Swine_N2ODirect_Equations.VEERG_4_5_1_3__2_Stage1NitrogenInMMS(G$35,H74)} -> 136.656 | N121: =INDEX(X_Table_Swine_Stage1MMS_DeepLitter,2,1) -> Deep litter | O121: {=MMS_Swine_N2ODirect_Equations.VEERG_4_5_1_3__2_Stage1NitrogenInMMS(N$35,O74)} -> 201.48 | P121: {=MMS_Swine_N2ODirect_Equations.VEERG_4_5_1_3__2_Stage1NitrogenInMMS(O$35,P74)} -> 214.62 | Q121: {=MMS_Swine_N2ODirect_Equations.VEERG_4_5_1_3__2_Stage1NitrogenInMMS(P$35,Q74)} -> 201.48 | R121: {=MMS_Swine_N2ODirect_Equations.VEERG_4_5_1_3__2_Stage1NitrogenInMMS(Q$35,R74)} -> 136.656
D122: =INDEX(X_Table_Swine_Stage1MMS_PitStorage,2,1) -> Pit storage | E122: {=MMS_Swine_N2ODirect_Equations.VEERG_4_5_1_3__2_Stage1NitrogenInMMS(D$35,E75)} -> 201.48 | F122: {=MMS_Swine_N2ODirect_Equations.VEERG_4_5_1_3__2_Stage1NitrogenInMMS(E$35,F75)} -> 214.62 | G122: {=MMS_Swine_N2ODirect_Equations.VEERG_4_5_1_3__2_Stage1NitrogenInMMS(F$35,G75)} -> 201.48 | H122: {=MMS_Swine_N2ODirect_Equations.VEERG_4_5_1_3__2_Stage1NitrogenInMMS(G$35,H75)} -> 136.656 | N122: =INDEX(X_Table_Swine_Stage1MMS_PitStorage,2,1) -> Pit storage | O122: {=MMS_Swine_N2ODirect_Equations.VEERG_4_5_1_3__2_Stage1NitrogenInMMS(N$35,O75)} -> 201.48 | P122: {=MMS_Swine_N2ODirect_Equations.VEERG_4_5_1_3__2_Stage1NitrogenInMMS(O$35,P75)} -> 214.62 | Q122: {=MMS_Swine_N2ODirect_Equations.VEERG_4_5_1_3__2_Stage1NitrogenInMMS(P$35,Q75)} -> 201.48 | R122: {=MMS_Swine_N2ODirect_Equations.VEERG_4_5_1_3__2_Stage1NitrogenInMMS(Q$35,R75)} -> 136.656
D123: Solid storage | E123: {=MMS_Swine_N2ODirect_Equations.VEERG_4_5_1_3__2_Stage1NitrogenInMMS(D$35,E100)} -> 671.6 | F123: {=MMS_Swine_N2ODirect_Equations.VEERG_4_5_1_3__2_Stage1NitrogenInMMS(E$35,F100)} -> 715.4 | G123: {=MMS_Swine_N2ODirect_Equations.VEERG_4_5_1_3__2_Stage1NitrogenInMMS(F$35,G100)} -> 671.6 | H123: {=MMS_Swine_N2ODirect_Equations.VEERG_4_5_1_3__2_Stage1NitrogenInMMS(G$35,H100)} -> 455.52 | N123: Solid storage | O123: {=MMS_Swine_N2ODirect_Equations.VEERG_4_5_1_3__2_Stage1NitrogenInMMS(N$35,O100)} -> 671.6 | P123: {=MMS_Swine_N2ODirect_Equations.VEERG_4_5_1_3__2_Stage1NitrogenInMMS(O$35,P100)} -> 715.4 | Q123: {=MMS_Swine_N2ODirect_Equations.VEERG_4_5_1_3__2_Stage1NitrogenInMMS(P$35,Q100)} -> 671.6 | R123: {=MMS_Swine_N2ODirect_Equations.VEERG_4_5_1_3__2_Stage1NitrogenInMMS(Q$35,R100)} -> 455.52
D127: {=MMS_Swine_N2ODirect_Equations.VEERG_4_5_1_3__7_NitrogenTransferredToStage2MMS_Title()} -> Nitrogen transferred to treatment stage 2 MMS
D128: {=MMS_Swine_N2ODirect_Equations.VEERG_4_5_1_3__7_NitrogenTransferredToStage2MMS_Source()} -> VEERG 2026: 4.5.1.3, Equation (7)
D129: Function name | E129: {=Common_InputFunctions.Utility_DisplayFunctionName(E164)} -> =MMS_Swine_N2ODirect_Equations.VEERG_4_5_1_3__7_NitrogenTransferredToStage2MMS
D132: Variable | E132: {=MMS_Swine_N2ODirect_Equations.VEERG_4_5_1_3__7_NitrogenTransferredToStage2MMS_Variable()} -> NT_jmT2
...

Sheet 4.5.1.5-6 Atmos Dep
A1: #VALUE! | C1: 4.5.1.5-6 Atmospheric deposition N2O
A3: =HYPERLINK("#'Home'!A1", "Home") -> Home | D3: Method 1 | N3: Method 2
A4: =HYPERLINK("#'Overview'!A1", "Overview") -> Overview
A5: =HYPERLINK("#'Results'!A1", "Results") -> Results | D5: {=MMS_Swine_AtmosphericDeposition_Equations.VEERG_4_5_1_5__2_TotalNitrogenVolatilisedFromMMS_Title()} -> Total nitrogen volatilised from MMS
D6: {=MMS_Swine_AtmosphericDeposition_Equations.VEERG_4_5_1_5__2_TotalNitrogenVolatilisedFromMMS_Source()} -> VEERG 2026: 4.5.1.1, Equation (2)
D7: Function name | E7: {=Common_InputFunctions.Utility_DisplayFunctionName(F73)} -> =MMS_Swine_AtmosphericDeposition_Equations.VEERG_4_5_1_5__2_TotalNitrogenVolatilisedFromMMS
A8: INPUTS
A9: =HYPERLINK("#'Input - Site'!A1", "Site") -> Site
A10: =HYPERLINK("#'Input - Swine'!A1", "Swine") -> Swine | D10: Variable | E10: {=MMS_Swine_AtmosphericDeposition_Equations.VEERG_4_5_1_5__2_TotalNitrogenVolatilisedFromMMS_Variable()} -> MMS_ATMOS
D11: Unit | E11: {=MMS_Swine_AtmosphericDeposition_Equations.VEERG_4_5_1_5__2_TotalNitrogenVolatilisedFromMMS_Unit()} -> kg N
A13: CALCULATIONS | D13: {=Common_InputFunctions.Utility_DisplayArguments_1_2(MMS_Swine_AtmosphericDeposition_Equations.VEERG_4_5_1_5__2_TotalNitrogenVolatilisedFromMMS_Arguments())} -> MN_jmT | E13: nitrogen per swine class, MMS and treatment stage | G13: {=Common_InputFunctions.Utility_DisplayArguments_3_4(MMS_Swine_AtmosphericDeposition_Equations.VEERG_4_5_1_5__2_TotalNitrogenVolatilisedFromMMS_Arguments())} -> kg N | H13: Calculated from 4.5.1.3 (2)(6) | I13: {=HYPERLINK(Common_InputFunctions.Utility_SourceHyperlink(D19), D19)} -> M1_Table_MN_j_m_T-1 | J13: {=HYPERLINK(Common_InputFunctions.Utility_SourceHyperlink(D29), D29)} -> M1_Table_MN_j_m_T-2
A14: =HYPERLINK("#'4.5.1.1-2 Methane'!A1", "4.5.1.1-2 Methane") -> 4.5.1.1-2 Methane | D14: FracGASMmT | E14: fraction of N volatilised in each MMS | G14: (kg NH3-N + NOx-N)/kg N | H14: Constant | I14: {=HYPERLINK(Common_InputFunctions.Utility_SourceHyperlink(D59), D59)} -> Table_FracGASM_m_t
A15: =HYPERLINK("#'4.5.1.3-4 Direct N2O'!A1", "4.5.1.3-4 Direct N2O") -> 4.5.1.3-4 Direct N2O
A16: =HYPERLINK("#'4.5.1.5-6 Atmos Dep'!A1", "4.5.1.5-6 Atmos Dep") -> 4.5.1.5-6 Atmos Dep | D16: Note: Manure that is directly applied to soil after stage 1 is not included in Atmospheric Deposition calculations
A17: =HYPERLINK("#'4.5.1.7-8 Leaching and runoff'!A1", "4.5.1.7-8 Leaching and runoff") -> 4.5.1.7-8 Leaching and runoff | D17: and instead is handled in 'Manure applied to soils'.
A18: =HYPERLINK("#'4.5.1.9 Manure applied to soils'!A1", "4.5.1.9 Manure applied to soils") -> 4.5.1.9 Manure applied to soils
D19: M1_Table_MN_j_m_T-1 | N19: M1_Table_MN_j_m_T-1
D20: Nitrogen in treatment stage 1 MMS (Method 1) | N20: Nitrogen in treatment stage 1 MMS (Method 1)
A21: APPENDICES | D21: Stage 1 management | E21: Boars | F21: Sows | G21: Gilts | H21: Others | N21: Stage 1 management | O21: Boars | P21: Sows | Q21: Gilts | R21: Others
A22: =HYPERLINK("#'Constants - Swine'!A1", "Constants - Swine") -> Constants - Swine | D22: =INDEX(X_Table_Swine_Stage1MMS_AnaerobicLagoon,2,1) -> Anaerobic lagoon | E22: ='4.5.1.3-4 Direct N2O'!E118 -> 201.48 | F22: ='4.5.1.3-4 Direct N2O'!F118 -> 214.62 | G22: ='4.5.1.3-4 Direct N2O'!G118 -> 201.48 | H22: ='4.5.1.3-4 Direct N2O'!H118 -> 136.656 | I22: =$G$13 -> kg N | N22: =INDEX(X_Table_Swine_Stage1MMS_AnaerobicLagoon,2,1) -> Anaerobic lagoon | O22: ='4.5.1.3-4 Direct N2O'!O118 -> 201.48 | P22: ='4.5.1.3-4 Direct N2O'!P118 -> 214.62 | Q22: ='4.5.1.3-4 Direct N2O'!Q118 -> 201.48 | R22: ='4.5.1.3-4 Direct N2O'!R118 -> 136.656 | S22: =$G$13 -> kg N
A23: =HYPERLINK("#'Constants - Common'!A1", "Constants - Common") -> Constants - Common | D23: =INDEX(X_Table_Swine_Stage1MMS_Drylot,2,1) -> Drylot (feed pad) | E23: ='4.5.1.3-4 Direct N2O'!E119 -> 201.48 | F23: ='4.5.1.3-4 Direct N2O'!F119 -> 214.62 | G23: ='4.5.1.3-4 Direct N2O'!G119 -> 201.48 | H23: ='4.5.1.3-4 Direct N2O'!H119 -> 136.656 | N23: =INDEX(X_Table_Swine_Stage1MMS_Drylot,2,1) -> Drylot (feed pad) | O23: ='4.5.1.3-4 Direct N2O'!O119 -> 201.48 | P23: ='4.5.1.3-4 Direct N2O'!P119 -> 214.62 | Q23: ='4.5.1.3-4 Direct N2O'!Q119 -> 201.48 | R23: ='4.5.1.3-4 Direct N2O'!R119 -> 136.656
A24: =HYPERLINK("#'Constants - Common livestock'!A1", "Constants - Common livestock") -> Constants - Common livestock | D24: =INDEX(X_Table_Swine_Stage1MMS_DigesterCoveredLagoons,2,1) -> Digester / covered lagoons | E24: ='4.5.1.3-4 Direct N2O'!E120 -> 201.48 | F24: ='4.5.1.3-4 Direct N2O'!F120 -> 214.62 | G24: ='4.5.1.3-4 Direct N2O'!G120 -> 201.48 | H24: ='4.5.1.3-4 Direct N2O'!H120 -> 136.656 | N24: =INDEX(X_Table_Swine_Stage1MMS_DigesterCoveredLagoons,2,1) -> Digester / covered lagoons | O24: ='4.5.1.3-4 Direct N2O'!O120 -> 201.48 | P24: ='4.5.1.3-4 Direct N2O'!P120 -> 214.62 | Q24: ='4.5.1.3-4 Direct N2O'!Q120 -> 201.48 | R24: ='4.5.1.3-4 Direct N2O'!R120 -> 136.656
A25: =HYPERLINK("#'Acknowledgements'!A1", "Acknowledgements") -> Acknowledgements | D25: =INDEX(X_Table_Swine_Stage1MMS_DeepLitter,2,1) -> Deep litter | E25: ='4.5.1.3-4 Direct N2O'!E121 -> 201.48 | F25: ='4.5.1.3-4 Direct N2O'!F121 -> 214.62 | G25: ='4.5.1.3-4 Direct N2O'!G121 -> 201.48 | H25: ='4.5.1.3-4 Direct N2O'!H121 -> 136.656 | N25: =INDEX(X_Table_Swine_Stage1MMS_DeepLitter,2,1) -> Deep litter | O25: ='4.5.1.3-4 Direct N2O'!O121 -> 201.48 | P25: ='4.5.1.3-4 Direct N2O'!P121 -> 214.62 | Q25: ='4.5.1.3-4 Direct N2O'!Q121 -> 201.48 | R25: ='4.5.1.3-4 Direct N2O'!R121 -> 136.656
A26: =HYPERLINK("#'Tab template'!A1", "Tab template") -> Tab template | D26: =INDEX(X_Table_Swine_Stage1MMS_PitStorage,2,1) -> Pit storage | E26: ='4.5.1.3-4 Direct N2O'!E122 -> 201.48 | F26: ='4.5.1.3-4 Direct N2O'!F122 -> 214.62 | G26: ='4.5.1.3-4 Direct N2O'!G122 -> 201.48 | H26: ='4.5.1.3-4 Direct N2O'!H122 -> 136.656 | N26: =INDEX(X_Table_Swine_Stage1MMS_PitStorage,2,1) -> Pit storage | O26: ='4.5.1.3-4 Direct N2O'!O122 -> 201.48 | P26: ='4.5.1.3-4 Direct N2O'!P122 -> 214.62 | Q26: ='4.5.1.3-4 Direct N2O'!Q122 -> 201.48 | R26: ='4.5.1.3-4 Direct N2O'!R122 -> 136.656
D27: Solid storage | E27: ='4.5.1.3-4 Direct N2O'!E123 -> 671.6 | F27: ='4.5.1.3-4 Direct N2O'!F123 -> 715.4 | G27: ='4.5.1.3-4 Direct N2O'!G123 -> 671.6 | H27: ='4.5.1.3-4 Direct N2O'!H123 -> 455.52 | N27: Solid storage | O27: ='4.5.1.3-4 Direct N2O'!O123 -> 671.6 | P27: ='4.5.1.3-4 Direct N2O'!P123 -> 715.4 | Q27: ='4.5.1.3-4 Direct N2O'!Q123 -> 671.6 | R27: ='4.5.1.3-4 Direct N2O'!R123 -> 455.52
D29: M1_Table_MN_j_m_T-2 | N29: M1_Table_MN_j_m_T-2
D30: Nitrogen in stage 2 MMS (Method 1) | N30: Nitrogen in stage 2 MMS (Method 1)
D31: Stage 1 management | E31: Stage 2 management | F31: Boars | G31: Sows | H31: Gilts | I31: Others | N31: Stage 1 management | O31: Stage 2 management | P31: Boars | Q31: Sows | R31: Gilts | S31: Others
D32: =INDEX(X_Table_Swine_Stage1MMS_AnaerobicLagoon,2,1) -> Anaerobic lagoon | E32: =INDEX(X_Table_Swine_Stage2MMS_From_AnaerobicLagoon,2,1) -> Digester / covered lagoons | F32: ='4.5.1.3-4 Direct N2O'!F217 -> 18.1332 | G32: ='4.5.1.3-4 Direct N2O'!G217 -> 24.14475 | H32: ='4.5.1.3-4 Direct N2O'!H217 -> 22.6665 | I32: ='4.5.1.3-4 Direct N2O'!I217 -> 15.3738 | J32: =$G$13 -> kg N | N32: =INDEX(X_Table_Swine_Stage1MMS_AnaerobicLagoon,2,1) -> Anaerobic lagoon | O32: =INDEX(X_Table_Swine_Stage2MMS_From_AnaerobicLagoon,2,1) -> Digester / covered lagoons | P32: ='4.5.1.3-4 Direct N2O'!P217 -> 18.1332 | Q32: ='4.5.1.3-4 Direct N2O'!Q217 -> 24.14475 | R32: ='4.5.1.3-4 Direct N2O'!R217 -> 22.6665 | S32: ='4.5.1.3-4 Direct N2O'!S217 -> 15.3738 | T32: =$G$13 -> kg N
E33: =INDEX(X_Table_Swine_Stage2MMS_From_AnaerobicLagoon,3,1) -> Deep litter | F33: ='4.5.1.3-4 Direct N2O'!F218 -> 18.1332 | G33: ='4.5.1.3-4 Direct N2O'!G218 -> 24.14475 | H33: ='4.5.1.3-4 Direct N2O'!H218 -> 22.6665 | I33: ='4.5.1.3-4 Direct N2O'!I218 -> 15.3738 | O33: =INDEX(X_Table_Swine_Stage2MMS_From_AnaerobicLagoon,3,1) -> Deep litter | P33: ='4.5.1.3-4 Direct N2O'!P218 -> 18.1332 | Q33: ='4.5.1.3-4 Direct N2O'!Q218 -> 24.14475 | R33: ='4.5.1.3-4 Direct N2O'!R218 -> 22.6665 | S33: ='4.5.1.3-4 Direct N2O'!S218 -> 15.3738
E34: =INDEX(X_Table_Swine_Stage2MMS_From_AnaerobicLagoon,4,1) -> Pit storage | F34: ='4.5.1.3-4 Direct N2O'!F219 -> 18.1332 | G34: ='4.5.1.3-4 Direct N2O'!G219 -> 24.14475 | H34: ='4.5.1.3-4 Direct N2O'!H219 -> 22.6665 | I34: ='4.5.1.3-4 Direct N2O'!I219 -> 15.3738 | O34: =INDEX(X_Table_Swine_Stage2MMS_From_AnaerobicLagoon,4,1) -> Pit storage | P34: ='4.5.1.3-4 Direct N2O'!P219 -> 18.1332 | Q34: ='4.5.1.3-4 Direct N2O'!Q219 -> 24.14475 | R34: ='4.5.1.3-4 Direct N2O'!R219 -> 22.6665 | S34: ='4.5.1.3-4 Direct N2O'!S219 -> 15.3738
E35: =INDEX(X_Table_Swine_Stage2MMS_From_AnaerobicLagoon,5,1) -> Direct application | F35: ='4.5.1.3-4 Direct N2O'!F220 -> 36.2664 | G35: ='4.5.1.3-4 Direct N2O'!G220 -> 24.14475 | H35: ='4.5.1.3-4 Direct N2O'!H220 -> 22.6665 | I35: ='4.5.1.3-4 Direct N2O'!I220 -> 15.3738 | O35: =INDEX(X_Table_Swine_Stage2MMS_From_AnaerobicLagoon,5,1) -> Direct application | P35: ='4.5.1.3-4 Direct N2O'!P220 -> 36.2664 | Q35: ='4.5.1.3-4 Direct N2O'!Q220 -> 24.14475 | R35: ='4.5.1.3-4 Direct N2O'!R220 -> 22.6665 | S35: ='4.5.1.3-4 Direct N2O'!S220 -> 15.3738
D36: =INDEX(X_Table_Swine_Stage1MMS_Drylot,2,1) -> Drylot (feed pad) | E36: =INDEX(X_Table_Swine_Stage2MMS_From_Drylot,2,1) -> Anaerobic lagoon | F36: ='4.5.1.3-4 Direct N2O'!F221 -> 27.40128 | G36: ='4.5.1.3-4 Direct N2O'!G221 -> 36.4854 | H36: ='4.5.1.3-4 Direct N2O'!H221 -> 34.2516 | I36: ='4.5.1.3-4 Direct N2O'!I221 -> 23.23152 | N36: =INDEX(X_Table_Swine_Stage1MMS_Drylot,2,1) -> Drylot (feed pad) | O36: =INDEX(X_Table_Swine_Stage2MMS_From_Drylot,2,1) -> Anaerobic lagoon | P36: ='4.5.1.3-4 Direct N2O'!P221 -> 27.40128 | Q36: ='4.5.1.3-4 Direct N2O'!Q221 -> 36.4854 | R36: ='4.5.1.3-4 Direct N2O'!R221 -> 34.2516 | S36: ='4.5.1.3-4 Direct N2O'!S221 -> 23.23152
E37: =INDEX(X_Table_Swine_Stage2MMS_From_Drylot,3,1) -> Digester / covered lagoons | F37: ='4.5.1.3-4 Direct N2O'!F222 -> 27.40128 | G37: ='4.5.1.3-4 Direct N2O'!G222 -> 36.4854 | H37: ='4.5.1.3-4 Direct N2O'!H222 -> 34.2516 | I37: ='4.5.1.3-4 Direct N2O'!I222 -> 23.23152 | O37: =INDEX(X_Table_Swine_Stage2MMS_From_Drylot,3,1) -> Digester / covered lagoons | P37: ='4.5.1.3-4 Direct N2O'!P222 -> 27.40128 | Q37: ='4.5.1.3-4 Direct N2O'!Q222 -> 36.4854 | R37: ='4.5.1.3-4 Direct N2O'!R222 -> 34.2516 | S37: ='4.5.1.3-4 Direct N2O'!S222 -> 23.23152
E38: =INDEX(X_Table_Swine_Stage2MMS_From_Drylot,4,1) -> Deep litter | F38: ='4.5.1.3-4 Direct N2O'!F223 -> 27.40128 | G38: ='4.5.1.3-4 Direct N2O'!G223 -> 36.4854 | H38: ='4.5.1.3-4 Direct N2O'!H223 -> 34.2516 | I38: ='4.5.1.3-4 Direct N2O'!I223 -> 23.23152 | O38: =INDEX(X_Table_Swine_Stage2MMS_From_Drylot,4,1) -> Deep litter | P38: ='4.5.1.3-4 Direct N2O'!P223 -> 27.40128 | Q38: ='4.5.1.3-4 Direct N2O'!Q223 -> 36.4854 | R38: ='4.5.1.3-4 Direct N2O'!R223 -> 34.2516 | S38: ='4.5.1.3-4 Direct N2O'!S223 -> 23.23152
E39: =INDEX(X_Table_Swine_Stage2MMS_From_Drylot,5,1) -> Pit storage | F39: ='4.5.1.3-4 Direct N2O'!F224 -> 27.40128 | G39: ='4.5.1.3-4 Direct N2O'!G224 -> 36.4854 | H39: ='4.5.1.3-4 Direct N2O'!H224 -> 34.2516 | I39: ='4.5.1.3-4 Direct N2O'!I224 -> 23.23152 | O39: =INDEX(X_Table_Swine_Stage2MMS_From_Drylot,5,1) -> Pit storage | P39: ='4.5.1.3-4 Direct N2O'!P224 -> 27.40128 | Q39: ='4.5.1.3-4 Direct N2O'!Q224 -> 36.4854 | R39: ='4.5.1.3-4 Direct N2O'!R224 -> 34.2516 | S39: ='4.5.1.3-4 Direct N2O'!S224 -> 23.23152
E40: =INDEX(X_Table_Swine_Stage2MMS_From_Drylot,6,1) -> Direct application | F40: ='4.5.1.3-4 Direct N2O'!F225 -> 27.40128 | G40: ='4.5.1.3-4 Direct N2O'!G225 -> 0 | H40: ='4.5.1.3-4 Direct N2O'!H225 -> 0 | I40: ='4.5.1.3-4 Direct N2O'!I225 -> 0 | O40: =INDEX(X_Table_Swine_Stage2MMS_From_Drylot,6,1) -> Direct application | P40: ='4.5.1.3-4 Direct N2O'!P225 -> 27.40128 | Q40: ='4.5.1.3-4 Direct N2O'!Q225 -> 0 | R40: ='4.5.1.3-4 Direct N2O'!R225 -> 0 | S40: ='4.5.1.3-4 Direct N2O'!S225 -> 0
D41: =INDEX(X_Table_Swine_Stage1MMS_DigesterCoveredLagoons,2,1) -> Digester / covered lagoons | E41: =INDEX(X_Table_Swine_Stage2MMS_From_DigesterCoveredLagoons,2,1) -> Anaerobic lagoon | F41: ='4.5.1.3-4 Direct N2O'!F226 -> 40.296 | G41: ='4.5.1.3-4 Direct N2O'!G226 -> 53.655 | H41: ='4.5.1.3-4 Direct N2O'!H226 -> 50.37 | I41: ='4.5.1.3-4 Direct N2O'!I226 -> 34.164 | N41: =INDEX(X_Table_Swine_Stage1MMS_DigesterCoveredLagoons,2,1) -> Digester / covered lagoons | O41: =INDEX(X_Table_Swine_Stage2MMS_From_DigesterCoveredLagoons,2,1) -> Anaerobic lagoon | P41: ='4.5.1.3-4 Direct N2O'!P226 -> 40.296 | Q41: ='4.5.1.3-4 Direct N2O'!Q226 -> 53.655 | R41: ='4.5.1.3-4 Direct N2O'!R226 -> 50.37 | S41: ='4.5.1.3-4 Direct N2O'!S226 -> 34.164
E42: =INDEX(X_Table_Swine_Stage2MMS_From_DigesterCoveredLagoons,3,1) -> Deep litter | F42: ='4.5.1.3-4 Direct N2O'!F227 -> 40.296 | G42: ='4.5.1.3-4 Direct N2O'!G227 -> 53.655 | H42: ='4.5.1.3-4 Direct N2O'!H227 -> 50.37 | I42: ='4.5.1.3-4 Direct N2O'!I227 -> 34.164 | O42: =INDEX(X_Table_Swine_Stage2MMS_From_DigesterCoveredLagoons,3,1) -> Deep litter | P42: ='4.5.1.3-4 Direct N2O'!P227 -> 40.296 | Q42: ='4.5.1.3-4 Direct N2O'!Q227 -> 53.655 | R42: ='4.5.1.3-4 Direct N2O'!R227 -> 50.37 | S42: ='4.5.1.3-4 Direct N2O'!S227 -> 34.164
E43: =INDEX(X_Table_Swine_Stage2MMS_From_DigesterCoveredLagoons,4,1) -> Pit storage | F43: ='4.5.1.3-4 Direct N2O'!F228 -> 40.296 | G43: ='4.5.1.3-4 Direct N2O'!G228 -> 53.655 | H43: ='4.5.1.3-4 Direct N2O'!H228 -> 50.37 | I43: ='4.5.1.3-4 Direct N2O'!I228 -> 34.164 | O43: =INDEX(X_Table_Swine_Stage2MMS_From_DigesterCoveredLagoons,4,1) -> Pit storage | P43: ='4.5.1.3-4 Direct N2O'!P228 -> 40.296 | Q43: ='4.5.1.3-4 Direct N2O'!Q228 -> 53.655 | R43: ='4.5.1.3-4 Direct N2O'!R228 -> 50.37 | S43: ='4.5.1.3-4 Direct N2O'!S228 -> 34.164
E44: =INDEX(X_Table_Swine_Stage2MMS_From_DigesterCoveredLagoons,5,1) -> Direct application | F44: ='4.5.1.3-4 Direct N2O'!F229 -> 80.592 | G44: ='4.5.1.3-4 Direct N2O'!G229 -> 53.655 | H44: ='4.5.1.3-4 Direct N2O'!H229 -> 50.37 | I44: ='4.5.1.3-4 Direct N2O'!I229 -> 34.164 | O44: =INDEX(X_Table_Swine_Stage2MMS_From_DigesterCoveredLagoons,5,1) -> Direct application | P44: ='4.5.1.3-4 Direct N2O'!P229 -> 80.592 | Q44: ='4.5.1.3-4 Direct N2O'!Q229 -> 53.655 | R44: ='4.5.1.3-4 Direct N2O'!R229 -> 50.37 | S44: ='4.5.1.3-4 Direct N2O'!S229 -> 34.164
D45: =INDEX(X_Table_Swine_Stage1MMS_DeepLitter,2,1) -> Deep litter | E45: =INDEX(X_Table_Swine_Stage2MMS_From_DeepLitter,2,1) -> Anaerobic lagoon | F45: ='4.5.1.3-4 Direct N2O'!F230 -> 34.85604 | G45: ='4.5.1.3-4 Direct N2O'!G230 -> 46.411575 | H45: ='4.5.1.3-4 Direct N2O'!H230 -> 43.57005 | I45: ='4.5.1.3-4 Direct N2O'!I230 -> 29.55186 | N45: =INDEX(X_Table_Swine_Stage1MMS_DeepLitter,2,1) -> Deep litter | O45: =INDEX(X_Table_Swine_Stage2MMS_From_DeepLitter,2,1) -> Anaerobic lagoon | P45: ='4.5.1.3-4 Direct N2O'!P230 -> 34.85604 | Q45: ='4.5.1.3-4 Direct N2O'!Q230 -> 46.411575 | R45: ='4.5.1.3-4 Direct N2O'!R230 -> 43.57005 | S45: ='4.5.1.3-4 Direct N2O'!S230 -> 29.55186
E46: =INDEX(X_Table_Swine_Stage2MMS_From_DeepLitter,3,1) -> Digester / covered lagoons | F46: ='4.5.1.3-4 Direct N2O'!F231 -> 34.85604 | G46: ='4.5.1.3-4 Direct N2O'!G231 -> 46.411575 | H46: ='4.5.1.3-4 Direct N2O'!H231 -> 43.57005 | I46: ='4.5.1.3-4 Direct N2O'!I231 -> 29.55186 | O46: =INDEX(X_Table_Swine_Stage2MMS_From_DeepLitter,3,1) -> Digester / covered lagoons | P46: ='4.5.1.3-4 Direct N2O'!P231 -> 34.85604 | Q46: ='4.5.1.3-4 Direct N2O'!Q231 -> 46.411575 | R46: ='4.5.1.3-4 Direct N2O'!R231 -> 43.57005 | S46: ='4.5.1.3-4 Direct N2O'!S231 -> 29.55186
E47: =INDEX(X_Table_Swine_Stage2MMS_From_DeepLitter,4,1) -> Pit storage | F47: ='4.5.1.3-4 Direct N2O'!F232 -> 34.85604 | G47: ='4.5.1.3-4 Direct N2O'!G232 -> 46.411575 | H47: ='4.5.1.3-4 Direct N2O'!H232 -> 43.57005 | I47: ='4.5.1.3-4 Direct N2O'!I232 -> 29.55186 | O47: =INDEX(X_Table_Swine_Stage2MMS_From_DeepLitter,4,1) -> Pit storage | P47: ='4.5.1.3-4 Direct N2O'!P232 -> 34.85604 | Q47: ='4.5.1.3-4 Direct N2O'!Q232 -> 46.411575 | R47: ='4.5.1.3-4 Direct N2O'!R232 -> 43.57005 | S47: ='4.5.1.3-4 Direct N2O'!S232 -> 29.55186
E48: =INDEX(X_Table_Swine_Stage2MMS_From_DeepLitter,5,1) -> Direct application | F48: ='4.5.1.3-4 Direct N2O'!F233 -> 69.71208 | G48: ='4.5.1.3-4 Direct N2O'!G233 -> 46.411575 | H48: ='4.5.1.3-4 Direct N2O'!H233 -> 43.57005 | I48: ='4.5.1.3-4 Direct N2O'!I233 -> 29.55186 | O48: =INDEX(X_Table_Swine_Stage2MMS_From_DeepLitter,5,1) -> Direct application | P48: ='4.5.1.3-4 Direct N2O'!P233 -> 69.71208 | Q48: ='4.5.1.3-4 Direct N2O'!Q233 -> 46.411575 | R48: ='4.5.1.3-4 Direct N2O'!R233 -> 43.57005 | S48: ='4.5.1.3-4 Direct N2O'!S233 -> 29.55186
D49: =INDEX(X_Table_Swine_Stage1MMS_PitStorage,2,1) -> Pit storage | E49: =INDEX(X_Table_Swine_Stage2MMS_From_PitStorage,2,1) -> Anaerobic lagoon | F49: ='4.5.1.3-4 Direct N2O'!F234 -> 30.141408 | G49: ='4.5.1.3-4 Direct N2O'!G234 -> 40.13394 | H49: ='4.5.1.3-4 Direct N2O'!H234 -> 37.67676 | I49: ='4.5.1.3-4 Direct N2O'!I234 -> 25.554672 | N49: =INDEX(X_Table_Swine_Stage1MMS_PitStorage,2,1) -> Pit storage | O49: =INDEX(X_Table_Swine_Stage2MMS_From_PitStorage,2,1) -> Anaerobic lagoon | P49: ='4.5.1.3-4 Direct N2O'!P234 -> 30.141408 | Q49: ='4.5.1.3-4 Direct N2O'!Q234 -> 40.13394 | R49: ='4.5.1.3-4 Direct N2O'!R234 -> 37.67676 | S49: ='4.5.1.3-4 Direct N2O'!S234 -> 25.554672
E50: =INDEX(X_Table_Swine_Stage2MMS_From_PitStorage,3,1) -> Digester / covered lagoons | F50: ='4.5.1.3-4 Direct N2O'!F235 -> 30.141408 | G50: ='4.5.1.3-4 Direct N2O'!G235 -> 40.13394 | H50: ='4.5.1.3-4 Direct N2O'!H235 -> 37.67676 | I50: ='4.5.1.3-4 Direct N2O'!I235 -> 25.554672 | O50: =INDEX(X_Table_Swine_Stage2MMS_From_PitStorage,3,1) -> Digester / covered lagoons | P50: ='4.5.1.3-4 Direct N2O'!P235 -> 30.141408 | Q50: ='4.5.1.3-4 Direct N2O'!Q235 -> 40.13394 | R50: ='4.5.1.3-4 Direct N2O'!R235 -> 37.67676 | S50: ='4.5.1.3-4 Direct N2O'!S235 -> 25.554672
E51: =INDEX(X_Table_Swine_Stage2MMS_From_PitStorage,4,1) -> Deep litter | F51: ='4.5.1.3-4 Direct N2O'!F236 -> 30.141408 | G51: ='4.5.1.3-4 Direct N2O'!G236 -> 40.13394 | H51: ='4.5.1.3-4 Direct N2O'!H236 -> 37.67676 | I51: ='4.5.1.3-4 Direct N2O'!I236 -> 25.554672 | O51: =INDEX(X_Table_Swine_Stage2MMS_From_PitStorage,4,1) -> Deep litter | P51: ='4.5.1.3-4 Direct N2O'!P236 -> 30.141408 | Q51: ='4.5.1.3-4 Direct N2O'!Q236 -> 40.13394 | R51: ='4.5.1.3-4 Direct N2O'!R236 -> 37.67676 | S51: ='4.5.1.3-4 Direct N2O'!S236 -> 25.554672
E52: =INDEX(X_Table_Swine_Stage2MMS_From_PitStorage,5,1) -> Direct application | F52: ='4.5.1.3-4 Direct N2O'!F237 -> 60.282816 | G52: ='4.5.1.3-4 Direct N2O'!G237 -> 40.13394 | H52: ='4.5.1.3-4 Direct N2O'!H237 -> 37.67676 | I52: ='4.5.1.3-4 Direct N2O'!I237 -> 25.554672 | O52: =INDEX(X_Table_Swine_Stage2MMS_From_PitStorage,5,1) -> Direct application | P52: ='4.5.1.3-4 Direct N2O'!P237 -> 60.282816 | Q52: ='4.5.1.3-4 Direct N2O'!Q237 -> 40.13394 | R52: ='4.5.1.3-4 Direct N2O'!R237 -> 37.67676 | S52: ='4.5.1.3-4 Direct N2O'!S237 -> 25.554672
D53: Solid storage | E53: =INDEX(X_Table_Swine_Stage2MMS_From_SolidStorage,2,1) -> Anaerobic lagoon | F53: ='4.5.1.3-4 Direct N2O'!F238 -> 106.7844 | G53: ='4.5.1.3-4 Direct N2O'!G238 -> 113.7486 | H53: ='4.5.1.3-4 Direct N2O'!H238 -> 106.7844 | I53: ='4.5.1.3-4 Direct N2O'!I238 -> 72.42768 | N53: Solid storage | O53: =INDEX(X_Table_Swine_Stage2MMS_From_SolidStorage,2,1) -> Anaerobic lagoon | P53: ='4.5.1.3-4 Direct N2O'!P238 -> 106.7844 | Q53: ='4.5.1.3-4 Direct N2O'!Q238 -> 113.7486 | R53: ='4.5.1.3-4 Direct N2O'!R238 -> 106.7844 | S53: ='4.5.1.3-4 Direct N2O'!S238 -> 72.42768
E54: =INDEX(X_Table_Swine_Stage2MMS_From_SolidStorage,3,1) -> Digester / covered lagoons | F54: ='4.5.1.3-4 Direct N2O'!F239 -> 106.7844 | G54: ='4.5.1.3-4 Direct N2O'!G239 -> 113.7486 | H54: ='4.5.1.3-4 Direct N2O'!H239 -> 106.7844 | I54: ='4.5.1.3-4 Direct N2O'!I239 -> 72.42768 | O54: =INDEX(X_Table_Swine_Stage2MMS_From_SolidStorage,3,1) -> Digester / covered lagoons | P54: ='4.5.1.3-4 Direct N2O'!P239 -> 106.7844 | Q54: ='4.5.1.3-4 Direct N2O'!Q239 -> 113.7486 | R54: ='4.5.1.3-4 Direct N2O'!R239 -> 106.7844 | S54: ='4.5.1.3-4 Direct N2O'!S239 -> 72.42768
E55: =INDEX(X_Table_Swine_Stage2MMS_From_SolidStorage,4,1) -> Deep litter | F55: ='4.5.1.3-4 Direct N2O'!F240 -> 106.7844 | G55: ='4.5.1.3-4 Direct N2O'!G240 -> 113.7486 | H55: ='4.5.1.3-4 Direct N2O'!H240 -> 106.7844 | I55: ='4.5.1.3-4 Direct N2O'!I240 -> 72.42768 | O55: =INDEX(X_Table_Swine_Stage2MMS_From_SolidStorage,4,1) -> Deep litter | P55: ='4.5.1.3-4 Direct N2O'!P240 -> 106.7844 | Q55: ='4.5.1.3-4 Direct N2O'!Q240 -> 113.7486 | R55: ='4.5.1.3-4 Direct N2O'!R240 -> 106.7844 | S55: ='4.5.1.3-4 Direct N2O'!S240 -> 72.42768
E56: =INDEX(X_Table_Swine_Stage2MMS_From_SolidStorage,5,1) -> Pit storage | F56: ='4.5.1.3-4 Direct N2O'!F241 -> 53.3922 | G56: ='4.5.1.3-4 Direct N2O'!G241 -> 56.8743 | H56: ='4.5.1.3-4 Direct N2O'!H241 -> 53.3922 | I56: ='4.5.1.3-4 Direct N2O'!I241 -> 36.21384 | O56: =INDEX(X_Table_Swine_Stage2MMS_From_SolidStorage,5,1) -> Pit storage | P56: ='4.5.1.3-4 Direct N2O'!P241 -> 53.3922 | Q56: ='4.5.1.3-4 Direct N2O'!Q241 -> 56.8743 | R56: ='4.5.1.3-4 Direct N2O'!R241 -> 53.3922 | S56: ='4.5.1.3-4 Direct N2O'!S241 -> 36.21384
E57: =INDEX(X_Table_Swine_Stage2MMS_From_SolidStorage,6,1) -> Direct application | F57: ='4.5.1.3-4 Direct N2O'!F242 -> 160.1766 | G57: ='4.5.1.3-4 Direct N2O'!G242 -> 170.6229 | H57: ='4.5.1.3-4 Direct N2O'!H242 -> 160.1766 | I57: ='4.5.1.3-4 Direct N2O'!I242 -> 108.64152 | O57: =INDEX(X_Table_Swine_Stage2MMS_From_SolidStorage,6,1) -> Direct application | P57: ='4.5.1.3-4 Direct N2O'!P242 -> 160.1766 | Q57: ='4.5.1.3-4 Direct N2O'!Q242 -> 170.6229 | R57: ='4.5.1.3-4 Direct N2O'!R242 -> 160.1766 | S57: ='4.5.1.3-4 Direct N2O'!S242 -> 108.64152
D59: Table_FracGASM_m_t
D60: Fraction of N volatilised from MMS
D61: Stage 1 management | E61: FracGASMm
D62: =INDEX(X_Table_Swine_Stage1MMS_AnaerobicLagoon,2,1) -> Anaerobic lagoon | E62: {=Common_InputFunctions.Utility_LookupValueInTableNumber(D62, Table_SourceData_Swine_FracGASM[NIR reference],Table_SourceData_Swine_FracGASM[FracGASMmT])} -> 0.55 | F62: =G14 -> (kg NH3-N + NOx-N)/kg N
D63: =INDEX(X_Table_Swine_Stage1MMS_Drylot,2,1) -> Drylot (feed pad) | E63: {=Common_InputFunctions.Utility_LookupValueInTableNumber(D63, Table_SourceData_Swine_FracGASM[NIR reference],Table_SourceData_Swine_FracGASM[FracGASMmT])} -> 0.3
D64: =INDEX(X_Table_Swine_Stage1MMS_DigesterCoveredLagoons,2,1) -> Digester / covered lagoons | E64: {=Common_InputFunctions.Utility_LookupValueInTableNumber(D64, Table_SourceData_Swine_FracGASM[NIR reference],Table_SourceData_Swine_FracGASM[FracGASMmT])} -> 0
D65: =INDEX(X_Table_Swine_Stage1MMS_DeepLitter,2,1) -> Deep litter | E65: {=Common_InputFunctions.Utility_LookupValueInTableNumber(D65, Table_SourceData_Swine_FracGASM[NIR reference],Table_SourceData_Swine_FracGASM[FracGASMmT])} -> 0.125
D66: =INDEX(X_Table_Swine_Stage1MMS_PitStorage,2,1) -> Pit storage | E66: {=Common_InputFunctions.Utility_LookupValueInTableNumber(D66, Table_SourceData_Swine_FracGASM[NIR reference],Table_SourceData_Swine_FracGASM[FracGASMmT])} -> 0.25
D67: Solid storage | E67: {=Common_InputFunctions.Utility_LookupValueInTableNumber(D67, Table_SourceData_Swine_FracGASM[NIR reference],Table_SourceData_Swine_FracGASM[FracGASMmT])} -> 0.2
D68: ='Constants - Swine'!D47 -> Direct application | E68: {=Common_InputFunctions.Utility_LookupValueInTableNumber(D68, Table_SourceData_Swine_FracGASM[NIR reference],Table_SourceData_Swine_FracGASM[FracGASMmT])} -> 0
D70: M1_Table_E_N2O_dir | N70: M1_Table_E_N2O_dir
D71: Total direct nitrous oxide emissions from MMS (Method 1) | N71: Total direct nitrous oxide emissions from MMS (Method 1)
D72: Stage 1 management | E72: Stage 2 management | F72: Boars | G72: Sows | H72: Gilts | I72: Others | N72: Stage 1 management | O72: Stage 2 management | P72: Boars | Q72: Sows | R72: Gilts | S72: Others
D73: =INDEX(X_Table_Swine_Stage1MMS_AnaerobicLagoon,2,1) -> Anaerobic lagoon | E73: N/A | F73: {=MMS_Swine_AtmosphericDeposition_Equations.VEERG_4_5_1_5__2_TotalNitrogenVolatilisedFromMMS(E22,_xlfn.XLOOKUP($D73,$D$62:$D$68,$E$62:$E$68))} -> 110.814 | G73: {=MMS_Swine_AtmosphericDeposition_Equations.VEERG_4_5_1_5__2_TotalNitrogenVolatilisedFromMMS(F22,_xlfn.XLOOKUP($D73,$D$62:$D$68,$E$62:$E$68))} -> 118.041 | H73: {=MMS_Swine_AtmosphericDeposition_Equations.VEERG_4_5_1_5__2_TotalNitrogenVolatilisedFromMMS(G22,_xlfn.XLOOKUP($D73,$D$62:$D$68,$E$62:$E$68))} -> 110.814 | I73: {=MMS_Swine_AtmosphericDeposition_Equations.VEERG_4_5_1_5__2_TotalNitrogenVolatilisedFromMMS(H22,_xlfn.XLOOKUP($D73,$D$62:$D$68,$E$62:$E$68))} -> 75.1608 | J73: =$E$11 -> kg N | N73: =INDEX(X_Table_Swine_Stage1MMS_AnaerobicLagoon,2,1) -> Anaerobic lagoon | O73: N/A | P73: {=MMS_Swine_AtmosphericDeposition_Equations.VEERG_4_5_1_5__2_TotalNitrogenVolatilisedFromMMS(O22,_xlfn.XLOOKUP($N73,$D$62:$D$68,$E$62:$E$68))} -> 110.814 | Q73: {=MMS_Swine_AtmosphericDeposition_Equations.VEERG_4_5_1_5__2_TotalNitrogenVolatilisedFromMMS(P22,_xlfn.XLOOKUP($N73,$D$62:$D$68,$E$62:$E$68))} -> 118.041 | R73: {=MMS_Swine_AtmosphericDeposition_Equations.VEERG_4_5_1_5__2_TotalNitrogenVolatilisedFromMMS(Q22,_xlfn.XLOOKUP($N73,$D$62:$D$68,$E$62:$E$68))} -> 110.814 | S73: {=MMS_Swine_AtmosphericDeposition_Equations.VEERG_4_5_1_5__2_TotalNitrogenVolatilisedFromMMS(R22,_xlfn.XLOOKUP($N73,$D$62:$D$68,$E$62:$E$68))} -> 75.1608 | T73: =$E$11 -> kg N
D74: =INDEX(X_Table_Swine_Stage1MMS_Drylot,2,1) -> Drylot (feed pad) | E74: N/A | F74: {=MMS_Swine_AtmosphericDeposition_Equations.VEERG_4_5_1_5__2_TotalNitrogenVolatilisedFromMMS(E23,_xlfn.XLOOKUP($D74,$D$62:$D$68,$E$62:$E$68))} -> 60.444 | G74: {=MMS_Swine_AtmosphericDeposition_Equations.VEERG_4_5_1_5__2_TotalNitrogenVolatilisedFromMMS(F23,_xlfn.XLOOKUP($D74,$D$62:$D$68,$E$62:$E$68))} -> 64.386 | H74: {=MMS_Swine_AtmosphericDeposition_Equations.VEERG_4_5_1_5__2_TotalNitrogenVolatilisedFromMMS(G23,_xlfn.XLOOKUP($D74,$D$62:$D$68,$E$62:$E$68))} -> 60.444 | I74: {=MMS_Swine_AtmosphericDeposition_Equations.VEERG_4_5_1_5__2_TotalNitrogenVolatilisedFromMMS(H23,_xlfn.XLOOKUP($D74,$D$62:$D$68,$E$62:$E$68))} -> 40.9968 | N74: =INDEX(X_Table_Swine_Stage1MMS_Drylot,2,1) -> Drylot (feed pad) | O74: N/A | P74: {=MMS_Swine_AtmosphericDeposition_Equations.VEERG_4_5_1_5__2_TotalNitrogenVolatilisedFromMMS(O23,_xlfn.XLOOKUP($N74,$D$62:$D$68,$E$62:$E$68))} -> 60.444 | Q74: {=MMS_Swine_AtmosphericDeposition_Equations.VEERG_4_5_1_5__2_TotalNitrogenVolatilisedFromMMS(P23,_xlfn.XLOOKUP($N74,$D$62:$D$68,$E$62:$E$68))} -> 64.386 | R74: {=MMS_Swine_AtmosphericDeposition_Equations.VEERG_4_5_1_5__2_TotalNitrogenVolatilisedFromMMS(Q23,_xlfn.XLOOKUP($N74,$D$62:$D$68,$E$62:$E$68))} -> 60.444 | S74: {=MMS_Swine_AtmosphericDeposition_Equations.VEERG_4_5_1_5__2_TotalNitrogenVolatilisedFromMMS(R23,_xlfn.XLOOKUP($N74,$D$62:$D$68,$E$62:$E$68))} -> 40.9968
D75: =INDEX(X_Table_Swine_Stage1MMS_DigesterCoveredLagoons,2,1) -> Digester / covered lagoons | E75: N/A | F75: {=MMS_Swine_AtmosphericDeposition_Equations.VEERG_4_5_1_5__2_TotalNitrogenVolatilisedFromMMS(E24,_xlfn.XLOOKUP($D75,$D$62:$D$68,$E$62:$E$68))} -> 0 | G75: {=MMS_Swine_AtmosphericDeposition_Equations.VEERG_4_5_1_5__2_TotalNitrogenVolatilisedFromMMS(F24,_xlfn.XLOOKUP($D75,$D$62:$D$68,$E$62:$E$68))} -> 0 | H75: {=MMS_Swine_AtmosphericDeposition_Equations.VEERG_4_5_1_5__2_TotalNitrogenVolatilisedFromMMS(G24,_xlfn.XLOOKUP($D75,$D$62:$D$68,$E$62:$E$68))} -> 0 | I75: {=MMS_Swine_AtmosphericDeposition_Equations.VEERG_4_5_1_5__2_TotalNitrogenVolatilisedFromMMS(H24,_xlfn.XLOOKUP($D75,$D$62:$D$68,$E$62:$E$68))} -> 0 | N75: =INDEX(X_Table_Swine_Stage1MMS_DigesterCoveredLagoons,2,1) -> Digester / covered lagoons | O75: N/A | P75: {=MMS_Swine_AtmosphericDeposition_Equations.VEERG_4_5_1_5__2_TotalNitrogenVolatilisedFromMMS(O24,_xlfn.XLOOKUP($N75,$D$62:$D$68,$E$62:$E$68))} -> 0 | Q75: {=MMS_Swine_AtmosphericDeposition_Equations.VEERG_4_5_1_5__2_TotalNitrogenVolatilisedFromMMS(P24,_xlfn.XLOOKUP($N75,$D$62:$D$68,$E$62:$E$68))} -> 0 | R75: {=MMS_Swine_AtmosphericDeposition_Equations.VEERG_4_5_1_5__2_TotalNitrogenVolatilisedFromMMS(Q24,_xlfn.XLOOKUP($N75,$D$62:$D$68,$E$62:$E$68))} -> 0 | S75: {=MMS_Swine_AtmosphericDeposition_Equations.VEERG_4_5_1_5__2_TotalNitrogenVolatilisedFromMMS(R24,_xlfn.XLOOKUP($N75,$D$62:$D$68,$E$62:$E$68))} -> 0
D76: =INDEX(X_Table_Swine_Stage1MMS_DeepLitter,2,1) -> Deep litter | E76: N/A | F76: {=MMS_Swine_AtmosphericDeposition_Equations.VEERG_4_5_1_5__2_TotalNitrogenVolatilisedFromMMS(E25,_xlfn.XLOOKUP($D76,$D$62:$D$68,$E$62:$E$68))} -> 25.185 | G76: {=MMS_Swine_AtmosphericDeposition_Equations.VEERG_4_5_1_5__2_TotalNitrogenVolatilisedFromMMS(F25,_xlfn.XLOOKUP($D76,$D$62:$D$68,$E$62:$E$68))} -> 26.8275 | H76: {=MMS_Swine_AtmosphericDeposition_Equations.VEERG_4_5_1_5__2_TotalNitrogenVolatilisedFromMMS(G25,_xlfn.XLOOKUP($D76,$D$62:$D$68,$E$62:$E$68))} -> 25.185 | I76: {=MMS_Swine_AtmosphericDeposition_Equations.VEERG_4_5_1_5__2_TotalNitrogenVolatilisedFromMMS(H25,_xlfn.XLOOKUP($D76,$D$62:$D$68,$E$62:$E$68))} -> 17.082 | N76: =INDEX(X_Table_Swine_Stage1MMS_DeepLitter,2,1) -> Deep litter | O76: N/A | P76: {=MMS_Swine_AtmosphericDeposition_Equations.VEERG_4_5_1_5__2_TotalNitrogenVolatilisedFromMMS(O25,_xlfn.XLOOKUP($N76,$D$62:$D$68,$E$62:$E$68))} -> 25.185 | Q76: {=MMS_Swine_AtmosphericDeposition_Equations.VEERG_4_5_1_5__2_TotalNitrogenVolatilisedFromMMS(P25,_xlfn.XLOOKUP($N76,$D$62:$D$68,$E$62:$E$68))} -> 26.8275 | R76: {=MMS_Swine_AtmosphericDeposition_Equations.VEERG_4_5_1_5__2_TotalNitrogenVolatilisedFromMMS(Q25,_xlfn.XLOOKUP($N76,$D$62:$D$68,$E$62:$E$68))} -> 25.185 | S76: {=MMS_Swine_AtmosphericDeposition_Equations.VEERG_4_5_1_5__2_TotalNitrogenVolatilisedFromMMS(R25,_xlfn.XLOOKUP($N76,$D$62:$D$68,$E$62:$E$68))} -> 17.082
D77: =INDEX(X_Table_Swine_Stage1MMS_PitStorage,2,1) -> Pit storage | E77: N/A | F77: {=MMS_Swine_AtmosphericDeposition_Equations.VEERG_4_5_1_5__2_TotalNitrogenVolatilisedFromMMS(E26,_xlfn.XLOOKUP($D77,$D$62:$D$68,$E$62:$E$68))} -> 50.37 | G77: {=MMS_Swine_AtmosphericDeposition_Equations.VEERG_4_5_1_5__2_TotalNitrogenVolatilisedFromMMS(F26,_xlfn.XLOOKUP($D77,$D$62:$D$68,$E$62:$E$68))} -> 53.655 | H77: {=MMS_Swine_AtmosphericDeposition_Equations.VEERG_4_5_1_5__2_TotalNitrogenVolatilisedFromMMS(G26,_xlfn.XLOOKUP($D77,$D$62:$D$68,$E$62:$E$68))} -> 50.37 | I77: {=MMS_Swine_AtmosphericDeposition_Equations.VEERG_4_5_1_5__2_TotalNitrogenVolatilisedFromMMS(H26,_xlfn.XLOOKUP($D77,$D$62:$D$68,$E$62:$E$68))} -> 34.164 | N77: =INDEX(X_Table_Swine_Stage1MMS_PitStorage,2,1) -> Pit storage | O77: N/A | P77: {=MMS_Swine_AtmosphericDeposition_Equations.VEERG_4_5_1_5__2_TotalNitrogenVolatilisedFromMMS(O26,_xlfn.XLOOKUP($N77,$D$62:$D$68,$E$62:$E$68))} -> 50.37 | Q77: {=MMS_Swine_AtmosphericDeposition_Equations.VEERG_4_5_1_5__2_TotalNitrogenVolatilisedFromMMS(P26,_xlfn.XLOOKUP($N77,$D$62:$D$68,$E$62:$E$68))} -> 53.655 | R77: {=MMS_Swine_AtmosphericDeposition_Equations.VEERG_4_5_1_5__2_TotalNitrogenVolatilisedFromMMS(Q26,_xlfn.XLOOKUP($N77,$D$62:$D$68,$E$62:$E$68))} -> 50.37 | S77: {=MMS_Swine_AtmosphericDeposition_Equations.VEERG_4_5_1_5__2_TotalNitrogenVolatilisedFromMMS(R26,_xlfn.XLOOKUP($N77,$D$62:$D$68,$E$62:$E$68))} -> 34.164
D78: Solid storage | E78: N/A | F78: {=MMS_Swine_AtmosphericDeposition_Equations.VEERG_4_5_1_5__2_TotalNitrogenVolatilisedFromMMS(E27,_xlfn.XLOOKUP($D78,$D$62:$D$68,$E$62:$E$68))} -> 134.32 | G78: {=MMS_Swine_AtmosphericDeposition_Equations.VEERG_4_5_1_5__2_TotalNitrogenVolatilisedFromMMS(F27,_xlfn.XLOOKUP($D78,$D$62:$D$68,$E$62:$E$68))} -> 143.08 | H78: {=MMS_Swine_AtmosphericDeposition_Equations.VEERG_4_5_1_5__2_TotalNitrogenVolatilisedFromMMS(G27,_xlfn.XLOOKUP($D78,$D$62:$D$68,$E$62:$E$68))} -> 134.32 | I78: {=MMS_Swine_AtmosphericDeposition_Equations.VEERG_4_5_1_5__2_TotalNitrogenVolatilisedFromMMS(H27,_xlfn.XLOOKUP($D78,$D$62:$D$68,$E$62:$E$68))} -> 91.104 | N78: Solid storage | O78: N/A | P78: {=MMS_Swine_AtmosphericDeposition_Equations.VEERG_4_5_1_5__2_TotalNitrogenVolatilisedFromMMS(O27,_xlfn.XLOOKUP($N78,$D$62:$D$68,$E$62:$E$68))} -> 134.32 | Q78: {=MMS_Swine_AtmosphericDeposition_Equations.VEERG_4_5_1_5__2_TotalNitrogenVolatilisedFromMMS(P27,_xlfn.XLOOKUP($N78,$D$62:$D$68,$E$62:$E$68))} -> 143.08 | R78: {=MMS_Swine_AtmosphericDeposition_Equations.VEERG_4_5_1_5__2_TotalNitrogenVolatilisedFromMMS(Q27,_xlfn.XLOOKUP($N78,$D$62:$D$68,$E$62:$E$68))} -> 134.32 | S78: {=MMS_Swine_AtmosphericDeposition_Equations.VEERG_4_5_1_5__2_TotalNitrogenVolatilisedFromMMS(R27,_xlfn.XLOOKUP($N78,$D$62:$D$68,$E$62:$E$68))} -> 91.104
D79: =INDEX(X_Table_Swine_Stage1MMS_AnaerobicLagoon,2,1) -> Anaerobic lagoon | E79: =INDEX(X_Table_Swine_Stage2MMS_From_AnaerobicLagoon,2,1) -> Digester / covered lagoons | F79: {=MMS_Swine_AtmosphericDeposition_Equations.VEERG_4_5_1_5__2_TotalNitrogenVolatilisedFromMMS(F32,_xlfn.XLOOKUP($E79,$D$62:$D$68,$E$62:$E$68))} -> 0 | G79: {=MMS_Swine_AtmosphericDeposition_Equations.VEERG_4_5_1_5__2_TotalNitrogenVolatilisedFromMMS(G32,_xlfn.XLOOKUP($E79,$D$62:$D$68,$E$62:$E$68))} -> 0 | H79: {=MMS_Swine_AtmosphericDeposition_Equations.VEERG_4_5_1_5__2_TotalNitrogenVolatilisedFromMMS(H32,_xlfn.XLOOKUP($E79,$D$62:$D$68,$E$62:$E$68))} -> 0 | I79: {=MMS_Swine_AtmosphericDeposition_Equations.VEERG_4_5_1_5__2_TotalNitrogenVolatilisedFromMMS(I32,_xlfn.XLOOKUP($E79,$D$62:$D$68,$E$62:$E$68))} -> 0 | N79: =INDEX(X_Table_Swine_Stage1MMS_AnaerobicLagoon,2,1) -> Anaerobic lagoon | O79: =INDEX(X_Table_Swine_Stage2MMS_From_AnaerobicLagoon,2,1) -> Digester / covered lagoons | P79: {=MMS_Swine_AtmosphericDeposition_Equations.VEERG_4_5_1_5__2_TotalNitrogenVolatilisedFromMMS(P32,_xlfn.XLOOKUP($O79,$D$62:$D$68,$E$62:$E$68))} -> 0 | Q79: {=MMS_Swine_AtmosphericDeposition_Equations.VEERG_4_5_1_5__2_TotalNitrogenVolatilisedFromMMS(Q32,_xlfn.XLOOKUP($O79,$D$62:$D$68,$E$62:$E$68))} -> 0 | R79: {=MMS_Swine_AtmosphericDeposition_Equations.VEERG_4_5_1_5__2_TotalNitrogenVolatilisedFromMMS(R32,_xlfn.XLOOKUP($O79,$D$62:$D$68,$E$62:$E$68))} -> 0 | S79: {=MMS_Swine_AtmosphericDeposition_Equations.VEERG_4_5_1_5__2_TotalNitrogenVolatilisedFromMMS(S32,_xlfn.XLOOKUP($O79,$D$62:$D$68,$E$62:$E$68))} -> 0
E80: =INDEX(X_Table_Swine_Stage2MMS_From_AnaerobicLagoon,3,1) -> Deep litter | F80: {=MMS_Swine_AtmosphericDeposition_Equations.VEERG_4_5_1_5__2_TotalNitrogenVolatilisedFromMMS(F33,_xlfn.XLOOKUP($E80,$D$62:$D$68,$E$62:$E$68))} -> 2.26665 | G80: {=MMS_Swine_AtmosphericDeposition_Equations.VEERG_4_5_1_5__2_TotalNitrogenVolatilisedFromMMS(G33,_xlfn.XLOOKUP($E80,$D$62:$D$68,$E$62:$E$68))} -> 3.0180938 | H80: {=MMS_Swine_AtmosphericDeposition_Equations.VEERG_4_5_1_5__2_TotalNitrogenVolatilisedFromMMS(H33,_xlfn.XLOOKUP($E80,$D$62:$D$68,$E$62:$E$68))} -> 2.8333125 | I80: {=MMS_Swine_AtmosphericDeposition_Equations.VEERG_4_5_1_5__2_TotalNitrogenVolatilisedFromMMS(I33,_xlfn.XLOOKUP($E80,$D$62:$D$68,$E$62:$E$68))} -> 1.921725 | O80: =INDEX(X_Table_Swine_Stage2MMS_From_AnaerobicLagoon,3,1) -> Deep litter | P80: {=MMS_Swine_AtmosphericDeposition_Equations.VEERG_4_5_1_5__2_TotalNitrogenVolatilisedFromMMS(P33,_xlfn.XLOOKUP($O80,$D$62:$D$68,$E$62:$E$68))} -> 2.26665 | Q80: {=MMS_Swine_AtmosphericDeposition_Equations.VEERG_4_5_1_5__2_TotalNitrogenVolatilisedFromMMS(Q33,_xlfn.XLOOKUP($O80,$D$62:$D$68,$E$62:$E$68))} -> 3.0180938 | R80: {=MMS_Swine_AtmosphericDeposition_Equations.VEERG_4_5_1_5__2_TotalNitrogenVolatilisedFromMMS(R33,_xlfn.XLOOKUP($O80,$D$62:$D$68,$E$62:$E$68))} -> 2.8333125 | S80: {=MMS_Swine_AtmosphericDeposition_Equations.VEERG_4_5_1_5__2_TotalNitrogenVolatilisedFromMMS(S33,_xlfn.XLOOKUP($O80,$D$62:$D$68,$E$62:$E$68))} -> 1.921725
E81: =INDEX(X_Table_Swine_Stage2MMS_From_AnaerobicLagoon,4,1) -> Pit storage | F81: {=MMS_Swine_AtmosphericDeposition_Equations.VEERG_4_5_1_5__2_TotalNitrogenVolatilisedFromMMS(F34,_xlfn.XLOOKUP($E81,$D$62:$D$68,$E$62:$E$68))} -> 4.5333 | G81: {=MMS_Swine_AtmosphericDeposition_Equations.VEERG_4_5_1_5__2_TotalNitrogenVolatilisedFromMMS(G34,_xlfn.XLOOKUP($E81,$D$62:$D$68,$E$62:$E$68))} -> 6.0361875 | H81: {=MMS_Swine_AtmosphericDeposition_Equations.VEERG_4_5_1_5__2_TotalNitrogenVolatilisedFromMMS(H34,_xlfn.XLOOKUP($E81,$D$62:$D$68,$E$62:$E$68))} -> 5.666625 | I81: {=MMS_Swine_AtmosphericDeposition_Equations.VEERG_4_5_1_5__2_TotalNitrogenVolatilisedFromMMS(I34,_xlfn.XLOOKUP($E81,$D$62:$D$68,$E$62:$E$68))} -> 3.84345 | O81: =INDEX(X_Table_Swine_Stage2MMS_From_AnaerobicLagoon,4,1) -> Pit storage | P81: {=MMS_Swine_AtmosphericDeposition_Equations.VEERG_4_5_1_5__2_TotalNitrogenVolatilisedFromMMS(P34,_xlfn.XLOOKUP($O81,$D$62:$D$68,$E$62:$E$68))} -> 4.5333 | Q81: {=MMS_Swine_AtmosphericDeposition_Equations.VEERG_4_5_1_5__2_TotalNitrogenVolatilisedFromMMS(Q34,_xlfn.XLOOKUP($O81,$D$62:$D$68,$E$62:$E$68))} -> 6.0361875 | R81: {=MMS_Swine_AtmosphericDeposition_Equations.VEERG_4_5_1_5__2_TotalNitrogenVolatilisedFromMMS(R34,_xlfn.XLOOKUP($O81,$D$62:$D$68,$E$62:$E$68))} -> 5.666625 | S81: {=MMS_Swine_AtmosphericDeposition_Equations.VEERG_4_5_1_5__2_TotalNitrogenVolatilisedFromMMS(S34,_xlfn.XLOOKUP($O81,$D$62:$D$68,$E$62:$E$68))} -> 3.84345
E82: =INDEX(X_Table_Swine_Stage2MMS_From_AnaerobicLagoon,5,1) -> Direct application | F82: N/A | G82: N/A | H82: N/A | I82: N/A | O82: =INDEX(X_Table_Swine_Stage2MMS_From_AnaerobicLagoon,5,1) -> Direct application | P82: N/A | Q82: N/A | R82: N/A | S82: N/A
D83: =INDEX(X_Table_Swine_Stage1MMS_Drylot,2,1) -> Drylot (feed pad) | E83: =INDEX(X_Table_Swine_Stage2MMS_From_Drylot,2,1) -> Anaerobic lagoon | F83: {=MMS_Swine_AtmosphericDeposition_Equations.VEERG_4_5_1_5__2_TotalNitrogenVolatilisedFromMMS(F36,_xlfn.XLOOKUP($E83,$D$62:$D$68,$E$62:$E$68))} -> 15.070704 | G83: {=MMS_Swine_AtmosphericDeposition_Equations.VEERG_4_5_1_5__2_TotalNitrogenVolatilisedFromMMS(G36,_xlfn.XLOOKUP($E83,$D$62:$D$68,$E$62:$E$68))} -> 20.06697 | H83: {=MMS_Swine_AtmosphericDeposition_Equations.VEERG_4_5_1_5__2_TotalNitrogenVolatilisedFromMMS(H36,_xlfn.XLOOKUP($E83,$D$62:$D$68,$E$62:$E$68))} -> 18.83838 | I83: {=MMS_Swine_AtmosphericDeposition_Equations.VEERG_4_5_1_5__2_TotalNitrogenVolatilisedFromMMS(I36,_xlfn.XLOOKUP($E83,$D$62:$D$68,$E$62:$E$68))} -> 12.777336 | N83: =INDEX(X_Table_Swine_Stage1MMS_Drylot,2,1) -> Drylot (feed pad) | O83: =INDEX(X_Table_Swine_Stage2MMS_From_Drylot,2,1) -> Anaerobic lagoon | P83: {=MMS_Swine_AtmosphericDeposition_Equations.VEERG_4_5_1_5__2_TotalNitrogenVolatilisedFromMMS(P36,_xlfn.XLOOKUP($O83,$D$62:$D$68,$E$62:$E$68))} -> 15.070704 | Q83: {=MMS_Swine_AtmosphericDeposition_Equations.VEERG_4_5_1_5__2_TotalNitrogenVolatilisedFromMMS(Q36,_xlfn.XLOOKUP($O83,$D$62:$D$68,$E$62:$E$68))} -> 20.06697 | R83: {=MMS_Swine_AtmosphericDeposition_Equations.VEERG_4_5_1_5__2_TotalNitrogenVolatilisedFromMMS(R36,_xlfn.XLOOKUP($O83,$D$62:$D$68,$E$62:$E$68))} -> 18.83838 | S83: {=MMS_Swine_AtmosphericDeposition_Equations.VEERG_4_5_1_5__2_TotalNitrogenVolatilisedFromMMS(S36,_xlfn.XLOOKUP($O83,$D$62:$D$68,$E$62:$E$68))} -> 12.777336
E84: =INDEX(X_Table_Swine_Stage2MMS_From_Drylot,3,1) -> Digester / covered lagoons | F84: {=MMS_Swine_AtmosphericDeposition_Equations.VEERG_4_5_1_5__2_TotalNitrogenVolatilisedFromMMS(F37,_xlfn.XLOOKUP($E84,$D$62:$D$68,$E$62:$E$68))} -> 0 | G84: {=MMS_Swine_AtmosphericDeposition_Equations.VEERG_4_5_1_5__2_TotalNitrogenVolatilisedFromMMS(G37,_xlfn.XLOOKUP($E84,$D$62:$D$68,$E$62:$E$68))} -> 0 | H84: {=MMS_Swine_AtmosphericDeposition_Equations.VEERG_4_5_1_5__2_TotalNitrogenVolatilisedFromMMS(H37,_xlfn.XLOOKUP($E84,$D$62:$D$68,$E$62:$E$68))} -> 0 | I84: {=MMS_Swine_AtmosphericDeposition_Equations.VEERG_4_5_1_5__2_TotalNitrogenVolatilisedFromMMS(I37,_xlfn.XLOOKUP($E84,$D$62:$D$68,$E$62:$E$68))} -> 0 | O84: =INDEX(X_Table_Swine_Stage2MMS_From_Drylot,3,1) -> Digester / covered lagoons | P84: {=MMS_Swine_AtmosphericDeposition_Equations.VEERG_4_5_1_5__2_TotalNitrogenVolatilisedFromMMS(P37,_xlfn.XLOOKUP($O84,$D$62:$D$68,$E$62:$E$68))} -> 0 | Q84: {=MMS_Swine_AtmosphericDeposition_Equations.VEERG_4_5_1_5__2_TotalNitrogenVolatilisedFromMMS(Q37,_xlfn.XLOOKUP($O84,$D$62:$D$68,$E$62:$E$68))} -> 0 | R84: {=MMS_Swine_AtmosphericDeposition_Equations.VEERG_4_5_1_5__2_TotalNitrogenVolatilisedFromMMS(R37,_xlfn.XLOOKUP($O84,$D$62:$D$68,$E$62:$E$68))} -> 0 | S84: {=MMS_Swine_AtmosphericDeposition_Equations.VEERG_4_5_1_5__2_TotalNitrogenVolatilisedFromMMS(S37,_xlfn.XLOOKUP($O84,$D$62:$D$68,$E$62:$E$68))} -> 0
E85: =INDEX(X_Table_Swine_Stage2MMS_From_Drylot,4,1) -> Deep litter | F85: {=MMS_Swine_AtmosphericDeposition_Equations.VEERG_4_5_1_5__2_TotalNitrogenVolatilisedFromMMS(F38,_xlfn.XLOOKUP($E85,$D$62:$D$68,$E$62:$E$68))} -> 3.42516 | G85: {=MMS_Swine_AtmosphericDeposition_Equations.VEERG_4_5_1_5__2_TotalNitrogenVolatilisedFromMMS(G38,_xlfn.XLOOKUP($E85,$D$62:$D$68,$E$62:$E$68))} -> 4.560675 | H85: {=MMS_Swine_AtmosphericDeposition_Equations.VEERG_4_5_1_5__2_TotalNitrogenVolatilisedFromMMS(H38,_xlfn.XLOOKUP($E85,$D$62:$D$68,$E$62:$E$68))} -> 4.28145 | I85: {=MMS_Swine_AtmosphericDeposition_Equations.VEERG_4_5_1_5__2_TotalNitrogenVolatilisedFromMMS(I38,_xlfn.XLOOKUP($E85,$D$62:$D$68,$E$62:$E$68))} -> 2.90394 | O85: =INDEX(X_Table_Swine_Stage2MMS_From_Drylot,4,1) -> Deep litter | P85: {=MMS_Swine_AtmosphericDeposition_Equations.VEERG_4_5_1_5__2_TotalNitrogenVolatilisedFromMMS(P38,_xlfn.XLOOKUP($O85,$D$62:$D$68,$E$62:$E$68))} -> 3.42516 | Q85: {=MMS_Swine_AtmosphericDeposition_Equations.VEERG_4_5_1_5__2_TotalNitrogenVolatilisedFromMMS(Q38,_xlfn.XLOOKUP($O85,$D$62:$D$68,$E$62:$E$68))} -> 4.560675 | R85: {=MMS_Swine_AtmosphericDeposition_Equations.VEERG_4_5_1_5__2_TotalNitrogenVolatilisedFromMMS(R38,_xlfn.XLOOKUP($O85,$D$62:$D$68,$E$62:$E$68))} -> 4.28145 | S85: {=MMS_Swine_AtmosphericDeposition_Equations.VEERG_4_5_1_5__2_TotalNitrogenVolatilisedFromMMS(S38,_xlfn.XLOOKUP($O85,$D$62:$D$68,$E$62:$E$68))} -> 2.90394
E86: =INDEX(X_Table_Swine_Stage2MMS_From_Drylot,5,1) -> Pit storage | F86: {=MMS_Swine_AtmosphericDeposition_Equations.VEERG_4_5_1_5__2_TotalNitrogenVolatilisedFromMMS(F39,_xlfn.XLOOKUP($E86,$D$62:$D$68,$E$62:$E$68))} -> 6.85032 | G86: {=MMS_Swine_AtmosphericDeposition_Equations.VEERG_4_5_1_5__2_TotalNitrogenVolatilisedFromMMS(G39,_xlfn.XLOOKUP($E86,$D$62:$D$68,$E$62:$E$68))} -> 9.12135 | H86: {=MMS_Swine_AtmosphericDeposition_Equations.VEERG_4_5_1_5__2_TotalNitrogenVolatilisedFromMMS(H39,_xlfn.XLOOKUP($E86,$D$62:$D$68,$E$62:$E$68))} -> 8.5629 | I86: {=MMS_Swine_AtmosphericDeposition_Equations.VEERG_4_5_1_5__2_TotalNitrogenVolatilisedFromMMS(I39,_xlfn.XLOOKUP($E86,$D$62:$D$68,$E$62:$E$68))} -> 5.80788 | O86: =INDEX(X_Table_Swine_Stage2MMS_From_Drylot,5,1) -> Pit storage | P86: {=MMS_Swine_AtmosphericDeposition_Equations.VEERG_4_5_1_5__2_TotalNitrogenVolatilisedFromMMS(P39,_xlfn.XLOOKUP($O86,$D$62:$D$68,$E$62:$E$68))} -> 6.85032 | Q86: {=MMS_Swine_AtmosphericDeposition_Equations.VEERG_4_5_1_5__2_TotalNitrogenVolatilisedFromMMS(Q39,_xlfn.XLOOKUP($O86,$D$62:$D$68,$E$62:$E$68))} -> 9.12135 | R86: {=MMS_Swine_AtmosphericDeposition_Equations.VEERG_4_5_1_5__2_TotalNitrogenVolatilisedFromMMS(R39,_xlfn.XLOOKUP($O86,$D$62:$D$68,$E$62:$E$68))} -> 8.5629 | S86: {=MMS_Swine_AtmosphericDeposition_Equations.VEERG_4_5_1_5__2_TotalNitrogenVolatilisedFromMMS(S39,_xlfn.XLOOKUP($O86,$D$62:$D$68,$E$62:$E$68))} -> 5.80788
E87: =INDEX(X_Table_Swine_Stage2MMS_From_Drylot,6,1) -> Direct application | F87: N/A | G87: N/A | H87: N/A | I87: N/A | O87: =INDEX(X_Table_Swine_Stage2MMS_From_Drylot,6,1) -> Direct application | P87: N/A | Q87: N/A | R87: N/A | S87: N/A
D88: =INDEX(X_Table_Swine_Stage1MMS_DigesterCoveredLagoons,2,1) -> Digester / covered lagoons | E88: =INDEX(X_Table_Swine_Stage2MMS_From_DigesterCoveredLagoons,2,1) -> Anaerobic lagoon | F88: {=MMS_Swine_AtmosphericDeposition_Equations.VEERG_4_5_1_5__2_TotalNitrogenVolatilisedFromMMS(F41,_xlfn.XLOOKUP($E88,$D$62:$D$68,$E$62:$E$68))} -> 22.1628 | G88: {=MMS_Swine_AtmosphericDeposition_Equations.VEERG_4_5_1_5__2_TotalNitrogenVolatilisedFromMMS(G41,_xlfn.XLOOKUP($E88,$D$62:$D$68,$E$62:$E$68))} -> 29.51025 | H88: {=MMS_Swine_AtmosphericDeposition_Equations.VEERG_4_5_1_5__2_TotalNitrogenVolatilisedFromMMS(H41,_xlfn.XLOOKUP($E88,$D$62:$D$68,$E$62:$E$68))} -> 27.7035 | I88: {=MMS_Swine_AtmosphericDeposition_Equations.VEERG_4_5_1_5__2_TotalNitrogenVolatilisedFromMMS(I41,_xlfn.XLOOKUP($E88,$D$62:$D$68,$E$62:$E$68))} -> 18.7902 | N88: =INDEX(X_Table_Swine_Stage1MMS_DigesterCoveredLagoons,2,1) -> Digester / covered lagoons | O88: =INDEX(X_Table_Swine_Stage2MMS_From_DigesterCoveredLagoons,2,1) -> Anaerobic lagoon | P88: {=MMS_Swine_AtmosphericDeposition_Equations.VEERG_4_5_1_5__2_TotalNitrogenVolatilisedFromMMS(P41,_xlfn.XLOOKUP($O88,$D$62:$D$68,$E$62:$E$68))} -> 22.1628 | Q88: {=MMS_Swine_AtmosphericDeposition_Equations.VEERG_4_5_1_5__2_TotalNitrogenVolatilisedFromMMS(Q41,_xlfn.XLOOKUP($O88,$D$62:$D$68,$E$62:$E$68))} -> 29.51025 | R88: {=MMS_Swine_AtmosphericDeposition_Equations.VEERG_4_5_1_5__2_TotalNitrogenVolatilisedFromMMS(R41,_xlfn.XLOOKUP($O88,$D$62:$D$68,$E$62:$E$68))} -> 27.7035 | S88: {=MMS_Swine_AtmosphericDeposition_Equations.VEERG_4_5_1_5__2_TotalNitrogenVolatilisedFromMMS(S41,_xlfn.XLOOKUP($O88,$D$62:$D$68,$E$62:$E$68))} -> 18.7902
E89: =INDEX(X_Table_Swine_Stage2MMS_From_DigesterCoveredLagoons,3,1) -> Deep litter | F89: {=MMS_Swine_AtmosphericDeposition_Equations.VEERG_4_5_1_5__2_TotalNitrogenVolatilisedFromMMS(F42,_xlfn.XLOOKUP($E89,$D$62:$D$68,$E$62:$E$68))} -> 5.037 | G89: {=MMS_Swine_AtmosphericDeposition_Equations.VEERG_4_5_1_5__2_TotalNitrogenVolatilisedFromMMS(G42,_xlfn.XLOOKUP($E89,$D$62:$D$68,$E$62:$E$68))} -> 6.706875 | H89: {=MMS_Swine_AtmosphericDeposition_Equations.VEERG_4_5_1_5__2_TotalNitrogenVolatilisedFromMMS(H42,_xlfn.XLOOKUP($E89,$D$62:$D$68,$E$62:$E$68))} -> 6.29625 | I89: {=MMS_Swine_AtmosphericDeposition_Equations.VEERG_4_5_1_5__2_TotalNitrogenVolatilisedFromMMS(I42,_xlfn.XLOOKUP($E89,$D$62:$D$68,$E$62:$E$68))} -> 4.2705 | O89: =INDEX(X_Table_Swine_Stage2MMS_From_DigesterCoveredLagoons,3,1) -> Deep litter | P89: {=MMS_Swine_AtmosphericDeposition_Equations.VEERG_4_5_1_5__2_TotalNitrogenVolatilisedFromMMS(P42,_xlfn.XLOOKUP($O89,$D$62:$D$68,$E$62:$E$68))} -> 5.037 | Q89: {=MMS_Swine_AtmosphericDeposition_Equations.VEERG_4_5_1_5__2_TotalNitrogenVolatilisedFromMMS(Q42,_xlfn.XLOOKUP($O89,$D$62:$D$68,$E$62:$E$68))} -> 6.706875 | R89: {=MMS_Swine_AtmosphericDeposition_Equations.VEERG_4_5_1_5__2_TotalNitrogenVolatilisedFromMMS(R42,_xlfn.XLOOKUP($O89,$D$62:$D$68,$E$62:$E$68))} -> 6.29625 | S89: {=MMS_Swine_AtmosphericDeposition_Equations.VEERG_4_5_1_5__2_TotalNitrogenVolatilisedFromMMS(S42,_xlfn.XLOOKUP($O89,$D$62:$D$68,$E$62:$E$68))} -> 4.2705
E90: =INDEX(X_Table_Swine_Stage2MMS_From_DigesterCoveredLagoons,4,1) -> Pit storage | F90: {=MMS_Swine_AtmosphericDeposition_Equations.VEERG_4_5_1_5__2_TotalNitrogenVolatilisedFromMMS(F43,_xlfn.XLOOKUP($E90,$D$62:$D$68,$E$62:$E$68))} -> 10.074 | G90: {=MMS_Swine_AtmosphericDeposition_Equations.VEERG_4_5_1_5__2_TotalNitrogenVolatilisedFromMMS(G43,_xlfn.XLOOKUP($E90,$D$62:$D$68,$E$62:$E$68))} -> 13.41375 | H90: {=MMS_Swine_AtmosphericDeposition_Equations.VEERG_4_5_1_5__2_TotalNitrogenVolatilisedFromMMS(H43,_xlfn.XLOOKUP($E90,$D$62:$D$68,$E$62:$E$68))} -> 12.5925 | I90: {=MMS_Swine_AtmosphericDeposition_Equations.VEERG_4_5_1_5__2_TotalNitrogenVolatilisedFromMMS(I43,_xlfn.XLOOKUP($E90,$D$62:$D$68,$E$62:$E$68))} -> 8.541 | O90: =INDEX(X_Table_Swine_Stage2MMS_From_DigesterCoveredLagoons,4,1) -> Pit storage | P90: {=MMS_Swine_AtmosphericDeposition_Equations.VEERG_4_5_1_5__2_TotalNitrogenVolatilisedFromMMS(P43,_xlfn.XLOOKUP($O90,$D$62:$D$68,$E$62:$E$68))} -> 10.074 | Q90: {=MMS_Swine_AtmosphericDeposition_Equations.VEERG_4_5_1_5__2_TotalNitrogenVolatilisedFromMMS(Q43,_xlfn.XLOOKUP($O90,$D$62:$D$68,$E$62:$E$68))} -> 13.41375 | R90: {=MMS_Swine_AtmosphericDeposition_Equations.VEERG_4_5_1_5__2_TotalNitrogenVolatilisedFromMMS(R43,_xlfn.XLOOKUP($O90,$D$62:$D$68,$E$62:$E$68))} -> 12.5925 | S90: {=MMS_Swine_AtmosphericDeposition_Equations.VEERG_4_5_1_5__2_TotalNitrogenVolatilisedFromMMS(S43,_xlfn.XLOOKUP($O90,$D$62:$D$68,$E$62:$E$68))} -> 8.541
E91: =INDEX(X_Table_Swine_Stage2MMS_From_DigesterCoveredLagoons,5,1) -> Direct application | F91: N/A | G91: N/A | H91: N/A | I91: N/A | O91: =INDEX(X_Table_Swine_Stage2MMS_From_DigesterCoveredLagoons,5,1) -> Direct application | P91: N/A | Q91: N/A | R91: N/A | S91: N/A
D92: =INDEX(X_Table_Swine_Stage1MMS_DeepLitter,2,1) -> Deep litter | E92: =INDEX(X_Table_Swine_Stage2MMS_From_DeepLitter,2,1) -> Anaerobic lagoon | F92: {=MMS_Swine_AtmosphericDeposition_Equations.VEERG_4_5_1_5__2_TotalNitrogenVolatilisedFromMMS(F45,_xlfn.XLOOKUP($E92,$D$62:$D$68,$E$62:$E$68))} -> 19.170822 | G92: {=MMS_Swine_AtmosphericDeposition_Equations.VEERG_4_5_1_5__2_TotalNitrogenVolatilisedFromMMS(G45,_xlfn.XLOOKUP($E92,$D$62:$D$68,$E$62:$E$68))} -> 25.526366 | H92: {=MMS_Swine_AtmosphericDeposition_Equations.VEERG_4_5_1_5__2_TotalNitrogenVolatilisedFromMMS(H45,_xlfn.XLOOKUP($E92,$D$62:$D$68,$E$62:$E$68))} -> 23.963527 | I92: {=MMS_Swine_AtmosphericDeposition_Equations.VEERG_4_5_1_5__2_TotalNitrogenVolatilisedFromMMS(I45,_xlfn.XLOOKUP($E92,$D$62:$D$68,$E$62:$E$68))} -> 16.253523 | N92: =INDEX(X_Table_Swine_Stage1MMS_DeepLitter,2,1) -> Deep litter | O92: =INDEX(X_Table_Swine_Stage2MMS_From_DeepLitter,2,1) -> Anaerobic lagoon | P92: {=MMS_Swine_AtmosphericDeposition_Equations.VEERG_4_5_1_5__2_TotalNitrogenVolatilisedFromMMS(P45,_xlfn.XLOOKUP($O92,$D$62:$D$68,$E$62:$E$68))} -> 19.170822 | Q92: {=MMS_Swine_AtmosphericDeposition_Equations.VEERG_4_5_1_5__2_TotalNitrogenVolatilisedFromMMS(Q45,_xlfn.XLOOKUP($O92,$D$62:$D$68,$E$62:$E$68))} -> 25.526366 | R92: {=MMS_Swine_AtmosphericDeposition_Equations.VEERG_4_5_1_5__2_TotalNitrogenVolatilisedFromMMS(R45,_xlfn.XLOOKUP($O92,$D$62:$D$68,$E$62:$E$68))} -> 23.963527 | S92: {=MMS_Swine_AtmosphericDeposition_Equations.VEERG_4_5_1_5__2_TotalNitrogenVolatilisedFromMMS(S45,_xlfn.XLOOKUP($O92,$D$62:$D$68,$E$62:$E$68))} -> 16.253523
E93: =INDEX(X_Table_Swine_Stage2MMS_From_DeepLitter,3,1) -> Digester / covered lagoons | F93: {=MMS_Swine_AtmosphericDeposition_Equations.VEERG_4_5_1_5__2_TotalNitrogenVolatilisedFromMMS(F46,_xlfn.XLOOKUP($E93,$D$62:$D$68,$E$62:$E$68))} -> 0 | G93: {=MMS_Swine_AtmosphericDeposition_Equations.VEERG_4_5_1_5__2_TotalNitrogenVolatilisedFromMMS(G46,_xlfn.XLOOKUP($E93,$D$62:$D$68,$E$62:$E$68))} -> 0 | H93: {=MMS_Swine_AtmosphericDeposition_Equations.VEERG_4_5_1_5__2_TotalNitrogenVolatilisedFromMMS(H46,_xlfn.XLOOKUP($E93,$D$62:$D$68,$E$62:$E$68))} -> 0 | I93: {=MMS_Swine_AtmosphericDeposition_Equations.VEERG_4_5_1_5__2_TotalNitrogenVolatilisedFromMMS(I46,_xlfn.XLOOKUP($E93,$D$62:$D$68,$E$62:$E$68))} -> 0 | O93: =INDEX(X_Table_Swine_Stage2MMS_From_DeepLitter,3,1) -> Digester / covered lagoons | P93: {=MMS_Swine_AtmosphericDeposition_Equations.VEERG_4_5_1_5__2_TotalNitrogenVolatilisedFromMMS(P46,_xlfn.XLOOKUP($O93,$D$62:$D$68,$E$62:$E$68))} -> 0 | Q93: {=MMS_Swine_AtmosphericDeposition_Equations.VEERG_4_5_1_5__2_TotalNitrogenVolatilisedFromMMS(Q46,_xlfn.XLOOKUP($O93,$D$62:$D$68,$E$62:$E$68))} -> 0 | R93: {=MMS_Swine_AtmosphericDeposition_Equations.VEERG_4_5_1_5__2_TotalNitrogenVolatilisedFromMMS(R46,_xlfn.XLOOKUP($O93,$D$62:$D$68,$E$62:$E$68))} -> 0 | S93: {=MMS_Swine_AtmosphericDeposition_Equations.VEERG_4_5_1_5__2_TotalNitrogenVolatilisedFromMMS(S46,_xlfn.XLOOKUP($O93,$D$62:$D$68,$E$62:$E$68))} -> 0
E94: =INDEX(X_Table_Swine_Stage2MMS_From_DeepLitter,4,1) -> Pit storage | F94: {=MMS_Swine_AtmosphericDeposition_Equations.VEERG_4_5_1_5__2_TotalNitrogenVolatilisedFromMMS(F47,_xlfn.XLOOKUP($E94,$D$62:$D$68,$E$62:$E$68))} -> 8.71401 | G94: {=MMS_Swine_AtmosphericDeposition_Equations.VEERG_4_5_1_5__2_TotalNitrogenVolatilisedFromMMS(G47,_xlfn.XLOOKUP($E94,$D$62:$D$68,$E$62:$E$68))} -> 11.602894 | H94: {=MMS_Swine_AtmosphericDeposition_Equations.VEERG_4_5_1_5__2_TotalNitrogenVolatilisedFromMMS(H47,_xlfn.XLOOKUP($E94,$D$62:$D$68,$E$62:$E$68))} -> 10.892512 | I94: {=MMS_Swine_AtmosphericDeposition_Equations.VEERG_4_5_1_5__2_TotalNitrogenVolatilisedFromMMS(I47,_xlfn.XLOOKUP($E94,$D$62:$D$68,$E$62:$E$68))} -> 7.387965 | O94: =INDEX(X_Table_Swine_Stage2MMS_From_DeepLitter,4,1) -> Pit storage | P94: {=MMS_Swine_AtmosphericDeposition_Equations.VEERG_4_5_1_5__2_TotalNitrogenVolatilisedFromMMS(P47,_xlfn.XLOOKUP($O94,$D$62:$D$68,$E$62:$E$68))} -> 8.71401 | Q94: {=MMS_Swine_AtmosphericDeposition_Equations.VEERG_4_5_1_5__2_TotalNitrogenVolatilisedFromMMS(Q47,_xlfn.XLOOKUP($O94,$D$62:$D$68,$E$62:$E$68))} -> 11.602894 | R94: {=MMS_Swine_AtmosphericDeposition_Equations.VEERG_4_5_1_5__2_TotalNitrogenVolatilisedFromMMS(R47,_xlfn.XLOOKUP($O94,$D$62:$D$68,$E$62:$E$68))} -> 10.892512 | S94: {=MMS_Swine_AtmosphericDeposition_Equations.VEERG_4_5_1_5__2_TotalNitrogenVolatilisedFromMMS(S47,_xlfn.XLOOKUP($O94,$D$62:$D$68,$E$62:$E$68))} -> 7.387965
E95: =INDEX(X_Table_Swine_Stage2MMS_From_DeepLitter,5,1) -> Direct application | F95: N/A | G95: N/A | H95: N/A | I95: N/A | O95: =INDEX(X_Table_Swine_Stage2MMS_From_DeepLitter,5,1) -> Direct application | P95: N/A | Q95: N/A | R95: N/A | S95: N/A
D96: =INDEX(X_Table_Swine_Stage1MMS_PitStorage,2,1) -> Pit storage | E96: =INDEX(X_Table_Swine_Stage2MMS_From_PitStorage,2,1) -> Anaerobic lagoon | F96: {=MMS_Swine_AtmosphericDeposition_Equations.VEERG_4_5_1_5__2_TotalNitrogenVolatilisedFromMMS(F49,_xlfn.XLOOKUP($E96,$D$62:$D$68,$E$62:$E$68))} -> 16.577774 | G96: {=MMS_Swine_AtmosphericDeposition_Equations.VEERG_4_5_1_5__2_TotalNitrogenVolatilisedFromMMS(G49,_xlfn.XLOOKUP($E96,$D$62:$D$68,$E$62:$E$68))} -> 22.073667 | H96: {=MMS_Swine_AtmosphericDeposition_Equations.VEERG_4_5_1_5__2_TotalNitrogenVolatilisedFromMMS(H49,_xlfn.XLOOKUP($E96,$D$62:$D$68,$E$62:$E$68))} -> 20.722218 | I96: {=MMS_Swine_AtmosphericDeposition_Equations.VEERG_4_5_1_5__2_TotalNitrogenVolatilisedFromMMS(I49,_xlfn.XLOOKUP($E96,$D$62:$D$68,$E$62:$E$68))} -> 14.05507 | N96: =INDEX(X_Table_Swine_Stage1MMS_PitStorage,2,1) -> Pit storage | O96: =INDEX(X_Table_Swine_Stage2MMS_From_PitStorage,2,1) -> Anaerobic lagoon | P96: {=MMS_Swine_AtmosphericDeposition_Equations.VEERG_4_5_1_5__2_TotalNitrogenVolatilisedFromMMS(P49,_xlfn.XLOOKUP($O96,$D$62:$D$68,$E$62:$E$68))} -> 16.577774 | Q96: {=MMS_Swine_AtmosphericDeposition_Equations.VEERG_4_5_1_5__2_TotalNitrogenVolatilisedFromMMS(Q49,_xlfn.XLOOKUP($O96,$D$62:$D$68,$E$62:$E$68))} -> 22.073667 | R96: {=MMS_Swine_AtmosphericDeposition_Equations.VEERG_4_5_1_5__2_TotalNitrogenVolatilisedFromMMS(R49,_xlfn.XLOOKUP($O96,$D$62:$D$68,$E$62:$E$68))} -> 20.722218 | S96: {=MMS_Swine_AtmosphericDeposition_Equations.VEERG_4_5_1_5__2_TotalNitrogenVolatilisedFromMMS(S49,_xlfn.XLOOKUP($O96,$D$62:$D$68,$E$62:$E$68))} -> 14.05507
E97: =INDEX(X_Table_Swine_Stage2MMS_From_PitStorage,3,1) -> Digester / covered lagoons | F97: {=MMS_Swine_AtmosphericDeposition_Equations.VEERG_4_5_1_5__2_TotalNitrogenVolatilisedFromMMS(F50,_xlfn.XLOOKUP($E97,$D$62:$D$68,$E$62:$E$68))} -> 0 | G97: {=MMS_Swine_AtmosphericDeposition_Equations.VEERG_4_5_1_5__2_TotalNitrogenVolatilisedFromMMS(G50,_xlfn.XLOOKUP($E97,$D$62:$D$68,$E$62:$E$68))} -> 0 | H97: {=MMS_Swine_AtmosphericDeposition_Equations.VEERG_4_5_1_5__2_TotalNitrogenVolatilisedFromMMS(H50,_xlfn.XLOOKUP($E97,$D$62:$D$68,$E$62:$E$68))} -> 0 | I97: {=MMS_Swine_AtmosphericDeposition_Equations.VEERG_4_5_1_5__2_TotalNitrogenVolatilisedFromMMS(I50,_xlfn.XLOOKUP($E97,$D$62:$D$68,$E$62:$E$68))} -> 0 | O97: =INDEX(X_Table_Swine_Stage2MMS_From_PitStorage,3,1) -> Digester / covered lagoons | P97: {=MMS_Swine_AtmosphericDeposition_Equations.VEERG_4_5_1_5__2_TotalNitrogenVolatilisedFromMMS(P50,_xlfn.XLOOKUP($O97,$D$62:$D$68,$E$62:$E$68))} -> 0 | Q97: {=MMS_Swine_AtmosphericDeposition_Equations.VEERG_4_5_1_5__2_TotalNitrogenVolatilisedFromMMS(Q50,_xlfn.XLOOKUP($O97,$D$62:$D$68,$E$62:$E$68))} -> 0 | R97: {=MMS_Swine_AtmosphericDeposition_Equations.VEERG_4_5_1_5__2_TotalNitrogenVolatilisedFromMMS(R50,_xlfn.XLOOKUP($O97,$D$62:$D$68,$E$62:$E$68))} -> 0 | S97: {=MMS_Swine_AtmosphericDeposition_Equations.VEERG_4_5_1_5__2_TotalNitrogenVolatilisedFromMMS(S50,_xlfn.XLOOKUP($O97,$D$62:$D$68,$E$62:$E$68))} -> 0
E98: =INDEX(X_Table_Swine_Stage2MMS_From_PitStorage,4,1) -> Deep litter | F98: {=MMS_Swine_AtmosphericDeposition_Equations.VEERG_4_5_1_5__2_TotalNitrogenVolatilisedFromMMS(F51,_xlfn.XLOOKUP($E98,$D$62:$D$68,$E$62:$E$68))} -> 3.767676 | G98: {=MMS_Swine_AtmosphericDeposition_Equations.VEERG_4_5_1_5__2_TotalNitrogenVolatilisedFromMMS(G51,_xlfn.XLOOKUP($E98,$D$62:$D$68,$E$62:$E$68))} -> 5.0167425 | H98: {=MMS_Swine_AtmosphericDeposition_Equations.VEERG_4_5_1_5__2_TotalNitrogenVolatilisedFromMMS(H51,_xlfn.XLOOKUP($E98,$D$62:$D$68,$E$62:$E$68))} -> 4.709595 | I98: {=MMS_Swine_AtmosphericDeposition_Equations.VEERG_4_5_1_5__2_TotalNitrogenVolatilisedFromMMS(I51,_xlfn.XLOOKUP($E98,$D$62:$D$68,$E$62:$E$68))} -> 3.194334 | O98: =INDEX(X_Table_Swine_Stage2MMS_From_PitStorage,4,1) -> Deep litter | P98: {=MMS_Swine_AtmosphericDeposition_Equations.VEERG_4_5_1_5__2_TotalNitrogenVolatilisedFromMMS(P51,_xlfn.XLOOKUP($O98,$D$62:$D$68,$E$62:$E$68))} -> 3.767676 | Q98: {=MMS_Swine_AtmosphericDeposition_Equations.VEERG_4_5_1_5__2_TotalNitrogenVolatilisedFromMMS(Q51,_xlfn.XLOOKUP($O98,$D$62:$D$68,$E$62:$E$68))} -> 5.0167425 | R98: {=MMS_Swine_AtmosphericDeposition_Equations.VEERG_4_5_1_5__2_TotalNitrogenVolatilisedFromMMS(R51,_xlfn.XLOOKUP($O98,$D$62:$D$68,$E$62:$E$68))} -> 4.709595 | S98: {=MMS_Swine_AtmosphericDeposition_Equations.VEERG_4_5_1_5__2_TotalNitrogenVolatilisedFromMMS(S51,_xlfn.XLOOKUP($O98,$D$62:$D$68,$E$62:$E$68))} -> 3.194334
E99: =INDEX(X_Table_Swine_Stage2MMS_From_PitStorage,5,1) -> Direct application | F99: N/A | G99: N/A | H99: N/A | I99: N/A | O99: =INDEX(X_Table_Swine_Stage2MMS_From_PitStorage,5,1) -> Direct application | P99: N/A | Q99: N/A | R99: N/A | S99: N/A
D100: Solid storage | E100: =INDEX(X_Table_Swine_Stage2MMS_From_SolidStorage,2,1) -> Anaerobic lagoon | F100: {=MMS_Swine_AtmosphericDeposition_Equations.VEERG_4_5_1_5__2_TotalNitrogenVolatilisedFromMMS(F53,_xlfn.XLOOKUP($E100,$D$62:$D$68,$E$62:$E$68))} -> 58.73142 | G100: {=MMS_Swine_AtmosphericDeposition_Equations.VEERG_4_5_1_5__2_TotalNitrogenVolatilisedFromMMS(G53,_xlfn.XLOOKUP($E100,$D$62:$D$68,$E$62:$E$68))} -> 62.56173 | H100: {=MMS_Swine_AtmosphericDeposition_Equations.VEERG_4_5_1_5__2_TotalNitrogenVolatilisedFromMMS(H53,_xlfn.XLOOKUP($E100,$D$62:$D$68,$E$62:$E$68))} -> 58.73142 | I100: {=MMS_Swine_AtmosphericDeposition_Equations.VEERG_4_5_1_5__2_TotalNitrogenVolatilisedFromMMS(I53,_xlfn.XLOOKUP($E100,$D$62:$D$68,$E$62:$E$68))} -> 39.835224 | N100: Solid storage | O100: =INDEX(X_Table_Swine_Stage2MMS_From_SolidStorage,2,1) -> Anaerobic lagoon | P100: {=MMS_Swine_AtmosphericDeposition_Equations.VEERG_4_5_1_5__2_TotalNitrogenVolatilisedFromMMS(P53,_xlfn.XLOOKUP($O100,$D$62:$D$68,$E$62:$E$68))} -> 58.73142 | Q100: {=MMS_Swine_AtmosphericDeposition_Equations.VEERG_4_5_1_5__2_TotalNitrogenVolatilisedFromMMS(Q53,_xlfn.XLOOKUP($O100,$D$62:$D$68,$E$62:$E$68))} -> 62.56173 | R100: {=MMS_Swine_AtmosphericDeposition_Equations.VEERG_4_5_1_5__2_TotalNitrogenVolatilisedFromMMS(R53,_xlfn.XLOOKUP($O100,$D$62:$D$68,$E$62:$E$68))} -> 58.73142 | S100: {=MMS_Swine_AtmosphericDeposition_Equations.VEERG_4_5_1_5__2_TotalNitrogenVolatilisedFromMMS(S53,_xlfn.XLOOKUP($O100,$D$62:$D$68,$E$62:$E$68))} -> 39.835224
E101: =INDEX(X_Table_Swine_Stage2MMS_From_SolidStorage,3,1) -> Digester / covered lagoons | F101: {=MMS_Swine_AtmosphericDeposition_Equations.VEERG_4_5_1_5__2_TotalNitrogenVolatilisedFromMMS(F54,_xlfn.XLOOKUP($E101,$D$62:$D$68,$E$62:$E$68))} -> 0 | G101: {=MMS_Swine_AtmosphericDeposition_Equations.VEERG_4_5_1_5__2_TotalNitrogenVolatilisedFromMMS(G54,_xlfn.XLOOKUP($E101,$D$62:$D$68,$E$62:$E$68))} -> 0 | H101: {=MMS_Swine_AtmosphericDeposition_Equations.VEERG_4_5_1_5__2_TotalNitrogenVolatilisedFromMMS(H54,_xlfn.XLOOKUP($E101,$D$62:$D$68,$E$62:$E$68))} -> 0 | I101: {=MMS_Swine_AtmosphericDeposition_Equations.VEERG_4_5_1_5__2_TotalNitrogenVolatilisedFromMMS(I54,_xlfn.XLOOKUP($E101,$D$62:$D$68,$E$62:$E$68))} -> 0 | O101: =INDEX(X_Table_Swine_Stage2MMS_From_SolidStorage,3,1) -> Digester / covered lagoons | P101: {=MMS_Swine_AtmosphericDeposition_Equations.VEERG_4_5_1_5__2_TotalNitrogenVolatilisedFromMMS(P54,_xlfn.XLOOKUP($O101,$D$62:$D$68,$E$62:$E$68))} -> 0 | Q101: {=MMS_Swine_AtmosphericDeposition_Equations.VEERG_4_5_1_5__2_TotalNitrogenVolatilisedFromMMS(Q54,_xlfn.XLOOKUP($O101,$D$62:$D$68,$E$62:$E$68))} -> 0 | R101: {=MMS_Swine_AtmosphericDeposition_Equations.VEERG_4_5_1_5__2_TotalNitrogenVolatilisedFromMMS(R54,_xlfn.XLOOKUP($O101,$D$62:$D$68,$E$62:$E$68))} -> 0 | S101: {=MMS_Swine_AtmosphericDeposition_Equations.VEERG_4_5_1_5__2_TotalNitrogenVolatilisedFromMMS(S54,_xlfn.XLOOKUP($O101,$D$62:$D$68,$E$62:$E$68))} -> 0
E102: =INDEX(X_Table_Swine_Stage2MMS_From_SolidStorage,4,1) -> Deep litter | F102: {=MMS_Swine_AtmosphericDeposition_Equations.VEERG_4_5_1_5__2_TotalNitrogenVolatilisedFromMMS(F55,_xlfn.XLOOKUP($E102,$D$62:$D$68,$E$62:$E$68))} -> 13.34805 | G102: {=MMS_Swine_AtmosphericDeposition_Equations.VEERG_4_5_1_5__2_TotalNitrogenVolatilisedFromMMS(G55,_xlfn.XLOOKUP($E102,$D$62:$D$68,$E$62:$E$68))} -> 14.218575 | H102: {=MMS_Swine_AtmosphericDeposition_Equations.VEERG_4_5_1_5__2_TotalNitrogenVolatilisedFromMMS(H55,_xlfn.XLOOKUP($E102,$D$62:$D$68,$E$62:$E$68))} -> 13.34805 | I102: {=MMS_Swine_AtmosphericDeposition_Equations.VEERG_4_5_1_5__2_TotalNitrogenVolatilisedFromMMS(I55,_xlfn.XLOOKUP($E102,$D$62:$D$68,$E$62:$E$68))} -> 9.05346 | O102: =INDEX(X_Table_Swine_Stage2MMS_From_SolidStorage,4,1) -> Deep litter | P102: {=MMS_Swine_AtmosphericDeposition_Equations.VEERG_4_5_1_5__2_TotalNitrogenVolatilisedFromMMS(P55,_xlfn.XLOOKUP($O102,$D$62:$D$68,$E$62:$E$68))} -> 13.34805 | Q102: {=MMS_Swine_AtmosphericDeposition_Equations.VEERG_4_5_1_5__2_TotalNitrogenVolatilisedFromMMS(Q55,_xlfn.XLOOKUP($O102,$D$62:$D$68,$E$62:$E$68))} -> 14.218575 | R102: {=MMS_Swine_AtmosphericDeposition_Equations.VEERG_4_5_1_5__2_TotalNitrogenVolatilisedFromMMS(R55,_xlfn.XLOOKUP($O102,$D$62:$D$68,$E$62:$E$68))} -> 13.34805 | S102: {=MMS_Swine_AtmosphericDeposition_Equations.VEERG_4_5_1_5__2_TotalNitrogenVolatilisedFromMMS(S55,_xlfn.XLOOKUP($O102,$D$62:$D$68,$E$62:$E$68))} -> 9.05346
E103: =INDEX(X_Table_Swine_Stage2MMS_From_SolidStorage,5,1) -> Pit storage | F103: {=MMS_Swine_AtmosphericDeposition_Equations.VEERG_4_5_1_5__2_TotalNitrogenVolatilisedFromMMS(F56,_xlfn.XLOOKUP($E103,$D$62:$D$68,$E$62:$E$68))} -> 13.34805 | G103: {=MMS_Swine_AtmosphericDeposition_Equations.VEERG_4_5_1_5__2_TotalNitrogenVolatilisedFromMMS(G56,_xlfn.XLOOKUP($E103,$D$62:$D$68,$E$62:$E$68))} -> 14.218575 | H103: {=MMS_Swine_AtmosphericDeposition_Equations.VEERG_4_5_1_5__2_TotalNitrogenVolatilisedFromMMS(H56,_xlfn.XLOOKUP($E103,$D$62:$D$68,$E$62:$E$68))} -> 13.34805 | I103: {=MMS_Swine_AtmosphericDeposition_Equations.VEERG_4_5_1_5__2_TotalNitrogenVolatilisedFromMMS(I56,_xlfn.XLOOKUP($E103,$D$62:$D$68,$E$62:$E$68))} -> 9.05346 | O103: =INDEX(X_Table_Swine_Stage2MMS_From_SolidStorage,5,1) -> Pit storage | P103: {=MMS_Swine_AtmosphericDeposition_Equations.VEERG_4_5_1_5__2_TotalNitrogenVolatilisedFromMMS(P56,_xlfn.XLOOKUP($O103,$D$62:$D$68,$E$62:$E$68))} -> 13.34805 | Q103: {=MMS_Swine_AtmosphericDeposition_Equations.VEERG_4_5_1_5__2_TotalNitrogenVolatilisedFromMMS(Q56,_xlfn.XLOOKUP($O103,$D$62:$D$68,$E$62:$E$68))} -> 14.218575 | R103: {=MMS_Swine_AtmosphericDeposition_Equations.VEERG_4_5_1_5__2_TotalNitrogenVolatilisedFromMMS(R56,_xlfn.XLOOKUP($O103,$D$62:$D$68,$E$62:$E$68))} -> 13.34805 | S103: {=MMS_Swine_AtmosphericDeposition_Equations.VEERG_4_5_1_5__2_TotalNitrogenVolatilisedFromMMS(S56,_xlfn.XLOOKUP($O103,$D$62:$D$68,$E$62:$E$68))} -> 9.05346
E104: =INDEX(X_Table_Swine_Stage2MMS_From_SolidStorage,6,1) -> Direct application | F104: N/A | G104: N/A | H104: N/A | I104: N/A | O104: =INDEX(X_Table_Swine_Stage2MMS_From_SolidStorage,6,1) -> Direct application | P104: N/A | Q104: N/A | R104: N/A | S104: N/A
D106: MMSATMOS | E106: =SUM(F73:I104) -> 2267.6729 | F106: =$E$11 -> kg N | N106: MMSATMOS | O106: =SUM(P73:S104) -> 2267.6729 | P106: =$E$11 -> kg N
...

Sheet 4.5.1.7-8 Leaching and runoff
A1: #VALUE! | C1: 4.5.1.7-8 Leaching and runoff
A3: =HYPERLINK("#'Home'!A1", "Home") -> Home | D3: Method 1 | M3: Method 2
A4: =HYPERLINK("#'Overview'!A1", "Overview") -> Overview
A5: =HYPERLINK("#'Results'!A1", "Results") -> Results | D5: {=MMS_Swine_LeachingAndRunoff_Equations.VEERG_4_5_1_7__2_MassOfNitrogenLostToLeachingAndRunoffFromDrylotMMS_Title()} -> Mass of nitrogen lost to leaching and runoff from drylot MMS
D6: {=MMS_Swine_LeachingAndRunoff_Equations.VEERG_4_5_1_7__2_MassOfNitrogenLostToLeachingAndRunoffFromDrylotMMS_Source()} -> VEERG 2026: 4.5.1.7, Equation (2)
D7: Function name | E7: {=Common_InputFunctions.Utility_DisplayFunctionName($E$28)} -> =MMS_Swine_LeachingAndRunoff_Equations.VEERG_4_5_1_7__2_MassOfNitrogenLostToLeachingAndRunoffFromDrylotMMS
A8: INPUTS
A9: =HYPERLINK("#'Input - Site'!A1", "Site") -> Site
A10: =HYPERLINK("#'Input - Swine'!A1", "Swine") -> Swine | D10: Variable | E10: {=MMS_Swine_LeachingAndRunoff_Equations.VEERG_4_5_1_7__2_MassOfNitrogenLostToLeachingAndRunoffFromDrylotMMS_Variable()} -> MNLeach_jm5 | F10: This infers that drylot is not a stage 2 MMS option
D11: Unit | E11: {=MMS_Swine_LeachingAndRunoff_Equations.VEERG_4_5_1_7__2_MassOfNitrogenLostToLeachingAndRunoffFromDrylotMMS_Unit()} -> kg N | F11: Doc has typo - refers to 'solid storage'
A13: CALCULATIONS | D13: {=Common_InputFunctions.Utility_DisplayArguments_1_2(MMS_Swine_LeachingAndRunoff_Equations.VEERG_4_5_1_7__2_MassOfNitrogenLostToLeachingAndRunoffFromDrylotMMS_Arguments())} -> MN_jm5T1 | E13: nitrogen in treatment stage 1 drylot MMS | G13: {=Common_InputFunctions.Utility_DisplayArguments_3_4(MMS_Swine_LeachingAndRunoff_Equations.VEERG_4_5_1_7__2_MassOfNitrogenLostToLeachingAndRunoffFromDrylotMMS_Arguments())} -> kg N | H13: Calculated from 4.5.1.3 (2) | I13: {=HYPERLINK(Common_InputFunctions.Utility_SourceHyperlink(D20), D20)} -> M1_Table_MN_j_m-5_T-1
A14: =HYPERLINK("#'4.5.1.1-2 Methane'!A1", "4.5.1.1-2 Methane") -> 4.5.1.1-2 Methane | D14: FracWET | E14: fraction of N available for leaching and runoff | G14: fraction | H14: Constant | I14: =Common_InputFunctions.CommonCropping_GetFracWET(I16,I18,Table_SourceData_FracWET[Is in leaching zone],Table_SourceData_FracWET[FracWET],Table_SourceData_FracWETIrrigation[Irrigation type i],Table_SourceData_FracWETIrrigation[FracWET]) -> 1
A15: =HYPERLINK("#'4.5.1.3-4 Direct N2O'!A1", "4.5.1.3-4 Direct N2O") -> 4.5.1.3-4 Direct N2O | D15: FracLEACH_MS | E15: fraction of N lost through leaching and runoff | G15: fraction | H15: Constant | I15: =SourceData_Swine_FracLEACH_DrylotMMS_Data -> 0.02
A16: =HYPERLINK("#'4.5.1.5-6 Atmos Dep'!A1", "4.5.1.5-6 Atmos Dep") -> 4.5.1.5-6 Atmos Dep | D16: z | E16: location in leaching zone | H16: Input | I16: =X_Cell_Site_LeachingZone -> NO - Not in leaching zone
A17: =HYPERLINK("#'4.5.1.7-8 Leaching and runoff'!A1", "4.5.1.7-8 Leaching and runoff") -> 4.5.1.7-8 Leaching and runoff | D17: j | E17: production system | H17: Input | I17: =X_Cell_Swine_ManureAppliedProductionSystem -> Crop
A18: =HYPERLINK("#'4.5.1.9 Manure applied to soils'!A1", "4.5.1.9 Manure applied to soils") -> 4.5.1.9 Manure applied to soils | D18: ir | E18: irrigation method | H18: Input | I18: =X_Cell_Swine_ManureAppliedIrrigationMethod -> Sprinkler irrigation
D20: M1_Table_MN_j_m-5_T-1 | M20: M2_Table_MN_j_m-5_T-1
A21: APPENDICES | D21: Nitrogen in stage 1 drylot (Method 1) | M21: Nitrogen in stage 1 drylot (Method 2)
A22: =HYPERLINK("#'Constants - Swine'!A1", "Constants - Swine") -> Constants - Swine | D22: Stage 1 management | E22: Boars | F22: Sows | G22: Gilts | H22: Others | M22: Stage 1 management | N22: Boars | O22: Sows | P22: Gilts | Q22: Others
A23: =HYPERLINK("#'Constants - Common'!A1", "Constants - Common") -> Constants - Common | D23: =INDEX(X_Table_Swine_Stage1MMS_Drylot,2,1) -> Drylot (feed pad) | E23: ='4.5.1.3-4 Direct N2O'!E119 -> 201.48 | F23: ='4.5.1.3-4 Direct N2O'!F119 -> 214.62 | G23: ='4.5.1.3-4 Direct N2O'!G119 -> 201.48 | H23: ='4.5.1.3-4 Direct N2O'!H119 -> 136.656 | I23: =$G$13 -> kg N | M23: =INDEX(X_Table_Swine_Stage1MMS_Drylot,2,1) -> Drylot (feed pad) | N23: ='4.5.1.3-4 Direct N2O'!O119 -> 201.48 | O23: ='4.5.1.3-4 Direct N2O'!P119 -> 214.62 | P23: ='4.5.1.3-4 Direct N2O'!Q119 -> 201.48 | Q23: ='4.5.1.3-4 Direct N2O'!R119 -> 136.656 | R23: =$G$13 -> kg N
A24: =HYPERLINK("#'Constants - Common livestock'!A1", "Constants - Common livestock") -> Constants - Common livestock
A25: =HYPERLINK("#'Acknowledgements'!A1", "Acknowledgements") -> Acknowledgements | D25: M1_Table_MN_leach_j_m-5 | M25: M1_Table_MN_leach_j_m-5
A26: =HYPERLINK("#'Tab template'!A1", "Tab template") -> Tab template | D26: Mass of nitrogen lost to leaching (Method 1) | M26: Mass of nitrogen lost to leaching (Method 1)
D27: Stage 1 management | E27: Boars | F27: Sows | G27: Gilts | H27: Others | M27: Stage 1 management | N27: Boars | O27: Sows | P27: Gilts | Q27: Others
D28: =INDEX(X_Table_Swine_Stage1MMS_Drylot,2,1) -> Drylot (feed pad) | E28: {=MMS_Swine_LeachingAndRunoff_Equations.VEERG_4_5_1_7__2_MassOfNitrogenLostToLeachingAndRunoffFromDrylotMMS(E23,$I$14,$I$15)} -> 4.0296 | F28: {=MMS_Swine_LeachingAndRunoff_Equations.VEERG_4_5_1_7__2_MassOfNitrogenLostToLeachingAndRunoffFromDrylotMMS(F23,$I$14,$I$15)} -> 4.2924 | G28: {=MMS_Swine_LeachingAndRunoff_Equations.VEERG_4_5_1_7__2_MassOfNitrogenLostToLeachingAndRunoffFromDrylotMMS(G23,$I$14,$I$15)} -> 4.0296 | H28: {=MMS_Swine_LeachingAndRunoff_Equations.VEERG_4_5_1_7__2_MassOfNitrogenLostToLeachingAndRunoffFromDrylotMMS(H23,$I$14,$I$15)} -> 2.73312 | I28: =$E$11 -> kg N | M28: =INDEX(X_Table_Swine_Stage1MMS_Drylot,2,1) -> Drylot (feed pad) | N28: {=MMS_Swine_LeachingAndRunoff_Equations.VEERG_4_5_1_7__2_MassOfNitrogenLostToLeachingAndRunoffFromDrylotMMS(N23,$I$14,$I$15)} -> 4.0296 | O28: {=MMS_Swine_LeachingAndRunoff_Equations.VEERG_4_5_1_7__2_MassOfNitrogenLostToLeachingAndRunoffFromDrylotMMS(O23,$I$14,$I$15)} -> 4.2924 | P28: {=MMS_Swine_LeachingAndRunoff_Equations.VEERG_4_5_1_7__2_MassOfNitrogenLostToLeachingAndRunoffFromDrylotMMS(P23,$I$14,$I$15)} -> 4.0296 | Q28: {=MMS_Swine_LeachingAndRunoff_Equations.VEERG_4_5_1_7__2_MassOfNitrogenLostToLeachingAndRunoffFromDrylotMMS(Q23,$I$14,$I$15)} -> 2.73312 | R28: =$E$11 -> kg N
D32: {=MMS_Swine_LeachingAndRunoff_Equations.VEERG_4_5_1_7__1_AnnualEmissionsFromLeachingAndRunoffFromMMS_Title()} -> Annual emissions from leaching and runoff from each MMS
D33: {=MMS_Swine_LeachingAndRunoff_Equations.VEERG_4_5_1_7__1_AnnualEmissionsFromLeachingAndRunoffFromMMS_Source()} -> VEERG 2026: 4.5.1.7, Equation (1)
D34: Function name | E34: {=Common_InputFunctions.Utility_DisplayFunctionName($E$47)} -> =MMS_Swine_LeachingAndRunoff_Equations.VEERG_4_5_1_7__1_AnnualEmissionsFromLeachingAndRunoffFromMMS
D37: Variable | E37: {=MMS_Swine_LeachingAndRunoff_Equations.VEERG_4_5_1_7__1_AnnualEmissionsFromLeachingAndRunoffFromMMS_Variable()} -> E_N2Oleach
D38: Unit | E38: {=MMS_Swine_LeachingAndRunoff_Equations.VEERG_4_5_1_7__1_AnnualEmissionsFromLeachingAndRunoffFromMMS_Unit()} -> t N2O
D40: {=Common_InputFunctions.Utility_DisplayArguments_1_2(MMS_Swine_LeachingAndRunoff_Equations.VEERG_4_5_1_7__1_AnnualEmissionsFromLeachingAndRunoffFromMMS_Arguments())} -> MNLeach_jm5 | E40: mass of N lost through leaching and runoff from drylot MMS | G40: {=Common_InputFunctions.Utility_DisplayArguments_3_4(MMS_Swine_LeachingAndRunoff_Equations.VEERG_4_5_1_7__1_AnnualEmissionsFromLeachingAndRunoffFromMMS_Arguments())} -> kg N | H40: Calculated from 4.5.1.7 (2) | I40: {=HYPERLINK(Common_InputFunctions.Utility_SourceHyperlink(D25), D25)} -> M1_Table_MN_leach_j_m-5
D41: EF_leach | E41: emission factor for leaching and runoff | G41: kg N2O-N/kg N | H41: Constant | I41: ='Constants - Common'!$E$170 -> 0.011
D42: C_N2O | E42: factor to convert elemental mass of N2O to molecular mass | H42: Constant | I42: =Common_InputFunctions.Utility_LookupValueInTableNumber("N2O",Table_GasToMolecularConversionFactor[Gas],Table_GasToMolecularConversionFactor[Conversion factor combined]) -> 1.5714286
D44: M1_Table_E_N2O_leach | M44: M2_Table_E_N2O_leach
D45: Annual emissions from leaching and runoff (Method 1) | M45: Annual emissions from leaching and runoff (Method 2)
D46: Stage 1 management | E46: Boars | F46: Sows | G46: Gilts | H46: Others | M46: Stage 1 management | N46: Boars | O46: Sows | P46: Gilts | Q46: Others
D47: =INDEX(X_Table_Swine_Stage1MMS_Drylot,2,1) -> Drylot (feed pad) | E47: {=MMS_Swine_LeachingAndRunoff_Equations.VEERG_4_5_1_7__1_AnnualEmissionsFromLeachingAndRunoffFromMMS(E28,$I$41,$I$42)} -> 6.9654514e-05 | F47: {=MMS_Swine_LeachingAndRunoff_Equations.VEERG_4_5_1_7__1_AnnualEmissionsFromLeachingAndRunoffFromMMS(F28,$I$41,$I$42)} -> 7.41972e-05 | G47: {=MMS_Swine_LeachingAndRunoff_Equations.VEERG_4_5_1_7__1_AnnualEmissionsFromLeachingAndRunoffFromMMS(G28,$I$41,$I$42)} -> 6.9654514e-05 | H47: {=MMS_Swine_LeachingAndRunoff_Equations.VEERG_4_5_1_7__1_AnnualEmissionsFromLeachingAndRunoffFromMMS(H28,$I$41,$I$42)} -> 4.7243931e-05 | I47: =$E$38 -> t N2O | M47: =INDEX(X_Table_Swine_Stage1MMS_Drylot,2,1) -> Drylot (feed pad) | N47: {=MMS_Swine_LeachingAndRunoff_Equations.VEERG_4_5_1_7__1_AnnualEmissionsFromLeachingAndRunoffFromMMS(N28,$I$41,$I$42)} -> 6.9654514e-05 | O47: {=MMS_Swine_LeachingAndRunoff_Equations.VEERG_4_5_1_7__1_AnnualEmissionsFromLeachingAndRunoffFromMMS(O28,$I$41,$I$42)} -> 7.41972e-05 | P47: {=MMS_Swine_LeachingAndRunoff_Equations.VEERG_4_5_1_7__1_AnnualEmissionsFromLeachingAndRunoffFromMMS(P28,$I$41,$I$42)} -> 6.9654514e-05 | Q47: {=MMS_Swine_LeachingAndRunoff_Equations.VEERG_4_5_1_7__1_AnnualEmissionsFromLeachingAndRunoffFromMMS(Q28,$I$41,$I$42)} -> 4.7243931e-05 | R47: =$E$38 -> t N2O
D49: EN2O,leach | E49: =SUM(E47:H47) -> 0.00026075016 | F49: =$E$38 -> t N2O | M49: EN2O,leach | N49: =SUM(N47:Q47) -> 0.00026075016 | O49: =$E$38 -> t N2O
D51: {=Common_Equations.Common_ConvertN2OToCO2e_Arguments()} -> EN2O | E51: Nitrous oxide emissions (t N2O) | G51: =E49 -> 0.00026075016 | M51: {=Common_Equations.Common_ConvertN2OToCO2e_Arguments()} -> EN2O | N51: Nitrous oxide emissions (t N2O) | P51: =N49 -> 0.00026075016
D52: GWPN2O | E52: Global warming potential for nitrous oxide (t CO2-e / t N2O) | G52: =Common_InputFunctions.Utility_LookupValueInTableNumber("N2O",Table_GWPData[Gas],Table_GWPData[CO2-e factor]) -> 265 | M52: GWPN2O | N52: Global warming potential for nitrous oxide (t CO2-e / t N2O) | P52: =Common_InputFunctions.Utility_LookupValueInTableNumber("N2O",Table_GWPData[Gas],Table_GWPData[CO2-e factor]) -> 265
D54: ECO2e | E54: {=Common_Equations.Common_ConvertN2OToCO2e(G51,G52)} -> 0.069098792 | F54: {=Common_Equations.Common_ConvertN2OToCO2e_Unit()} -> t CO2e | M54: ECO2e | N54: {=Common_Equations.Common_ConvertN2OToCO2e(P51,P52)} -> 0.069098792 | O54: {=Common_Equations.Common_ConvertN2OToCO2e_Unit()} -> t CO2e

Sheet 4.5.1.9 Manure applied to soils
A1: #VALUE! | C1: 4.5.1.9 Manure applied to soils
A3: =HYPERLINK("#'Home'!A1", "Home") -> Home | D3: Method 1 | N3: Method 2
A4: =HYPERLINK("#'Overview'!A1", "Overview") -> Overview
A5: =HYPERLINK("#'Results'!A1", "Results") -> Results | D5: {=MMS_Swine_ManureAppliedToSoils_Equations.VEERG_4_5_1_9__1_MassOfNitrogenAppliedToSoilsScope1_Title()} -> Mass of nitrogen applied to soils for scope 1 emissions
D6: {=MMS_Swine_ManureAppliedToSoils_Equations.VEERG_4_5_1_9__1_MassOfNitrogenAppliedToSoilsScope1_Source()} -> VEERG 2026: 4.5.1.9, Equation (1)
D7: Function name | E7: {=Common_InputFunctions.Utility_DisplayFunctionName(F134)} -> =MMS_Swine_ManureAppliedToSoils_Equations.VEERG_4_5_1_9__1_MassOfNitrogenAppliedToSoilsScope1
A8: INPUTS
A9: =HYPERLINK("#'Input - Site'!A1", "Site") -> Site | G9: MNleachjm=5 infers stage 1 and 2 drylot MMS
A10: =HYPERLINK("#'Input - Swine'!A1", "Swine") -> Swine | D10: Variable | E10: {=MMS_Swine_ManureAppliedToSoils_Equations.VEERG_4_5_1_9__1_MassOfNitrogenAppliedToSoilsScope1_Variable()} -> MNSoil_scope1 | G10: but 4.5.1.7, Equation (2) says MNleachjm=5 only comes from stage 1 MMS
D11: Unit | E11: {=MMS_Swine_ManureAppliedToSoils_Equations.VEERG_4_5_1_9__1_MassOfNitrogenAppliedToSoilsScope1_Unit()} -> kg N
A13: CALCULATIONS | D13: {=Common_InputFunctions.Utility_DisplayArguments_1_2(MMS_Swine_ManureAppliedToSoils_Equations.VEERG_4_5_1_9__1_MassOfNitrogenAppliedToSoilsScope1_Arguments())} -> MN_jmT2 | E13: mass of N in MMS at treatment stage 2 | G13: {=Common_InputFunctions.Utility_DisplayArguments_3_4(MMS_Swine_ManureAppliedToSoils_Equations.VEERG_4_5_1_9__1_MassOfNitrogenAppliedToSoilsScope1_Arguments())} -> kg N | H13: Calculated from 4.5.1.3 (6) | I13: {=HYPERLINK(Common_InputFunctions.Utility_SourceHyperlink(D19), D19)} -> M1_Table_MN_j_m_T-2
A14: =HYPERLINK("#'4.5.1.1-2 Methane'!A1", "4.5.1.1-2 Methane") -> 4.5.1.1-2 Methane | D14: EF_mT2 | E14: nitrous oxide emission factor for each MMS at treatment stage 2 | G14: kg N2O-N/kg N | H14: Constant | I14: {=HYPERLINK(Common_InputFunctions.Utility_SourceHyperlink(D120), D120)} -> Table_EF_m_T
A15: =HYPERLINK("#'4.5.1.3-4 Direct N2O'!A1", "4.5.1.3-4 Direct N2O") -> 4.5.1.3-4 Direct N2O | D15: FracGASM_mT2 | E15: fraction of animal waste N volatilised in each MMS at treatment stage 2 | G15: (kg NH3-N + NOx-N)/kg N | H15: Constant | I15: {=HYPERLINK(Common_InputFunctions.Utility_SourceHyperlink(D109), D109)} -> Table_FracGASM_m_t
A16: =HYPERLINK("#'4.5.1.5-6 Atmos Dep'!A1", "4.5.1.5-6 Atmos Dep") -> 4.5.1.5-6 Atmos Dep | D16: MNLeach_jm5 | E16: mass of N lost to leaching and runoff from drylot MMS | G16: kg N | H16: Calculated from 4.5.1.7 (2) | I16: {=HYPERLINK(Common_InputFunctions.Utility_SourceHyperlink(D49), D49)} -> M1_Table_MN_leach_j_m-5
A17: =HYPERLINK("#'4.5.1.7-8 Leaching and runoff'!A1", "4.5.1.7-8 Leaching and runoff") -> 4.5.1.7-8 Leaching and runoff | D17: PF | E17: fraction of manure applied to soil within the piggery boundary | G17: fraction | H17: Input | I17: {=HYPERLINK(Common_InputFunctions.Utility_SourceHyperlink(D79), D79)} -> M1_Table_PF
A18: =HYPERLINK("#'4.5.1.9 Manure applied to soils'!A1", "4.5.1.9 Manure applied to soils") -> 4.5.1.9 Manure applied to soils
D19: M1_Table_MN_j_m_T-2 | N19: M2_Table_MN_j_m_T-2
D20: Nitrogen in stage 2 MMS (Method 1) | N20: Nitrogen in stage 2 MMS (Method 2)
A21: APPENDICES | D21: Stage 1 management | E21: Stage 2 management | F21: Boars | G21: Sows | H21: Gilts | I21: Others | N21: Stage 1 management | O21: Stage 2 management | P21: Boars | Q21: Sows | R21: Gilts | S21: Others
A22: =HYPERLINK("#'Constants - Swine'!A1", "Constants - Swine") -> Constants - Swine | D22: =INDEX(X_Table_Swine_Stage1MMS_AnaerobicLagoon,2,1) -> Anaerobic lagoon | E22: =INDEX(X_Table_Swine_Stage2MMS_From_AnaerobicLagoon,2,1) -> Digester / covered lagoons | F22: ='4.5.1.3-4 Direct N2O'!F217 -> 18.1332 | G22: ='4.5.1.3-4 Direct N2O'!G217 -> 24.14475 | H22: ='4.5.1.3-4 Direct N2O'!H217 -> 22.6665 | I22: ='4.5.1.3-4 Direct N2O'!I217 -> 15.3738 | J22: =$G$13 -> kg N | N22: =INDEX(X_Table_Swine_Stage1MMS_AnaerobicLagoon,2,1) -> Anaerobic lagoon | O22: =INDEX(X_Table_Swine_Stage2MMS_From_AnaerobicLagoon,2,1) -> Digester / covered lagoons | P22: ='4.5.1.3-4 Direct N2O'!P217 -> 18.1332 | Q22: ='4.5.1.3-4 Direct N2O'!Q217 -> 24.14475 | R22: ='4.5.1.3-4 Direct N2O'!R217 -> 22.6665 | S22: ='4.5.1.3-4 Direct N2O'!S217 -> 15.3738 | T22: =$G$13 -> kg N
A23: =HYPERLINK("#'Constants - Common'!A1", "Constants - Common") -> Constants - Common | E23: =INDEX(X_Table_Swine_Stage2MMS_From_AnaerobicLagoon,3,1) -> Deep litter | F23: ='4.5.1.3-4 Direct N2O'!F218 -> 18.1332 | G23: ='4.5.1.3-4 Direct N2O'!G218 -> 24.14475 | H23: ='4.5.1.3-4 Direct N2O'!H218 -> 22.6665 | I23: ='4.5.1.3-4 Direct N2O'!I218 -> 15.3738 | O23: =INDEX(X_Table_Swine_Stage2MMS_From_AnaerobicLagoon,3,1) -> Deep litter | P23: ='4.5.1.3-4 Direct N2O'!P218 -> 18.1332 | Q23: ='4.5.1.3-4 Direct N2O'!Q218 -> 24.14475 | R23: ='4.5.1.3-4 Direct N2O'!R218 -> 22.6665 | S23: ='4.5.1.3-4 Direct N2O'!S218 -> 15.3738
A24: =HYPERLINK("#'Constants - Common livestock'!A1", "Constants - Common livestock") -> Constants - Common livestock | E24: =INDEX(X_Table_Swine_Stage2MMS_From_AnaerobicLagoon,4,1) -> Pit storage | F24: ='4.5.1.3-4 Direct N2O'!F219 -> 18.1332 | G24: ='4.5.1.3-4 Direct N2O'!G219 -> 24.14475 | H24: ='4.5.1.3-4 Direct N2O'!H219 -> 22.6665 | I24: ='4.5.1.3-4 Direct N2O'!I219 -> 15.3738 | O24: =INDEX(X_Table_Swine_Stage2MMS_From_AnaerobicLagoon,4,1) -> Pit storage | P24: ='4.5.1.3-4 Direct N2O'!P219 -> 18.1332 | Q24: ='4.5.1.3-4 Direct N2O'!Q219 -> 24.14475 | R24: ='4.5.1.3-4 Direct N2O'!R219 -> 22.6665 | S24: ='4.5.1.3-4 Direct N2O'!S219 -> 15.3738
A25: =HYPERLINK("#'Acknowledgements'!A1", "Acknowledgements") -> Acknowledgements | E25: =INDEX(X_Table_Swine_Stage2MMS_From_AnaerobicLagoon,5,1) -> Direct application | F25: ='4.5.1.3-4 Direct N2O'!F220 -> 36.2664 | G25: ='4.5.1.3-4 Direct N2O'!G220 -> 24.14475 | H25: ='4.5.1.3-4 Direct N2O'!H220 -> 22.6665 | I25: ='4.5.1.3-4 Direct N2O'!I220 -> 15.3738 | O25: =INDEX(X_Table_Swine_Stage2MMS_From_AnaerobicLagoon,5,1) -> Direct application | P25: ='4.5.1.3-4 Direct N2O'!P220 -> 36.2664 | Q25: ='4.5.1.3-4 Direct N2O'!Q220 -> 24.14475 | R25: ='4.5.1.3-4 Direct N2O'!R220 -> 22.6665 | S25: ='4.5.1.3-4 Direct N2O'!S220 -> 15.3738
A26: =HYPERLINK("#'Tab template'!A1", "Tab template") -> Tab template | D26: =INDEX(X_Table_Swine_Stage1MMS_Drylot,2,1) -> Drylot (feed pad) | E26: =INDEX(X_Table_Swine_Stage2MMS_From_Drylot,2,1) -> Anaerobic lagoon | F26: ='4.5.1.3-4 Direct N2O'!F221 -> 27.40128 | G26: ='4.5.1.3-4 Direct N2O'!G221 -> 36.4854 | H26: ='4.5.1.3-4 Direct N2O'!H221 -> 34.2516 | I26: ='4.5.1.3-4 Direct N2O'!I221 -> 23.23152 | N26: =INDEX(X_Table_Swine_Stage1MMS_Drylot,2,1) -> Drylot (feed pad) | O26: =INDEX(X_Table_Swine_Stage2MMS_From_Drylot,2,1) -> Anaerobic lagoon | P26: ='4.5.1.3-4 Direct N2O'!P221 -> 27.40128 | Q26: ='4.5.1.3-4 Direct N2O'!Q221 -> 36.4854 | R26: ='4.5.1.3-4 Direct N2O'!R221 -> 34.2516 | S26: ='4.5.1.3-4 Direct N2O'!S221 -> 23.23152
E27: =INDEX(X_Table_Swine_Stage2MMS_From_Drylot,3,1) -> Digester / covered lagoons | F27: ='4.5.1.3-4 Direct N2O'!F222 -> 27.40128 | G27: ='4.5.1.3-4 Direct N2O'!G222 -> 36.4854 | H27: ='4.5.1.3-4 Direct N2O'!H222 -> 34.2516 | I27: ='4.5.1.3-4 Direct N2O'!I222 -> 23.23152 | O27: =INDEX(X_Table_Swine_Stage2MMS_From_Drylot,3,1) -> Digester / covered lagoons | P27: ='4.5.1.3-4 Direct N2O'!P222 -> 27.40128 | Q27: ='4.5.1.3-4 Direct N2O'!Q222 -> 36.4854 | R27: ='4.5.1.3-4 Direct N2O'!R222 -> 34.2516 | S27: ='4.5.1.3-4 Direct N2O'!S222 -> 23.23152
E28: =INDEX(X_Table_Swine_Stage2MMS_From_Drylot,4,1) -> Deep litter | F28: ='4.5.1.3-4 Direct N2O'!F223 -> 27.40128 | G28: ='4.5.1.3-4 Direct N2O'!G223 -> 36.4854 | H28: ='4.5.1.3-4 Direct N2O'!H223 -> 34.2516 | I28: ='4.5.1.3-4 Direct N2O'!I223 -> 23.23152 | O28: =INDEX(X_Table_Swine_Stage2MMS_From_Drylot,4,1) -> Deep litter | P28: ='4.5.1.3-4 Direct N2O'!P223 -> 27.40128 | Q28: ='4.5.1.3-4 Direct N2O'!Q223 -> 36.4854 | R28: ='4.5.1.3-4 Direct N2O'!R223 -> 34.2516 | S28: ='4.5.1.3-4 Direct N2O'!S223 -> 23.23152
E29: =INDEX(X_Table_Swine_Stage2MMS_From_Drylot,5,1) -> Pit storage | F29: ='4.5.1.3-4 Direct N2O'!F224 -> 27.40128 | G29: ='4.5.1.3-4 Direct N2O'!G224 -> 36.4854 | H29: ='4.5.1.3-4 Direct N2O'!H224 -> 34.2516 | I29: ='4.5.1.3-4 Direct N2O'!I224 -> 23.23152 | O29: =INDEX(X_Table_Swine_Stage2MMS_From_Drylot,5,1) -> Pit storage | P29: ='4.5.1.3-4 Direct N2O'!P224 -> 27.40128 | Q29: ='4.5.1.3-4 Direct N2O'!Q224 -> 36.4854 | R29: ='4.5.1.3-4 Direct N2O'!R224 -> 34.2516 | S29: ='4.5.1.3-4 Direct N2O'!S224 -> 23.23152
E30: =INDEX(X_Table_Swine_Stage2MMS_From_Drylot,6,1) -> Direct application | F30: ='4.5.1.3-4 Direct N2O'!F225 -> 27.40128 | G30: ='4.5.1.3-4 Direct N2O'!G225 -> 0 | H30: ='4.5.1.3-4 Direct N2O'!H225 -> 0 | I30: ='4.5.1.3-4 Direct N2O'!I225 -> 0 | O30: =INDEX(X_Table_Swine_Stage2MMS_From_Drylot,6,1) -> Direct application | P30: ='4.5.1.3-4 Direct N2O'!P225 -> 27.40128 | Q30: ='4.5.1.3-4 Direct N2O'!Q225 -> 0 | R30: ='4.5.1.3-4 Direct N2O'!R225 -> 0 | S30: ='4.5.1.3-4 Direct N2O'!S225 -> 0
D31: =INDEX(X_Table_Swine_Stage1MMS_DigesterCoveredLagoons,2,1) -> Digester / covered lagoons | E31: =INDEX(X_Table_Swine_Stage2MMS_From_DigesterCoveredLagoons,2,1) -> Anaerobic lagoon | F31: ='4.5.1.3-4 Direct N2O'!F226 -> 40.296 | G31: ='4.5.1.3-4 Direct N2O'!G226 -> 53.655 | H31: ='4.5.1.3-4 Direct N2O'!H226 -> 50.37 | I31: ='4.5.1.3-4 Direct N2O'!I226 -> 34.164 | N31: =INDEX(X_Table_Swine_Stage1MMS_DigesterCoveredLagoons,2,1) -> Digester / covered lagoons | O31: =INDEX(X_Table_Swine_Stage2MMS_From_DigesterCoveredLagoons,2,1) -> Anaerobic lagoon | P31: ='4.5.1.3-4 Direct N2O'!P226 -> 40.296 | Q31: ='4.5.1.3-4 Direct N2O'!Q226 -> 53.655 | R31: ='4.5.1.3-4 Direct N2O'!R226 -> 50.37 | S31: ='4.5.1.3-4 Direct N2O'!S226 -> 34.164
E32: =INDEX(X_Table_Swine_Stage2MMS_From_DigesterCoveredLagoons,3,1) -> Deep litter | F32: ='4.5.1.3-4 Direct N2O'!F227 -> 40.296 | G32: ='4.5.1.3-4 Direct N2O'!G227 -> 53.655 | H32: ='4.5.1.3-4 Direct N2O'!H227 -> 50.37 | I32: ='4.5.1.3-4 Direct N2O'!I227 -> 34.164 | O32: =INDEX(X_Table_Swine_Stage2MMS_From_DigesterCoveredLagoons,3,1) -> Deep litter | P32: ='4.5.1.3-4 Direct N2O'!P227 -> 40.296 | Q32: ='4.5.1.3-4 Direct N2O'!Q227 -> 53.655 | R32: ='4.5.1.3-4 Direct N2O'!R227 -> 50.37 | S32: ='4.5.1.3-4 Direct N2O'!S227 -> 34.164
E33: =INDEX(X_Table_Swine_Stage2MMS_From_DigesterCoveredLagoons,4,1) -> Pit storage | F33: ='4.5.1.3-4 Direct N2O'!F228 -> 40.296 | G33: ='4.5.1.3-4 Direct N2O'!G228 -> 53.655 | H33: ='4.5.1.3-4 Direct N2O'!H228 -> 50.37 | I33: ='4.5.1.3-4 Direct N2O'!I228 -> 34.164 | O33: =INDEX(X_Table_Swine_Stage2MMS_From_DigesterCoveredLagoons,4,1) -> Pit storage | P33: ='4.5.1.3-4 Direct N2O'!P228 -> 40.296 | Q33: ='4.5.1.3-4 Direct N2O'!Q228 -> 53.655 | R33: ='4.5.1.3-4 Direct N2O'!R228 -> 50.37 | S33: ='4.5.1.3-4 Direct N2O'!S228 -> 34.164
E34: =INDEX(X_Table_Swine_Stage2MMS_From_DigesterCoveredLagoons,5,1) -> Direct application | F34: ='4.5.1.3-4 Direct N2O'!F229 -> 80.592 | G34: ='4.5.1.3-4 Direct N2O'!G229 -> 53.655 | H34: ='4.5.1.3-4 Direct N2O'!H229 -> 50.37 | I34: ='4.5.1.3-4 Direct N2O'!I229 -> 34.164 | O34: =INDEX(X_Table_Swine_Stage2MMS_From_DigesterCoveredLagoons,5,1) -> Direct application | P34: ='4.5.1.3-4 Direct N2O'!P229 -> 80.592 | Q34: ='4.5.1.3-4 Direct N2O'!Q229 -> 53.655 | R34: ='4.5.1.3-4 Direct N2O'!R229 -> 50.37 | S34: ='4.5.1.3-4 Direct N2O'!S229 -> 34.164
D35: =INDEX(X_Table_Swine_Stage1MMS_DeepLitter,2,1) -> Deep litter | E35: =INDEX(X_Table_Swine_Stage2MMS_From_DeepLitter,2,1) -> Anaerobic lagoon | F35: ='4.5.1.3-4 Direct N2O'!F230 -> 34.85604 | G35: ='4.5.1.3-4 Direct N2O'!G230 -> 46.411575 | H35: ='4.5.1.3-4 Direct N2O'!H230 -> 43.57005 | I35: ='4.5.1.3-4 Direct N2O'!I230 -> 29.55186 | N35: =INDEX(X_Table_Swine_Stage1MMS_DeepLitter,2,1) -> Deep litter | O35: =INDEX(X_Table_Swine_Stage2MMS_From_DeepLitter,2,1) -> Anaerobic lagoon | P35: ='4.5.1.3-4 Direct N2O'!P230 -> 34.85604 | Q35: ='4.5.1.3-4 Direct N2O'!Q230 -> 46.411575 | R35: ='4.5.1.3-4 Direct N2O'!R230 -> 43.57005 | S35: ='4.5.1.3-4 Direct N2O'!S230 -> 29.55186
E36: =INDEX(X_Table_Swine_Stage2MMS_From_DeepLitter,3,1) -> Digester / covered lagoons | F36: ='4.5.1.3-4 Direct N2O'!F231 -> 34.85604 | G36: ='4.5.1.3-4 Direct N2O'!G231 -> 46.411575 | H36: ='4.5.1.3-4 Direct N2O'!H231 -> 43.57005 | I36: ='4.5.1.3-4 Direct N2O'!I231 -> 29.55186 | O36: =INDEX(X_Table_Swine_Stage2MMS_From_DeepLitter,3,1) -> Digester / covered lagoons | P36: ='4.5.1.3-4 Direct N2O'!P231 -> 34.85604 | Q36: ='4.5.1.3-4 Direct N2O'!Q231 -> 46.411575 | R36: ='4.5.1.3-4 Direct N2O'!R231 -> 43.57005 | S36: ='4.5.1.3-4 Direct N2O'!S231 -> 29.55186
E37: =INDEX(X_Table_Swine_Stage2MMS_From_DeepLitter,4,1) -> Pit storage | F37: ='4.5.1.3-4 Direct N2O'!F232 -> 34.85604 | G37: ='4.5.1.3-4 Direct N2O'!G232 -> 46.411575 | H37: ='4.5.1.3-4 Direct N2O'!H232 -> 43.57005 | I37: ='4.5.1.3-4 Direct N2O'!I232 -> 29.55186 | O37: =INDEX(X_Table_Swine_Stage2MMS_From_DeepLitter,4,1) -> Pit storage | P37: ='4.5.1.3-4 Direct N2O'!P232 -> 34.85604 | Q37: ='4.5.1.3-4 Direct N2O'!Q232 -> 46.411575 | R37: ='4.5.1.3-4 Direct N2O'!R232 -> 43.57005 | S37: ='4.5.1.3-4 Direct N2O'!S232 -> 29.55186
E38: =INDEX(X_Table_Swine_Stage2MMS_From_DeepLitter,5,1) -> Direct application | F38: ='4.5.1.3-4 Direct N2O'!F233 -> 69.71208 | G38: ='4.5.1.3-4 Direct N2O'!G233 -> 46.411575 | H38: ='4.5.1.3-4 Direct N2O'!H233 -> 43.57005 | I38: ='4.5.1.3-4 Direct N2O'!I233 -> 29.55186 | O38: =INDEX(X_Table_Swine_Stage2MMS_From_DeepLitter,5,1) -> Direct application | P38: ='4.5.1.3-4 Direct N2O'!P233 -> 69.71208 | Q38: ='4.5.1.3-4 Direct N2O'!Q233 -> 46.411575 | R38: ='4.5.1.3-4 Direct N2O'!R233 -> 43.57005 | S38: ='4.5.1.3-4 Direct N2O'!S233 -> 29.55186
D39: =INDEX(X_Table_Swine_Stage1MMS_PitStorage,2,1) -> Pit storage | E39: =INDEX(X_Table_Swine_Stage2MMS_From_PitStorage,2,1) -> Anaerobic lagoon | F39: ='4.5.1.3-4 Direct N2O'!F234 -> 30.141408 | G39: ='4.5.1.3-4 Direct N2O'!G234 -> 40.13394 | H39: ='4.5.1.3-4 Direct N2O'!H234 -> 37.67676 | I39: ='4.5.1.3-4 Direct N2O'!I234 -> 25.554672 | N39: =INDEX(X_Table_Swine_Stage1MMS_PitStorage,2,1) -> Pit storage | O39: =INDEX(X_Table_Swine_Stage2MMS_From_PitStorage,2,1) -> Anaerobic lagoon | P39: ='4.5.1.3-4 Direct N2O'!P234 -> 30.141408 | Q39: ='4.5.1.3-4 Direct N2O'!Q234 -> 40.13394 | R39: ='4.5.1.3-4 Direct N2O'!R234 -> 37.67676 | S39: ='4.5.1.3-4 Direct N2O'!S234 -> 25.554672
E40: =INDEX(X_Table_Swine_Stage2MMS_From_PitStorage,3,1) -> Digester / covered lagoons | F40: ='4.5.1.3-4 Direct N2O'!F235 -> 30.141408 | G40: ='4.5.1.3-4 Direct N2O'!G235 -> 40.13394 | H40: ='4.5.1.3-4 Direct N2O'!H235 -> 37.67676 | I40: ='4.5.1.3-4 Direct N2O'!I235 -> 25.554672 | O40: =INDEX(X_Table_Swine_Stage2MMS_From_PitStorage,3,1) -> Digester / covered lagoons | P40: ='4.5.1.3-4 Direct N2O'!P235 -> 30.141408 | Q40: ='4.5.1.3-4 Direct N2O'!Q235 -> 40.13394 | R40: ='4.5.1.3-4 Direct N2O'!R235 -> 37.67676 | S40: ='4.5.1.3-4 Direct N2O'!S235 -> 25.554672
E41: =INDEX(X_Table_Swine_Stage2MMS_From_PitStorage,4,1) -> Deep litter | F41: ='4.5.1.3-4 Direct N2O'!F236 -> 30.141408 | G41: ='4.5.1.3-4 Direct N2O'!G236 -> 40.13394 | H41: ='4.5.1.3-4 Direct N2O'!H236 -> 37.67676 | I41: ='4.5.1.3-4 Direct N2O'!I236 -> 25.554672 | O41: =INDEX(X_Table_Swine_Stage2MMS_From_PitStorage,4,1) -> Deep litter | P41: ='4.5.1.3-4 Direct N2O'!P236 -> 30.141408 | Q41: ='4.5.1.3-4 Direct N2O'!Q236 -> 40.13394 | R41: ='4.5.1.3-4 Direct N2O'!R236 -> 37.67676 | S41: ='4.5.1.3-4 Direct N2O'!S236 -> 25.554672
E42: =INDEX(X_Table_Swine_Stage2MMS_From_PitStorage,5,1) -> Direct application | F42: ='4.5.1.3-4 Direct N2O'!F237 -> 60.282816 | G42: ='4.5.1.3-4 Direct N2O'!G237 -> 40.13394 | H42: ='4.5.1.3-4 Direct N2O'!H237 -> 37.67676 | I42: ='4.5.1.3-4 Direct N2O'!I237 -> 25.554672 | O42: =INDEX(X_Table_Swine_Stage2MMS_From_PitStorage,5,1) -> Direct application | P42: ='4.5.1.3-4 Direct N2O'!P237 -> 60.282816 | Q42: ='4.5.1.3-4 Direct N2O'!Q237 -> 40.13394 | R42: ='4.5.1.3-4 Direct N2O'!R237 -> 37.67676 | S42: ='4.5.1.3-4 Direct N2O'!S237 -> 25.554672
D43: Solid storage | E43: =INDEX(X_Table_Swine_Stage2MMS_From_SolidStorage,2,1) -> Anaerobic lagoon | F43: ='4.5.1.3-4 Direct N2O'!F238 -> 106.7844 | G43: ='4.5.1.3-4 Direct N2O'!G238 -> 113.7486 | H43: ='4.5.1.3-4 Direct N2O'!H238 -> 106.7844 | I43: ='4.5.1.3-4 Direct N2O'!I238 -> 72.42768 | N43: Solid storage | O43: =INDEX(X_Table_Swine_Stage2MMS_From_SolidStorage,2,1) -> Anaerobic lagoon | P43: ='4.5.1.3-4 Direct N2O'!P238 -> 106.7844 | Q43: ='4.5.1.3-4 Direct N2O'!Q238 -> 113.7486 | R43: ='4.5.1.3-4 Direct N2O'!R238 -> 106.7844 | S43: ='4.5.1.3-4 Direct N2O'!S238 -> 72.42768
E44: =INDEX(X_Table_Swine_Stage2MMS_From_SolidStorage,3,1) -> Digester / covered lagoons | F44: ='4.5.1.3-4 Direct N2O'!F239 -> 106.7844 | G44: ='4.5.1.3-4 Direct N2O'!G239 -> 113.7486 | H44: ='4.5.1.3-4 Direct N2O'!H239 -> 106.7844 | I44: ='4.5.1.3-4 Direct N2O'!I239 -> 72.42768 | O44: =INDEX(X_Table_Swine_Stage2MMS_From_SolidStorage,3,1) -> Digester / covered lagoons | P44: ='4.5.1.3-4 Direct N2O'!P239 -> 106.7844 | Q44: ='4.5.1.3-4 Direct N2O'!Q239 -> 113.7486 | R44: ='4.5.1.3-4 Direct N2O'!R239 -> 106.7844 | S44: ='4.5.1.3-4 Direct N2O'!S239 -> 72.42768
E45: =INDEX(X_Table_Swine_Stage2MMS_From_SolidStorage,4,1) -> Deep litter | F45: ='4.5.1.3-4 Direct N2O'!F240 -> 106.7844 | G45: ='4.5.1.3-4 Direct N2O'!G240 -> 113.7486 | H45: ='4.5.1.3-4 Direct N2O'!H240 -> 106.7844 | I45: ='4.5.1.3-4 Direct N2O'!I240 -> 72.42768 | O45: =INDEX(X_Table_Swine_Stage2MMS_From_SolidStorage,4,1) -> Deep litter | P45: ='4.5.1.3-4 Direct N2O'!P240 -> 106.7844 | Q45: ='4.5.1.3-4 Direct N2O'!Q240 -> 113.7486 | R45: ='4.5.1.3-4 Direct N2O'!R240 -> 106.7844 | S45: ='4.5.1.3-4 Direct N2O'!S240 -> 72.42768
E46: =INDEX(X_Table_Swine_Stage2MMS_From_SolidStorage,5,1) -> Pit storage | F46: ='4.5.1.3-4 Direct N2O'!F241 -> 53.3922 | G46: ='4.5.1.3-4 Direct N2O'!G241 -> 56.8743 | H46: ='4.5.1.3-4 Direct N2O'!H241 -> 53.3922 | I46: ='4.5.1.3-4 Direct N2O'!I241 -> 36.21384 | O46: =INDEX(X_Table_Swine_Stage2MMS_From_SolidStorage,5,1) -> Pit storage | P46: ='4.5.1.3-4 Direct N2O'!P241 -> 53.3922 | Q46: ='4.5.1.3-4 Direct N2O'!Q241 -> 56.8743 | R46: ='4.5.1.3-4 Direct N2O'!R241 -> 53.3922 | S46: ='4.5.1.3-4 Direct N2O'!S241 -> 36.21384
E47: =INDEX(X_Table_Swine_Stage2MMS_From_SolidStorage,6,1) -> Direct application | F47: ='4.5.1.3-4 Direct N2O'!F242 -> 160.1766 | G47: ='4.5.1.3-4 Direct N2O'!G242 -> 170.6229 | H47: ='4.5.1.3-4 Direct N2O'!H242 -> 160.1766 | I47: ='4.5.1.3-4 Direct N2O'!I242 -> 108.64152 | O47: =INDEX(X_Table_Swine_Stage2MMS_From_SolidStorage,6,1) -> Direct application | P47: ='4.5.1.3-4 Direct N2O'!P242 -> 160.1766 | Q47: ='4.5.1.3-4 Direct N2O'!Q242 -> 170.6229 | R47: ='4.5.1.3-4 Direct N2O'!R242 -> 160.1766 | S47: ='4.5.1.3-4 Direct N2O'!S242 -> 108.64152
D49: M1_Table_MN_leach_j_m-5 | N49: M1_Table_MN_leach_j_m-5
D50: N lost through leaching and runoff from stage 1 drylot MMS | N50: N lost through leaching and runoff from stage 1 drylot MMS
D51: Stage 1 management | E51: Stage 2 management | F51: Boars | G51: Sows | H51: Gilts | I51: Others | N51: Stage 1 management | O51: Stage 2 management | P51: Boars | Q51: Sows | R51: Gilts | S51: Others
D52: =INDEX(X_Table_Swine_Stage1MMS_AnaerobicLagoon,2,1) -> Anaerobic lagoon | E52: =INDEX(X_Table_Swine_Stage2MMS_From_AnaerobicLagoon,2,1) -> Digester / covered lagoons | F52: 0 | G52: 0 | H52: 0 | I52: 0 | J52: =$G$16 -> kg N | N52: =INDEX(X_Table_Swine_Stage1MMS_AnaerobicLagoon,2,1) -> Anaerobic lagoon | O52: =INDEX(X_Table_Swine_Stage2MMS_From_AnaerobicLagoon,2,1) -> Digester / covered lagoons | P52: 0 | Q52: 0 | R52: 0 | S52: 0 | T52: =$G$16 -> kg N
E53: =INDEX(X_Table_Swine_Stage2MMS_From_AnaerobicLagoon,3,1) -> Deep litter | F53: 0 | G53: 0 | H53: 0 | I53: 0 | O53: =INDEX(X_Table_Swine_Stage2MMS_From_AnaerobicLagoon,3,1) -> Deep litter | P53: 0 | Q53: 0 | R53: 0 | S53: 0
E54: =INDEX(X_Table_Swine_Stage2MMS_From_AnaerobicLagoon,4,1) -> Pit storage | F54: 0 | G54: 0 | H54: 0 | I54: 0 | O54: =INDEX(X_Table_Swine_Stage2MMS_From_AnaerobicLagoon,4,1) -> Pit storage | P54: 0 | Q54: 0 | R54: 0 | S54: 0
E55: =INDEX(X_Table_Swine_Stage2MMS_From_AnaerobicLagoon,5,1) -> Direct application | F55: 0 | G55: 0 | H55: 0 | I55: 0 | O55: =INDEX(X_Table_Swine_Stage2MMS_From_AnaerobicLagoon,5,1) -> Direct application | P55: 0 | Q55: 0 | R55: 0 | S55: 0
D56: =INDEX(X_Table_Swine_Stage1MMS_Drylot,2,1) -> Drylot (feed pad) | E56: =INDEX(X_Table_Swine_Stage2MMS_From_Drylot,2,1) -> Anaerobic lagoon | F56: =INDEX(M1_Table_MN_leach_j_m5_Consumer_1,2,2) -> 4.0296 | G56: =INDEX(M1_Table_MN_leach_j_m5_Consumer_1,2,3) -> 4.2924 | H56: =INDEX(M1_Table_MN_leach_j_m5_Consumer_1,2,4) -> 4.0296 | I56: =INDEX(M1_Table_MN_leach_j_m5_Consumer_1,2,5) -> 2.73312 | N56: =INDEX(X_Table_Swine_Stage1MMS_Drylot,2,1) -> Drylot (feed pad) | O56: =INDEX(X_Table_Swine_Stage2MMS_From_Drylot,2,1) -> Anaerobic lagoon | P56: =INDEX(M1_Table_MN_leach_j_m5,2,2) -> 4.0296 | Q56: =INDEX(M1_Table_MN_leach_j_m5,2,3) -> 4.2924 | R56: =INDEX(M1_Table_MN_leach_j_m5,2,4) -> 4.0296 | S56: =INDEX(M1_Table_MN_leach_j_m5,2,5) -> 2.73312
E57: =INDEX(X_Table_Swine_Stage2MMS_From_Drylot,3,1) -> Digester / covered lagoons | F57: =INDEX(M1_Table_MN_leach_j_m5_Consumer_1,2,2) -> 4.0296 | G57: =INDEX(M1_Table_MN_leach_j_m5_Consumer_1,2,3) -> 4.2924 | H57: =INDEX(M1_Table_MN_leach_j_m5_Consumer_1,2,4) -> 4.0296 | I57: =INDEX(M1_Table_MN_leach_j_m5_Consumer_1,2,5) -> 2.73312 | O57: =INDEX(X_Table_Swine_Stage2MMS_From_Drylot,3,1) -> Digester / covered lagoons | P57: =INDEX(M1_Table_MN_leach_j_m5,2,2) -> 4.0296 | Q57: =INDEX(M1_Table_MN_leach_j_m5,2,3) -> 4.2924 | R57: =INDEX(M1_Table_MN_leach_j_m5,2,4) -> 4.0296 | S57: =INDEX(M1_Table_MN_leach_j_m5,2,5) -> 2.73312
E58: =INDEX(X_Table_Swine_Stage2MMS_From_Drylot,4,1) -> Deep litter | F58: =INDEX(M1_Table_MN_leach_j_m5_Consumer_1,2,2) -> 4.0296 | G58: =INDEX(M1_Table_MN_leach_j_m5_Consumer_1,2,3) -> 4.2924 | H58: =INDEX(M1_Table_MN_leach_j_m5_Consumer_1,2,4) -> 4.0296 | I58: =INDEX(M1_Table_MN_leach_j_m5_Consumer_1,2,5) -> 2.73312 | O58: =INDEX(X_Table_Swine_Stage2MMS_From_Drylot,4,1) -> Deep litter | P58: =INDEX(M1_Table_MN_leach_j_m5,2,2) -> 4.0296 | Q58: =INDEX(M1_Table_MN_leach_j_m5,2,3) -> 4.2924 | R58: =INDEX(M1_Table_MN_leach_j_m5,2,4) -> 4.0296 | S58: =INDEX(M1_Table_MN_leach_j_m5,2,5) -> 2.73312
E59: =INDEX(X_Table_Swine_Stage2MMS_From_Drylot,5,1) -> Pit storage | F59: =INDEX(M1_Table_MN_leach_j_m5_Consumer_1,2,2) -> 4.0296 | G59: =INDEX(M1_Table_MN_leach_j_m5_Consumer_1,2,3) -> 4.2924 | H59: =INDEX(M1_Table_MN_leach_j_m5_Consumer_1,2,4) -> 4.0296 | I59: =INDEX(M1_Table_MN_leach_j_m5_Consumer_1,2,5) -> 2.73312 | O59: =INDEX(X_Table_Swine_Stage2MMS_From_Drylot,5,1) -> Pit storage | P59: =INDEX(M1_Table_MN_leach_j_m5,2,2) -> 4.0296 | Q59: =INDEX(M1_Table_MN_leach_j_m5,2,3) -> 4.2924 | R59: =INDEX(M1_Table_MN_leach_j_m5,2,4) -> 4.0296 | S59: =INDEX(M1_Table_MN_leach_j_m5,2,5) -> 2.73312
E60: =INDEX(X_Table_Swine_Stage2MMS_From_Drylot,6,1) -> Direct application | F60: 0 | G60: 0 | H60: 0 | I60: 0 | O60: =INDEX(X_Table_Swine_Stage2MMS_From_Drylot,6,1) -> Direct application | P60: 0 | Q60: 0 | R60: 0 | S60: 0
D61: =INDEX(X_Table_Swine_Stage1MMS_DigesterCoveredLagoons,2,1) -> Digester / covered lagoons | E61: =INDEX(X_Table_Swine_Stage2MMS_From_DigesterCoveredLagoons,2,1) -> Anaerobic lagoon | F61: 0 | G61: 0 | H61: 0 | I61: 0 | N61: =INDEX(X_Table_Swine_Stage1MMS_DigesterCoveredLagoons,2,1) -> Digester / covered lagoons | O61: =INDEX(X_Table_Swine_Stage2MMS_From_DigesterCoveredLagoons,2,1) -> Anaerobic lagoon | P61: 0 | Q61: 0 | R61: 0 | S61: 0
E62: =INDEX(X_Table_Swine_Stage2MMS_From_DigesterCoveredLagoons,3,1) -> Deep litter | F62: 0 | G62: 0 | H62: 0 | I62: 0 | O62: =INDEX(X_Table_Swine_Stage2MMS_From_DigesterCoveredLagoons,3,1) -> Deep litter | P62: 0 | Q62: 0 | R62: 0 | S62: 0
E63: =INDEX(X_Table_Swine_Stage2MMS_From_DigesterCoveredLagoons,4,1) -> Pit storage | F63: 0 | G63: 0 | H63: 0 | I63: 0 | O63: =INDEX(X_Table_Swine_Stage2MMS_From_DigesterCoveredLagoons,4,1) -> Pit storage | P63: 0 | Q63: 0 | R63: 0 | S63: 0
E64: =INDEX(X_Table_Swine_Stage2MMS_From_DigesterCoveredLagoons,5,1) -> Direct application | F64: 0 | G64: 0 | H64: 0 | I64: 0 | O64: =INDEX(X_Table_Swine_Stage2MMS_From_DigesterCoveredLagoons,5,1) -> Direct application | P64: 0 | Q64: 0 | R64: 0 | S64: 0
D65: =INDEX(X_Table_Swine_Stage1MMS_DeepLitter,2,1) -> Deep litter | E65: =INDEX(X_Table_Swine_Stage2MMS_From_DeepLitter,2,1) -> Anaerobic lagoon | F65: 0 | G65: 0 | H65: 0 | I65: 0 | N65: =INDEX(X_Table_Swine_Stage1MMS_DeepLitter,2,1) -> Deep litter | O65: =INDEX(X_Table_Swine_Stage2MMS_From_DeepLitter,2,1) -> Anaerobic lagoon | P65: 0 | Q65: 0 | R65: 0 | S65: 0
E66: =INDEX(X_Table_Swine_Stage2MMS_From_DeepLitter,3,1) -> Digester / covered lagoons | F66: 0 | G66: 0 | H66: 0 | I66: 0 | O66: =INDEX(X_Table_Swine_Stage2MMS_From_DeepLitter,3,1) -> Digester / covered lagoons | P66: 0 | Q66: 0 | R66: 0 | S66: 0
E67: =INDEX(X_Table_Swine_Stage2MMS_From_DeepLitter,4,1) -> Pit storage | F67: 0 | G67: 0 | H67: 0 | I67: 0 | O67: =INDEX(X_Table_Swine_Stage2MMS_From_DeepLitter,4,1) -> Pit storage | P67: 0 | Q67: 0 | R67: 0 | S67: 0
E68: =INDEX(X_Table_Swine_Stage2MMS_From_DeepLitter,5,1) -> Direct application | F68: 0 | G68: 0 | H68: 0 | I68: 0 | O68: =INDEX(X_Table_Swine_Stage2MMS_From_DeepLitter,5,1) -> Direct application | P68: 0 | Q68: 0 | R68: 0 | S68: 0
D69: =INDEX(X_Table_Swine_Stage1MMS_PitStorage,2,1) -> Pit storage | E69: =INDEX(X_Table_Swine_Stage2MMS_From_PitStorage,2,1) -> Anaerobic lagoon | F69: 0 | G69: 0 | H69: 0 | I69: 0 | N69: =INDEX(X_Table_Swine_Stage1MMS_PitStorage,2,1) -> Pit storage | O69: =INDEX(X_Table_Swine_Stage2MMS_From_PitStorage,2,1) -> Anaerobic lagoon | P69: 0 | Q69: 0 | R69: 0 | S69: 0
E70: =INDEX(X_Table_Swine_Stage2MMS_From_PitStorage,3,1) -> Digester / covered lagoons | F70: 0 | G70: 0 | H70: 0 | I70: 0 | O70: =INDEX(X_Table_Swine_Stage2MMS_From_PitStorage,3,1) -> Digester / covered lagoons | P70: 0 | Q70: 0 | R70: 0 | S70: 0
E71: =INDEX(X_Table_Swine_Stage2MMS_From_PitStorage,4,1) -> Deep litter | F71: 0 | G71: 0 | H71: 0 | I71: 0 | O71: =INDEX(X_Table_Swine_Stage2MMS_From_PitStorage,4,1) -> Deep litter | P71: 0 | Q71: 0 | R71: 0 | S71: 0
E72: =INDEX(X_Table_Swine_Stage2MMS_From_PitStorage,5,1) -> Direct application | F72: 0 | G72: 0 | H72: 0 | I72: 0 | O72: =INDEX(X_Table_Swine_Stage2MMS_From_PitStorage,5,1) -> Direct application | P72: 0 | Q72: 0 | R72: 0 | S72: 0
D73: Solid storage | E73: =INDEX(X_Table_Swine_Stage2MMS_From_SolidStorage,2,1) -> Anaerobic lagoon | F73: 0 | G73: 0 | H73: 0 | I73: 0 | N73: Solid storage | O73: =INDEX(X_Table_Swine_Stage2MMS_From_SolidStorage,2,1) -> Anaerobic lagoon | P73: 0 | Q73: 0 | R73: 0 | S73: 0
E74: =INDEX(X_Table_Swine_Stage2MMS_From_SolidStorage,3,1) -> Digester / covered lagoons | F74: 0 | G74: 0 | H74: 0 | I74: 0 | O74: =INDEX(X_Table_Swine_Stage2MMS_From_SolidStorage,3,1) -> Digester / covered lagoons | P74: 0 | Q74: 0 | R74: 0 | S74: 0
E75: =INDEX(X_Table_Swine_Stage2MMS_From_SolidStorage,4,1) -> Deep litter | F75: 0 | G75: 0 | H75: 0 | I75: 0 | O75: =INDEX(X_Table_Swine_Stage2MMS_From_SolidStorage,4,1) -> Deep litter | P75: 0 | Q75: 0 | R75: 0 | S75: 0
