Workbook
Name Common_Equations.Common_ConvertCH4ToCO2e: _xlfn.LAMBDA(_xlpm.E_CH4,_xlpm.GWP_CH4, _xlpm.E_CH4 * _xlpm.GWP_CH4)
Name Common_Equations.Common_ConvertCH4ToCO2e_Arguments: _xlfn.LAMBDA(_xlfn.MAKEARRAY(2, 2, _xlfn.LAMBDA(_xlpm.r,_xlpm.c, INDEX({"ECH4","Methane emissions (t CH4)";"GWPCH4","Global warming potential for methane (t CO2-e / t CH4)"}, _xlpm.r, _xlpm.c))))
Name Common_Equations.Common_ConvertCH4ToCO2e_LatexEquation: _xlfn.LAMBDA("CO2_e = E_{CH4} \times GWP_{CH4}")
Name Common_Equations.Common_ConvertCH4ToCO2e_NIRReference: _xlfn.LAMBDA("")
Name Common_Equations.Common_ConvertCH4ToCO2e_Title: _xlfn.LAMBDA("Convert methane emissions to carbon dioxide equivalent emissions")
Name Common_Equations.Common_ConvertCH4ToCO2e_Unit: _xlfn.LAMBDA("t CO2e")
Name Common_Equations.Common_ConvertCH4ToCO2e_Variable: _xlfn.LAMBDA("ECH4 CO2e")
Name Common_Equations.Common_ConvertN2OToCO2e: _xlfn.LAMBDA(_xlpm.E_N2O,_xlpm.GWP_N2O, _xlpm.E_N2O * _xlpm.GWP_N2O)
Name Common_Equations.Common_ConvertN2OToCO2e_LatexEquation: _xlfn.LAMBDA("CO2_e = E_{N2O} \times GWP_{N2O}")
Name Common_Equations.Common_ConvertN2OToCO2e_NIRReference: _xlfn.LAMBDA("")
Name Common_Equations.Common_ConvertN2OToCO2e_Title: _xlfn.LAMBDA("Convert nitrous oxide emissions to carbon dioxide equivalent emissions")
Name Common_Equations.Common_ConvertN2OToCO2e_Unit: _xlfn.LAMBDA("t CO2e")
Name Common_Equations.Common_ConvertN2OToCO2e_Variable: _xlfn.LAMBDA("EN2O CO2e")
Name Common_InputFunctions.Utility_ConvertStateCommonNameToAbbreviation: _xlfn.LAMBDA(_xlpm.StateCommonName,_xlpm.StateCommonNameArray,_xlpm.StateAbbreviationArray, _xlfn.XLOOKUP(_xlpm.StateCommonName, _xlpm.StateCommonNameArray, _xlpm.StateAbbreviationArray, ""))
Name Common_InputFunctions.Utility_DisplayArguments_1_2: _xlfn.LAMBDA(_xlpm.ArgumentsArray, _xlfn.CHOOSECOLS(_xlpm.ArgumentsArray, 1, 2))
Name Common_InputFunctions.Utility_DisplayArguments_3_4: _xlfn.LAMBDA(_xlpm.ArgumentsArray, _xlfn.CHOOSECOLS(_xlpm.ArgumentsArray, 3, 4))
Name Common_InputFunctions.Utility_DisplayFunctionName: _xlfn.LAMBDA(_xlpm.Function, _xlfn.TEXTBEFORE(_xlfn.FORMULATEXT(_xlpm.Function), "("))
Name Common_InputFunctions.Utility_GetArrayTableColumnStartNumber: _xlfn.LAMBDA(_xlpm.TableHeaderCell, COLUMN(_xlpm.TableHeaderCell))
Name Common_InputFunctions.Utility_GetArrayTableRowStartNumber: _xlfn.LAMBDA(_xlpm.TableheaderCell,_xlpm.RowsBetweenHeaderandArray, ROW(_xlpm.TableheaderCell) + _xlpm.RowsBetweenHeaderandArray - 1)
Name Common_InputFunctions.Utility_LookupValueInTable: _xlfn.LAMBDA(_xlpm.LookupValue,_xlpm.LookupArray,_xlpm.ReturnArray, _xlfn.XLOOKUP(_xlpm.LookupValue, _xlpm.LookupArray, _xlpm.ReturnArray, ""))
Name Common_InputFunctions.Utility_ResultsItemFromEquationTitleAndSource: _xlfn.LAMBDA(_xlpm.TitleCell,_xlpm.SourceCell, SUBSTITUTE(LEFT(_xlpm.SourceCell, FIND(",", _xlpm.SourceCell) -1), "VEERG 2026: ", "") & " " & _xlpm.TitleCell )
Name Common_InputFunctions.Utility_SourceHyperlink: _xlfn.LAMBDA(_xlpm.TargetCell, _xlfn.LET(_xlpm.sh, _xlfn.TEXTAFTER(CELL("filename", _xlpm.TargetCell), "]"), _xlpm.addr, CELL("address", _xlpm.TargetCell), "#'" & _xlpm.sh & "'!" & _xlpm.addr))
Name Common_InputFunctions.Utility_SourceHyperlinkDifferentSheet: _xlfn.LAMBDA(_xlpm.TargetCell, _xlfn.LET( _xlpm.sh, _xlfn.TEXTAFTER(CELL("filename", _xlpm.TargetCell), "]"), _xlpm.addr, CELL("address", _xlpm.TargetCell), "#" & _xlpm.addr ) )
Name Common_SourceData.Common_SourceData_AustralianStatesTerritories_Source: _xlfn.LAMBDA("")
Name Common_SourceData.Common_SourceData_AustralianStatesTerritories_Title: _xlfn.LAMBDA("Australian states and territories")
Name Common_SourceData.Common_SourceData_AustralianStatesTerritories_Unit: _xlfn.LAMBDA("")
Name Common_SourceData.Common_SourceData_AustralianStatesTerritories_Variable: _xlfn.LAMBDA("")
Name Common_SourceData.Common_SourceData_ClimateZones_Source: _xlfn.LAMBDA("VEERG 2026: Table 1.3: Climate and Rainfall zone classifications and definitions")
Name Common_SourceData.Common_SourceData_ClimateZones_Title: _xlfn.LAMBDA("VEERG Australian climate zones")
Name Common_SourceData.Common_SourceData_ClimateZones_Unit: _xlfn.LAMBDA("")
Name Common_SourceData.Common_SourceData_ClimateZones_Variable: _xlfn.LAMBDA("")
Name Common_SourceData.Common_SourceData_ConvertGasElementalToMolecular_Source: _xlfn.LAMBDA("XXXXXXX")
Name Common_SourceData.Common_SourceData_ConvertGasElementalToMolecular_Title: _xlfn.LAMBDA("Factor to convert elemental mass of gas to molecular mass")
Name Common_SourceData.Common_SourceData_ConvertGasElementalToMolecular_Unit: _xlfn.LAMBDA("factor")
Name Common_SourceData.Common_SourceData_ConvertGasElementalToMolecular_Variable: _xlfn.LAMBDA("Cg")
Name Common_SourceData.Common_SourceData_ConvertN2oElementalToMolecularCg_Data: _xlfn.LAMBDA(44 / 28)
Name Common_SourceData.Common_SourceData_ConvertN2oElementalToMolecularCg_Source: _xlfn.LAMBDA("National Inventory Report 2023 Volume 1")
Name Common_SourceData.Common_SourceData_ConvertN2oElementalToMolecularCg_Title: _xlfn.LAMBDA("Factor to convert elemental mass of N2O to molecular mass")
Name Common_SourceData.Common_SourceData_ConvertN2oElementalToMolecularCg_Unit: _xlfn.LAMBDA("factor")
Name Common_SourceData.Common_SourceData_ConvertN2oElementalToMolecularCg_Variable: _xlfn.LAMBDA("CgN2O")
Name Common_SourceData.Common_SourceData_DataScores_Scope3_Source: _xlfn.LAMBDA("VEERG 2026: XXXXXXXX")
Name Common_SourceData.Common_SourceData_DataScores_Scope3_Title: _xlfn.LAMBDA("Australian data scores for scope 3")
Name Common_SourceData.Common_SourceData_DataScores_Scope3_Unit: _xlfn.LAMBDA("")
Name Common_SourceData.Common_SourceData_DataScores_Scope3_Variable: _xlfn.LAMBDA("")
Name Common_SourceData.Common_SourceData_DataScores_Scope3_Variation: _xlfn.LAMBDA("")
Name Common_SourceData.Common_SourceData_DensityOfMethane_Data: _xlfn.LAMBDA(0.6784)
Name Common_SourceData.Common_SourceData_DensityOfMethane_Source: _xlfn.LAMBDA("National Inventory Report 2023 Volume 1: Equations 3.B.1a_2, 3.B.1c_2, 3.B.3_1, 3.B.4g_2")
Name Common_SourceData.Common_SourceData_DensityOfMethane_Title: _xlfn.LAMBDA("p = density of methane")
Name Common_SourceData.Common_SourceData_DensityOfMethane_Unit: _xlfn.LAMBDA("kg/m3")
Name Common_SourceData.Common_SourceData_EFleach_Data: _xlfn.LAMBDA(_xlfn.MAKEARRAY(1, 2, _xlfn.LAMBDA(_xlpm.r,_xlpm.c, INDEX({"EFleach",0.011}, _xlpm.r, _xlpm.c))))
Name Common_SourceData.Common_SourceData_EFleach_NIRReference: _xlfn.LAMBDA("National Inventory Report Volume 1: Equation 3.D.B_10")
Name Common_SourceData.Common_SourceData_EFleach_Source: _xlfn.LAMBDA("VEERG 2026:5.5.2.3 Constant Parameters")
Name Common_SourceData.Common_SourceData_EFleach_Title: _xlfn.LAMBDA("Emission factor for nitrogen leaching and runoff")
Name Common_SourceData.Common_SourceData_EFleach_Unit: _xlfn.LAMBDA("(kg N2O-N / kg N")
Name Common_SourceData.Common_SourceData_EFleach_Variation: _xlfn.LAMBDA((""))
Name Common_SourceData.Common_SourceData_EFN2O_NIRReference: _xlfn.LAMBDA("")
Name Common_SourceData.Common_SourceData_EFN2O_Source: _xlfn.LAMBDA("VEERG 2026: Table A.2.2.1")
Name Common_SourceData.Common_SourceData_EFN2O_Title: _xlfn.LAMBDA("Nitrous oxide emission factors for inorganic fertiliser application")
Name Common_SourceData.Common_SourceData_EFN2O_Unit: _xlfn.LAMBDA("(kg N2O-N / kg N")
Name Common_SourceData.Common_SourceData_EFOrganicFertiliserAndCropResidues_Data: _xlfn.LAMBDA(_xlfn.MAKEARRAY(3, 2, _xlfn.LAMBDA(_xlpm.r,_xlpm.c, INDEX({"Climate zone","EFNi & EFN2O";"Wet climate zone",0.006;"Dry climate zone",0.005}, _xlpm.r, _xlpm.c))))

Sheet Home
A1: Home
A3: =HYPERLINK("#'Home'!A1", "Home") -> Home
A6: APPENDICES
A7: =HYPERLINK("#'Constants - Common'!A1", "Constants - Common") -> Constants - Common
A8: =HYPERLINK("#'Acknowledgements'!A1", "Acknowledgements") -> Acknowledgements

Sheet Overview
A1: #VALUE! | C1: 4.7 Manure management: Other Livestock: Overview
A3: =HYPERLINK("#'Home'!A1", "Home") -> Home
A4: =HYPERLINK("#'Overview'!A1", "Overview") -> Overview
A5: =HYPERLINK("#'Results'!A1", "Results") -> Results | D5: 💡 Below is a diagram that maps the equations used to calculate emissions, how they interact with each other and how they align with dairy manure management processes.
D6: Click on a box to go to the corresponding calculation.
A8: INPUTS
A9: =HYPERLINK("#'Input - Site'!A1", "Site") -> Site
A10: =HYPERLINK("#'Input - Other Livestock'!A1", "Other Livestock") -> Other Livestock
A13: CALCULATIONS
A14: =HYPERLINK("#'4.7.1.1-2 Manure Methane'!A1", "4.7.1.1-2 Manure Methane") -> 4.7.1.1-2 Manure Methane
A15: =HYPERLINK("#'4.7.1.3-4 Soil Direct N2O'!A1", "4.7.1.3-4 Soil Direct N2O") -> 4.7.1.3-4 Soil Direct N2O
A16: =HYPERLINK("#'4.7.1.5-6 Soil Atmos Deposition'!A1", "4.7.1.5-6 Soil Atmos Deposition") -> 4.7.1.5-6 Soil Atmos Deposition
A17: =HYPERLINK("#'4.7.1.7-8 Soil Leaching Runoff'!A1", "4.7.1.7-8 Soil Leaching Runoff") -> 4.7.1.7-8 Soil Leaching Runoff
A20: APPENDICES
A21: =HYPERLINK("#'Constants - Other Livestock'!A1", "Constants - Other Livestock") -> Constants - Other Livestock
A22: =HYPERLINK("#'Constants - Livestock'!A1", "Constants - Livestock") -> Constants - Livestock
A23: =HYPERLINK("#'Constants - Common'!A1", "Constants - Common") -> Constants - Common
A24: =HYPERLINK("#'Acknowledgements'!A1", "Acknowledgements") -> Acknowledgements

Sheet Results
A1: #VALUE! | C1: 4.7 Manure management: Other Livestock: Results
A3: =HYPERLINK("#'Home'!A1", "Home") -> Home
A4: =HYPERLINK("#'Overview'!A1", "Overview") -> Overview | D4: Emissions breakdown
A5: =HYPERLINK("#'Results'!A1", "Results") -> Results
D6: Scope 1 source | E6: GHG emissions method 1 | F6: GHG emissions method 2 | G6: GHG Unit | H6: CO2-e emissions method 1 | I6: CO2-e emissions method 2 | J6: CO2-e unit
D7: 4.7.1.1-2 Method 1 Manure methane | E7: =VEERG_4_7_1_1__1_TotalAnnualMethaneProductionFromManureManagementOtherLivestock_Result_Method1 -> 11.990348 | F7: =VEERG_4_7_1_1__1_TotalAnnualMethaneProductionFromManureManagementOtherLivestock_Result_Method2 -> 12.103058 | G7: ='4.7.1.1-2 Manure Methane'!F113 -> t CH4 | H7: ='4.7.1.1-2 Manure Methane'!E118 -> 335.72975 | I7: ='4.7.1.1-2 Manure Methane'!O118 -> 338.88561 | J7: t CO2e
A8: INPUTS | D8: 4.7.1.3-4 Method 1 Soil direct N2O | E8: =VEERG_4_7_1_3__1_DirectNitrousOxideEmissionsFromSoil_Result_Method1 -> 519.12803 | F8: =E8 -> 519.12803 | G8: t N2O | H8: ='4.7.1.3-4 Soil Direct N2O'!E75 -> 137568.93 | I8: =H8 -> 137568.93 | J8: t CO2e
A9: =HYPERLINK("#'Input - Site'!A1", "Site") -> Site | D9: 4.7.1.5-6 Method 1 Soil atmospheric deposition | E9: =VEERG_4_7_1_5__1_AtmosphericDepositionEmissionsFromPasture_Result_Method1 -> 186.11705 | F9: =E9 -> 186.11705 | G9: t N2O | H9: ='4.7.1.5-6 Soil Atmos Deposition'!E86 -> 49321.019 | I9: =H9 -> 49321.019 | J9: t CO2e
A10: =HYPERLINK("#'Input - Other Livestock'!A1", "Other Livestock") -> Other Livestock | D10: 4.7.1.7-8 Method 1 Soil atmospheric deposition | E10: =VEERG_4_7_1_7__1_LeachingAndRunoffEmissionsFromPasture_Result_Method1 -> 3.0587417 | F10: =E10 -> 3.0587417 | G10: t N2O | H10: ='4.7.1.7-8 Soil Leaching Runoff'!E77 -> 810.56655 | I10: =H10 -> 810.56655 | J10: t CO2e
D11: Total | H11: =SUM(H7:H10) -> 188036.24 | I11: =SUM(I7:I10) -> 188039.4 | J11: t CO2e
A13: CALCULATIONS
A14: =HYPERLINK("#'4.7.1.1-2 Manure Methane'!A1", "4.7.1.1-2 Manure Methane") -> 4.7.1.1-2 Manure Methane
A15: =HYPERLINK("#'4.7.1.3-4 Soil Direct N2O'!A1", "4.7.1.3-4 Soil Direct N2O") -> 4.7.1.3-4 Soil Direct N2O
A16: =HYPERLINK("#'4.7.1.5-6 Soil Atmos Deposition'!A1", "4.7.1.5-6 Soil Atmos Deposition") -> 4.7.1.5-6 Soil Atmos Deposition
A17: =HYPERLINK("#'4.7.1.7-8 Soil Leaching Runoff'!A1", "4.7.1.7-8 Soil Leaching Runoff") -> 4.7.1.7-8 Soil Leaching Runoff
A20: APPENDICES
A21: =HYPERLINK("#'Constants - Other Livestock'!A1", "Constants - Other Livestock") -> Constants - Other Livestock
A22: =HYPERLINK("#'Constants - Livestock'!A1", "Constants - Livestock") -> Constants - Livestock
A23: =HYPERLINK("#'Constants - Common'!A1", "Constants - Common") -> Constants - Common
A24: =HYPERLINK("#'Acknowledgements'!A1", "Acknowledgements") -> Acknowledgements

Sheet Input - Site
A1: #VALUE! | C1: Input - Site
A3: =HYPERLINK("#'Home'!A1", "Home") -> Home
A4: =HYPERLINK("#'Overview'!A1", "Overview") -> Overview
A5: =HYPERLINK("#'Results'!A1", "Results") -> Results | D5: Your business
D7: Farm name | E7: Test Farms
A8: INPUTS | D8: Reporting entity name | E8: Test Farms Pty Ltd
A9: =HYPERLINK("#'Input - Site'!A1", "Site") -> Site
A10: =HYPERLINK("#'Input - Other Livestock'!A1", "Other Livestock") -> Other Livestock | D10: 💡An 'Emissions accounting period' is a 12 month period where the business can report on the emissions, and is typically the same as the business' financial accounting period.
D12: Emissions calculation period start date | E12: 45292 | F12: ← DD/MM/YYYY or DD Month YYYY
A13: CALCULATIONS | D13: Emissions calculation period end date | E13: =DATE(YEAR(X_Cell_Site_StartDate)+1,MONTH(X_Cell_Site_StartDate),DAY(X_Cell_Site_StartDate))-1 -> 45657 | F13: ← Automatically calculated, 12 months after start date
A14: =HYPERLINK("#'4.7.1.1-2 Manure Methane'!A1", "4.7.1.1-2 Manure Methane") -> 4.7.1.1-2 Manure Methane
A15: =HYPERLINK("#'4.7.1.3-4 Soil Direct N2O'!A1", "4.7.1.3-4 Soil Direct N2O") -> 4.7.1.3-4 Soil Direct N2O
A16: =HYPERLINK("#'4.7.1.5-6 Soil Atmos Deposition'!A1", "4.7.1.5-6 Soil Atmos Deposition") -> 4.7.1.5-6 Soil Atmos Deposition | D16: Location and climate
A17: =HYPERLINK("#'4.7.1.7-8 Soil Leaching Runoff'!A1", "4.7.1.7-8 Soil Leaching Runoff") -> 4.7.1.7-8 Soil Leaching Runoff
D18: Location information is used to reference some region and climate-specific emission factors
D19: Tip: Use the web-based GAF Location Helper tool to easily get region and climate information. You will need an internet connection to use the GAF Location Helper.
A20: APPENDICES
A21: =HYPERLINK("#'Constants - Other Livestock'!A1", "Constants - Other Livestock") -> Constants - Other Livestock | D21: State | E21: New South Wales | F21: ← Please select
A22: =HYPERLINK("#'Constants - Livestock'!A1", "Constants - Livestock") -> Constants - Livestock | D22: Region (ABS Statistical area level 4) if state is WA | E22: Western Australia - Outback (South) | F22: ← Please select
A23: =HYPERLINK("#'Constants - Common'!A1", "Constants - Common") -> Constants - Common | D23: Leaching zone | E23: NO - Not in leaching zone | F23: ← Please select
A24: =HYPERLINK("#'Acknowledgements'!A1", "Acknowledgements") -> Acknowledgements | D24: Elevation | E24: 307.7 | F24: Meters
D25: Average temperature for reporting period | E25: 18 | F25: Degrees celsius
D26: Total rainfall for reporting period | E26: 601 | F26: Millimetres
D27: Potential evapotranspiration for reporting period | E27: 1326 | F27: Millimetres
D28: Number of frost days for reporting period | E28: 7 | F28: Days
D29: MAP:PET ratio | E29: =X_Cell_Site_TotalRainfall/X_Cell_Site_PotentialEvapotranspiration -> 0.45324284
D30: Rainfall zone | E30: =Common_InputFunctions.Utility_LookupItemFromMinMax(X_Cell_Site_TotalRainfall,Table_SourceData_RainfallZones[Min rainfall],Table_SourceData_RainfallZones[Max rainfall],Table_SourceData_RainfallZones[Rainfall Zone]) -> High rainfall
D31: Climate zone | E31: =Common_InputFunctions.Utility_GetClimateZone(X_Cell_Site_AverageTemperature,X_Cell_Site_TotalRainfall,X_Cell_Site_FrostDays,X_Cell_Site_Elevation,X_Cell_Site_MapPetRatio,Table_SourceData_ClimateZones[Min temp],Table_SourceData_ClimateZones[Max temp],Table_SourceData_ClimateZones[Min rainfall],Table_SourceData_ClimateZones[Max rainfall],Table_SourceData_ClimateZones[Min frost days],Table_SourceData_ClimateZones[Max frost days],Table_SourceData_ClimateZones[Min elevation],Table_SourceData_ClimateZones[Max elevation],Table_SourceData_ClimateZones[Min MAP:PET],Table_SourceData_ClimateZones[Max MAP:PET],Table_SourceData_ClimateZones[Climate zone]) -> Warm temperate dry
D32: Wet or dry climate zone | E32: =Common_InputFunctions.Utility_LookupValueInTable(X_Cell_Site_ClimateZone,Table_SourceData_WetDryZones[Climate zone],Table_SourceData_WetDryZones[Wet or Dry Zone]) -> Dry climate zone
D33: Temperature zone | E33: =Common_InputFunctions.Utility_LookupItemFromMinMax(X_Cell_Site_AverageTemperature,Table_SourceData_TemperatureZones[Min MAT],Table_SourceData_TemperatureZones[Max MAT],Table_SourceData_TemperatureZones[Temperature Zone]) -> Temperate

Sheet Input - Other Livestock
A1: #VALUE! | C1: Input - MMS - Other Livestock
A3: =HYPERLINK("#'Home'!A1", "Home") -> Home
A4: =HYPERLINK("#'Overview'!A1", "Overview") -> Overview
A5: =HYPERLINK("#'Results'!A1", "Results") -> Results | D5: Buffalo
E7: Bulls | F7: Cows | G7: Steers | H7: Calves
A8: INPUTS | D8: ="Average number of head between " & TEXT(X_Cell_Site_StartDate, "dd mmm yy") & " and " & TEXT(X_Cell_Site_EndDate, "dd mmm yy") -> Average number of head between 01 Jan 24 and 31 Dec 24 | E8: 4300 | F8: 100 | G8: 100 | H8: 100 | I8: head
A9: =HYPERLINK("#'Input - Site'!A1", "Site") -> Site
A10: =HYPERLINK("#'Input - Other Livestock'!A1", "Other Livestock") -> Other Livestock | D10: Are all dams and natural water sources fenced off so buffalo cannot access them? | E10: No | F10: ← Please select
D12: Manure management system | E12: Percent in MMS
A13: CALCULATIONS | D13: Pasture range and paddock | E13: =IF(X_Cell_OtherLivestock_Buffalo_FencedWater="Yes", 1, Common_InputFunctions.Utility_LookupValueInTableNumber(Common_InputFunctions.Utility_ConvertStateCommonNameToAbbreviation(X_Cell_Site_State, Table_AustralianStates[Common Name], Table_AustralianStates[Abbreviation]),Table_SourceData_OtherLivestock_FractionWasteInMMS[Other livestock type],Table_SourceData_OtherLivestock_FractionWasteInMMS[Pasture range and paddock]))/100 -> 0.9966 | F13: Percent
A14: =HYPERLINK("#'4.7.1.1-2 Manure Methane'!A1", "4.7.1.1-2 Manure Methane") -> 4.7.1.1-2 Manure Methane | D14: Anaerobic lagoon | E14: =IF(X_Cell_OtherLivestock_Buffalo_FencedWater="Yes", 0, Common_InputFunctions.Utility_LookupValueInTableNumber(Common_InputFunctions.Utility_ConvertStateCommonNameToAbbreviation(X_Cell_Site_State, Table_AustralianStates[Common Name], Table_AustralianStates[Abbreviation]),Table_SourceData_OtherLivestock_FractionWasteInMMS[Other livestock type],Table_SourceData_OtherLivestock_FractionWasteInMMS[Uncovered anaerobic lagoon]))/100 -> 0.0034 | F14: Percent
A15: =HYPERLINK("#'4.7.1.3-4 Soil Direct N2O'!A1", "4.7.1.3-4 Soil Direct N2O") -> 4.7.1.3-4 Soil Direct N2O
A16: =HYPERLINK("#'4.7.1.5-6 Soil Atmos Deposition'!A1", "4.7.1.5-6 Soil Atmos Deposition") -> 4.7.1.5-6 Soil Atmos Deposition | D16: Where did the buffalo spend most of their time grazing? | E16: Pasture | F16: ← Please select
A17: =HYPERLINK("#'4.7.1.7-8 Soil Leaching Runoff'!A1", "4.7.1.7-8 Soil Leaching Runoff") -> 4.7.1.7-8 Soil Leaching Runoff | E17: Not irrigated | F17: ← Please select
D19: Goats
A20: APPENDICES
A21: =HYPERLINK("#'Constants - Other Livestock'!A1", "Constants - Other Livestock") -> Constants - Other Livestock | E21: Bucks / billy | F21: Wethers | G21: Maiden breeding does / nannies | H21: Breeding does / nannies | I21: Other | J21: Kids
A22: =HYPERLINK("#'Constants - Livestock'!A1", "Constants - Livestock") -> Constants - Livestock | D22: ="Average number of head between " & TEXT(X_Cell_Site_StartDate, "dd mmm yy") & " and " & TEXT(X_Cell_Site_EndDate, "dd mmm yy") -> Average number of head between 01 Jan 24 and 31 Dec 24 | E22: 4300 | F22: 100 | G22: 100 | H22: 100 | I22: 100 | J22: 100 | K22: head
A23: =HYPERLINK("#'Constants - Common'!A1", "Constants - Common") -> Constants - Common
A24: =HYPERLINK("#'Acknowledgements'!A1", "Acknowledgements") -> Acknowledgements | D24: Are all dams and natural water sources fenced off so goats cannot access them? | E24: No | F24: ← Please select
D26: Manure management system | E26: Percent in MMS
D27: Pasture range and paddock | E27: =IF(X_Cell_OtherLivestock_Goats_FencedWater="Yes", 1, Common_InputFunctions.Utility_LookupValueInTableNumber(Common_InputFunctions.Utility_ConvertStateCommonNameToAbbreviation(X_Cell_Site_State, Table_AustralianStates[Common Name], Table_AustralianStates[Abbreviation]),Table_SourceData_OtherLivestock_FractionWasteInMMS[Other livestock type],Table_SourceData_OtherLivestock_FractionWasteInMMS[Pasture range and paddock]))/100 -> 0.9966 | F27: Percent
D28: Anaerobic lagoon | E28: =IF(X_Cell_OtherLivestock_Goats_FencedWater="Yes", 0, Common_InputFunctions.Utility_LookupValueInTableNumber(Common_InputFunctions.Utility_ConvertStateCommonNameToAbbreviation(X_Cell_Site_State, Table_AustralianStates[Common Name], Table_AustralianStates[Abbreviation]),Table_SourceData_OtherLivestock_FractionWasteInMMS[Other livestock type],Table_SourceData_OtherLivestock_FractionWasteInMMS[Uncovered anaerobic lagoon]))/100 -> 0.0034 | F28: Percent
D30: Where did the goats spend most of their time grazing? | E30: Pasture | F30: ← Please select
E31: Not irrigated | F31: ← Please select
D33: Deer
E35: Bucks | F35: Breeding does | G35: Other does | H35: Fawn
D36: ="Average number of head between " & TEXT(X_Cell_Site_StartDate, "dd mmm yy") & " and " & TEXT(X_Cell_Site_EndDate, "dd mmm yy") -> Average number of head between 01 Jan 24 and 31 Dec 24 | E36: 4300 | F36: 100 | G36: 100 | H36: 100 | I36: head
D38: Are all dams and natural water sources fenced off so deer cannot access them? | E38: No | F38: ← Please select
D40: Manure management system | E40: Percent in MMS
D41: Pasture range and paddock | E41: =IF(X_Cell_OtherLivestock_Deer_FencedWater="Yes", 1, Common_InputFunctions.Utility_LookupValueInTableNumber(Common_InputFunctions.Utility_ConvertStateCommonNameToAbbreviation(X_Cell_Site_State, Table_AustralianStates[Common Name], Table_AustralianStates[Abbreviation]),Table_SourceData_OtherLivestock_FractionWasteInMMS[Other livestock type],Table_SourceData_OtherLivestock_FractionWasteInMMS[Pasture range and paddock]))/100 -> 0.9966 | F41: Percent
D42: Anaerobic lagoon | E42: =IF(X_Cell_OtherLivestock_Deer_FencedWater="Yes", 0, Common_InputFunctions.Utility_LookupValueInTableNumber(Common_InputFunctions.Utility_ConvertStateCommonNameToAbbreviation(X_Cell_Site_State, Table_AustralianStates[Common Name], Table_AustralianStates[Abbreviation]),Table_SourceData_OtherLivestock_FractionWasteInMMS[Other livestock type],Table_SourceData_OtherLivestock_FractionWasteInMMS[Uncovered anaerobic lagoon]))/100 -> 0.0034 | F42: Percent
D44: Where did the deer spend most of their time grazing? | E44: Pasture | F44: ← Please select
E45: Not irrigated | F45: ← Please select
D47: Others
E49: Camels | F49: Alpacas | G49: Horses | H49: Mules / asses | I49: Emus / ostriches
D50: ="Average number of head between " & TEXT(X_Cell_Site_StartDate, "dd mmm yy") & " and " & TEXT(X_Cell_Site_EndDate, "dd mmm yy") -> Average number of head between 01 Jan 24 and 31 Dec 24 | E50: 4300 | F50: 100 | G50: 100 | H50: 100 | I50: 100 | J50: head
D52: Are all dams and natural water sources fenced off so livestock cannot access them? | E52: No | F52: No | G52: No | H52: No | I52: No | J52: ← Please select
D54: Manure management system | E54: Camels | F54: Alpacas | G54: Horses | H54: Mules / asses | I54: Emus / ostriches
D55: Pasture range and paddock | E55: =IF(X_Cell_OtherLivestock_Others_Camels_FencedWater="Yes", 1, Common_InputFunctions.Utility_LookupValueInTableNumber(Common_InputFunctions.Utility_ConvertStateCommonNameToAbbreviation(X_Cell_Site_State, Table_AustralianStates[Common Name], Table_AustralianStates[Abbreviation]),Table_SourceData_OtherLivestock_FractionWasteInMMS[Other livestock type],Table_SourceData_OtherLivestock_FractionWasteInMMS[Pasture range and paddock]))/100 -> 0.9966 | F55: =IF(X_Cell_OtherLivestock_Others_Alpacas_FencedWater="Yes", 1, Common_InputFunctions.Utility_LookupValueInTableNumber(Common_InputFunctions.Utility_ConvertStateCommonNameToAbbreviation(X_Cell_Site_State, Table_AustralianStates[Common Name], Table_AustralianStates[Abbreviation]),Table_SourceData_OtherLivestock_FractionWasteInMMS[Other livestock type],Table_SourceData_OtherLivestock_FractionWasteInMMS[Pasture range and paddock]))/100 -> 0.9966 | G55: =IF(X_Cell_OtherLivestock_Others_Horses_FencedWater="Yes", 1, Common_InputFunctions.Utility_LookupValueInTableNumber(Common_InputFunctions.Utility_ConvertStateCommonNameToAbbreviation(X_Cell_Site_State, Table_AustralianStates[Common Name], Table_AustralianStates[Abbreviation]),Table_SourceData_OtherLivestock_FractionWasteInMMS[Other livestock type],Table_SourceData_OtherLivestock_FractionWasteInMMS[Pasture range and paddock]))/100 -> 0.9966 | H55: =IF(X_Cell_OtherLivestock_Others_Horses_FencedWater="Yes", 1, Common_InputFunctions.Utility_LookupValueInTableNumber(Common_InputFunctions.Utility_ConvertStateCommonNameToAbbreviation(X_Cell_Site_State, Table_AustralianStates[Common Name], Table_AustralianStates[Abbreviation]),Table_SourceData_OtherLivestock_FractionWasteInMMS[Other livestock type],Table_SourceData_OtherLivestock_FractionWasteInMMS[Pasture range and paddock]))/100 -> 0.9966 | I55: =IF(X_Cell_OtherLivestock_Others_Horses_FencedWater="Yes", 1, Common_InputFunctions.Utility_LookupValueInTableNumber(Common_InputFunctions.Utility_ConvertStateCommonNameToAbbreviation(X_Cell_Site_State, Table_AustralianStates[Common Name], Table_AustralianStates[Abbreviation]),Table_SourceData_OtherLivestock_FractionWasteInMMS[Other livestock type],Table_SourceData_OtherLivestock_FractionWasteInMMS[Pasture range and paddock]))/100 -> 0.9966 | J55: percent
D56: Anaerobic lagoon | E56: =IF(X_Cell_OtherLivestock_Others_Camels_FencedWater="Yes", 0, Common_InputFunctions.Utility_LookupValueInTableNumber(Common_InputFunctions.Utility_ConvertStateCommonNameToAbbreviation(X_Cell_Site_State, Table_AustralianStates[Common Name], Table_AustralianStates[Abbreviation]),Table_SourceData_OtherLivestock_FractionWasteInMMS[Other livestock type],Table_SourceData_OtherLivestock_FractionWasteInMMS[Uncovered anaerobic lagoon]))/100 -> 0.0034 | F56: =IF(X_Cell_OtherLivestock_Others_Alpacas_FencedWater="Yes", 0, Common_InputFunctions.Utility_LookupValueInTableNumber(Common_InputFunctions.Utility_ConvertStateCommonNameToAbbreviation(X_Cell_Site_State, Table_AustralianStates[Common Name], Table_AustralianStates[Abbreviation]),Table_SourceData_OtherLivestock_FractionWasteInMMS[Other livestock type],Table_SourceData_OtherLivestock_FractionWasteInMMS[Uncovered anaerobic lagoon]))/100 -> 0.0034 | G56: =IF(X_Cell_OtherLivestock_Others_Horses_FencedWater="Yes", 0, Common_InputFunctions.Utility_LookupValueInTableNumber(Common_InputFunctions.Utility_ConvertStateCommonNameToAbbreviation(X_Cell_Site_State, Table_AustralianStates[Common Name], Table_AustralianStates[Abbreviation]),Table_SourceData_OtherLivestock_FractionWasteInMMS[Other livestock type],Table_SourceData_OtherLivestock_FractionWasteInMMS[Uncovered anaerobic lagoon]))/100 -> 0.0034 | H56: =IF(X_Cell_OtherLivestock_Others_Horses_FencedWater="Yes", 0, Common_InputFunctions.Utility_LookupValueInTableNumber(Common_InputFunctions.Utility_ConvertStateCommonNameToAbbreviation(X_Cell_Site_State, Table_AustralianStates[Common Name], Table_AustralianStates[Abbreviation]),Table_SourceData_OtherLivestock_FractionWasteInMMS[Other livestock type],Table_SourceData_OtherLivestock_FractionWasteInMMS[Uncovered anaerobic lagoon]))/100 -> 0.0034 | I56: =IF(X_Cell_OtherLivestock_Others_Horses_FencedWater="Yes", 0, Common_InputFunctions.Utility_LookupValueInTableNumber(Common_InputFunctions.Utility_ConvertStateCommonNameToAbbreviation(X_Cell_Site_State, Table_AustralianStates[Common Name], Table_AustralianStates[Abbreviation]),Table_SourceData_OtherLivestock_FractionWasteInMMS[Other livestock type],Table_SourceData_OtherLivestock_FractionWasteInMMS[Uncovered anaerobic lagoon]))/100 -> 0.0034 | J56: percent
D58: Where did the livestock spend most of their time grazing? | E58: Pasture | F58: Pasture | G58: Crop | H58: Crop | I58: Pasture | J58: ← Please select
E59: Drip irrigation | F59: Sprinkler irrigation | G59: Not irrigated | H59: Surface irrigation | I59: Not irrigated | J59: ← Please select

Sheet 4.7.1.1-2 Manure Methane
A1: #VALUE! | C1: 4.7.1.1-2 Manure Methane
A3: =HYPERLINK("#'Home'!A1", "Home") -> Home | D3: Method 1 | N3: Method 2
A4: =HYPERLINK("#'Overview'!A1", "Overview") -> Overview
A5: =HYPERLINK("#'Results'!A1", "Results") -> Results | D5: {=MMS_OtherLivestock_Methane_Equations.VEERG_4_7_1_1__2_AnnualMethaneProductionFromManureManagement_Title()} -> Annual methane production from manure management
D6: {=MMS_OtherLivestock_Methane_Equations.VEERG_4_7_1_1__2_AnnualMethaneProductionFromManureManagement_Source()} -> VEERG 2026: 4.7.1.1, Equation (2)
D7: Function name | E7: {=Common_InputFunctions.Utility_DisplayFunctionName(E65)} -> =MMS_OtherLivestock_Methane_Equations.VEERG_4_7_1_1__2_AnnualMethaneProductionFromManureManagement
A8: INPUTS
A9: =HYPERLINK("#'Input - Site'!A1", "Site") -> Site
A10: =HYPERLINK("#'Input - Other Livestock'!A1", "Other Livestock") -> Other Livestock | D10: Variable | E10: {=MMS_OtherLivestock_Methane_Equations.VEERG_4_7_1_1__2_AnnualMethaneProductionFromManureManagement_Variable()} -> M_jm
D11: Unit | E11: {=MMS_OtherLivestock_Methane_Equations.VEERG_4_7_1_1__2_AnnualMethaneProductionFromManureManagement_Unit()} -> kg CH4/head/day
A13: CALCULATIONS | D13: {=_xlfn.CHOOSECOLS(MMS_OtherLivestock_Methane_Equations.VEERG_4_7_1_1__2_AnnualMethaneProductionFromManureManagement_Arguments(),1,2)} -> VS_j | E13: volatile solid production | H13: {=_xlfn.CHOOSECOLS(MMS_OtherLivestock_Methane_Equations.VEERG_4_7_1_1__2_AnnualMethaneProductionFromManureManagement_Arguments(),3,4)} -> kg/head/day | I13: Constant | J13: {=HYPERLINK(Common_InputFunctions.Utility_SourceHyperlink($D$20),$D$20)} -> Table_VS_j | N13: {=_xlfn.CHOOSECOLS(MMS_OtherLivestock_Methane_Equations.VEERG_4_7_1_1__2_AnnualMethaneProductionFromManureManagement_Arguments_Method2(),1,2)} -> VS_j | O13: volatile solid production | R13: {=_xlfn.CHOOSECOLS(MMS_OtherLivestock_Methane_Equations.VEERG_4_7_1_1__2_AnnualMethaneProductionFromManureManagement_Arguments_Method2(),3,4)} -> kg/head/day | S13: Constant
A14: =HYPERLINK("#'4.7.1.1-2 Manure Methane'!A1", "4.7.1.1-2 Manure Methane") -> 4.7.1.1-2 Manure Methane | D14: B_O | E14: methane emissions potential | H14: m3 CH4/kg VS | I14: Constant | J14: {=HYPERLINK(Common_InputFunctions.Utility_SourceHyperlink($D$32),$D$32)} -> Table_B_O | N14: B_O | O14: methane emissions potential | R14: m3 CH4/kg VS | S14: Constant
A15: =HYPERLINK("#'4.7.1.3-4 Soil Direct N2O'!A1", "4.7.1.3-4 Soil Direct N2O") -> 4.7.1.3-4 Soil Direct N2O | D15: MMS_m | E15: fraction of waste in each manure management system | H15: fraction | I15: Constant | J15: {=HYPERLINK(Common_InputFunctions.Utility_SourceHyperlink($D$44),D44)} -> Table_MMS_m | N15: MMS_m | O15: fraction of waste in each manure management system | R15: fraction | S15: Constant
A16: =HYPERLINK("#'4.7.1.5-6 Soil Atmos Deposition'!A1", "4.7.1.5-6 Soil Atmos Deposition") -> 4.7.1.5-6 Soil Atmos Deposition | D16: MCF_im | E16: methane conversion factor for state and manure management system | H16: fraction | I16: Constant | J16: {=HYPERLINK(Common_InputFunctions.Utility_SourceHyperlink($D$56),$D$56)} -> M1_Table_MCF_i_m | N16: MCF_im | O16: methane conversion factor for temperature zone and manure management system | R16: fraction | S16: Constant | T16: {=HYPERLINK(Common_InputFunctions.Utility_SourceHyperlink($N$56),$N$56)} -> M2_Table_MCF_i_m
A17: =HYPERLINK("#'4.7.1.7-8 Soil Leaching Runoff'!A1", "4.7.1.7-8 Soil Leaching Runoff") -> 4.7.1.7-8 Soil Leaching Runoff | D17: rho | E17: density of methane | H17: kg/m3 | I17: Constant | J17: =Common_SourceData_DensityOfMethane_Data -> 0.6784 | N17: rho | O17: density of methane | R17: kg/m3 | S17: Constant
D18: i | E18: state | I18: Input | J18: =Common_InputFunctions.Utility_ConvertStateCommonNameToAbbreviation(X_Cell_Site_State,Table_AustralianStates[Common Name],Table_AustralianStates[Abbreviation]) -> NSW | N18: i | O18: mean annual temperature | R18: degrees Celsius | S18: Input | T18: =X_Cell_Site_AverageTemperature -> 18
A20: APPENDICES | D20: Table_VS_j
A21: =HYPERLINK("#'Constants - Other Livestock'!A1", "Constants - Other Livestock") -> Constants - Other Livestock | D21: Volatile solid production
A22: =HYPERLINK("#'Constants - Livestock'!A1", "Constants - Livestock") -> Constants - Livestock | D22: Livestock type | E22: VSj
A23: =HYPERLINK("#'Constants - Common'!A1", "Constants - Common") -> Constants - Common | D23: ='Constants - Other Livestock'!D25 -> Buffalo | E23: ='Constants - Other Livestock'!E25 -> 2.73 | F23: =H13 -> kg/head/day
A24: =HYPERLINK("#'Acknowledgements'!A1", "Acknowledgements") -> Acknowledgements | D24: ='Constants - Other Livestock'!D26 -> Goats | E24: ='Constants - Other Livestock'!E26 -> 0.34
D25: ='Constants - Other Livestock'!D27 -> Deer | E25: ='Constants - Other Livestock'!E27 -> 0.91
D26: ='Constants - Other Livestock'!D28 -> Camels | E26: ='Constants - Other Livestock'!E28 -> 2.73
D27: ='Constants - Other Livestock'!D29 -> Alpacas | E27: ='Constants - Other Livestock'!E29 -> 0.34
D28: ='Constants - Other Livestock'!D30 -> Horses | E28: ='Constants - Other Livestock'!E30 -> 2.73
D29: ='Constants - Other Livestock'!D31 -> Mules/asses | E29: ='Constants - Other Livestock'!E31 -> 0.91
D30: ='Constants - Other Livestock'!D32 -> Emus/ostriches | E30: ='Constants - Other Livestock'!E32 -> 0.34
D32: Table_B_O
D33: Methane emissions potential
D34: Livestock type | E34: BO
D35: ='Constants - Other Livestock'!D103 -> Buffalo | E35: ='Constants - Other Livestock'!E103 -> 0.19 | F35: =$H$14 -> m3 CH4/kg VS
D36: ='Constants - Other Livestock'!D104 -> Goats | E36: ='Constants - Other Livestock'!E104 -> 0.24
D37: ='Constants - Other Livestock'!D105 -> Deer | E37: ='Constants - Other Livestock'!E105 -> 0.24
D38: ='Constants - Other Livestock'!D106 -> Camels | E38: ='Constants - Other Livestock'!E106 -> 0.24
D39: ='Constants - Other Livestock'!D107 -> Alpacas | E39: ='Constants - Other Livestock'!E107 -> 0.24
D40: ='Constants - Other Livestock'!D108 -> Horses | E40: ='Constants - Other Livestock'!E108 -> 0.19
D41: ='Constants - Other Livestock'!D109 -> Mules/asses | E41: ='Constants - Other Livestock'!E109 -> 0.24
D42: ='Constants - Other Livestock'!D110 -> Emus/ostriches | E42: ='Constants - Other Livestock'!E110 -> 0.36
D44: Table_MMS_m
D45: Fraction of waste in each manure management system
D46: Livestock type | E46: Pasture range and paddock | F46: Anaerobic lagoon
D47: Buffalo | E47: =X_Cell_OtherLivestock_Buffalo_CalculatedMMSPastureRangeAndPaddock -> 0.9966 | F47: =X_Cell_OtherLivestock_Buffalo_CalculatedMMSAnaerobicLagoon -> 0.0034 | G47: =$H$15 -> fraction
D48: Goats | E48: =X_Cell_OtherLivestock_Goats_CalculatedMMSPastureRangeAndPaddock -> 0.9966 | F48: =X_Cell_OtherLivestock_Goats_CalculatedMMSAnaerobicLagoon -> 0.0034
D49: Deer | E49: =X_Cell_OtherLivestock_Deer_CalculatedMMSPastureRangeAndPaddock -> 0.9966 | F49: =X_Cell_OtherLivestock_Deer_CalculatedMMSAnaerobicLagoon -> 0.0034
D50: Camels | E50: =X_Cell_OtherLivestock_Others_Camels_CalculatedMMSPastureRangeAndPaddock -> 0.9966 | F50: =X_Cell_OtherLivestock_Others_Camels_CalculatedMMSAnaerobicLagoon -> 0.0034
D51: Alpacas | E51: =X_Cell_OtherLivestock_Others_Alpacas_CalculatedMMSPastureRangeAndPaddock -> 0.9966 | F51: =X_Cell_OtherLivestock_Others_Alpacas_CalculatedMMSAnaerobicLagoon -> 0.0034
D52: Horses | E52: =X_Cell_OtherLivestock_Others_Horses_CalculatedMMSPastureRangeAndPaddock -> 0.9966 | F52: =X_Cell_OtherLivestock_Others_Horses_CalculatedMMSAnaerobicLagoon -> 0.0034
D53: Mules/asses | E53: =X_Cell_OtherLivestock_Others_Mules_CalculatedMMSPastureRangeAndPaddock -> 0.9966 | F53: =X_Cell_OtherLivestock_Others_Mules_CalculatedMMSAnaerobicLagoon -> 0.0034
D54: Emus/ostriches | E54: =X_Cell_OtherLivestock_Others_Emus_CalculatedMMSPastureRangeAndPaddock -> 0.9966 | F54: =X_Cell_OtherLivestock_Others_Emus_CalculatedMMSAnaerobicLagoon -> 0.0034
D56: M1_Table_MCF_i_m | N56: M2_Table_MCF_i_m
D57: Methane conversion factor for state (Method 1) | N57: Methane conversion factor for state (Method 2)
D58: MMS | E58: MCFim | N58: MMS | O58: MCFim
D59: Pasture range and paddock | E59: {=Common_InputFunctions.Utility_LookupValueInTableNumber($J$18,Table_SourceData_OtherLivestock_MCF[Other livestock type],Table_SourceData_OtherLivestock_MCF[Pasture range and paddock])} -> 0.0047 | F59: =$H$16 -> fraction | N59: Pasture range and paddock | O59: =Common_InputFunctions.Common_GetMCFTemperatureZone($T$18,N59,Table_SourceData_Common_MCFTemperatureZone[MAT (ºC)],Table_SourceData_Common_MCFTemperatureZone[#Headers],Table_SourceData_Common_MCFTemperatureZone[]) -> 0.0047 | P59: =$H$16 -> fraction
D60: Anaerobic lagoon | E60: {=Common_InputFunctions.Utility_LookupValueInTableNumber($J$18,Table_SourceData_OtherLivestock_MCF[Other livestock type],Table_SourceData_OtherLivestock_MCF[Uncovered anaerobic lagoon])} -> 0.75 | N60: Anaerobic lagoon | O60: =Common_InputFunctions.Common_GetMCFTemperatureZone($T$18,N60,Table_SourceData_Common_MCFTemperatureZone[MAT (ºC)],Table_SourceData_Common_MCFTemperatureZone[#Headers],Table_SourceData_Common_MCFTemperatureZone[]) -> 0.77
D62: M1_Table_M_j_m | N62: M2_Table_M_j_m
D63: Annual methane production from manure management (Method 1) | N63: Annual methane production from manure management (Method 2)
D64: Livestock type | E64: Pasture range and paddock | F64: Anaerobic lagoon | N64: Livestock type | O64: Pasture range and paddock | P64: Anaerobic lagoon
D65: Buffalo | E65: {=MMS_OtherLivestock_Methane_Equations.VEERG_4_7_1_1__2_AnnualMethaneProductionFromManureManagement($E23,$E35,E47,$E$59,$J$17)} -> 0.0016482414 | F65: {=MMS_OtherLivestock_Methane_Equations.VEERG_4_7_1_1__2_AnnualMethaneProductionFromManureManagement($E23,$E35,F47,$E$60,$J$17)} -> 0.0008973095 | G65: =$E$11 -> kg CH4/head/day | N65: Buffalo | O65: {=MMS_OtherLivestock_Methane_Equations.VEERG_4_7_1_1__2_AnnualMethaneProductionFromManureManagement($E23,$E35,E47,$O$59,$J$17)} -> 0.0016482414 | P65: {=MMS_OtherLivestock_Methane_Equations.VEERG_4_7_1_1__2_AnnualMethaneProductionFromManureManagement($E23,$E35,F47,$O$60,$J$17)} -> 0.00092123776 | Q65: =$E$11 -> kg CH4/head/day
D66: Goats | E66: {=MMS_OtherLivestock_Methane_Equations.VEERG_4_7_1_1__2_AnnualMethaneProductionFromManureManagement($E24,$E36,E48,$E$59,$J$17)} -> 0.00025929536 | F66: {=MMS_OtherLivestock_Methane_Equations.VEERG_4_7_1_1__2_AnnualMethaneProductionFromManureManagement($E24,$E36,F48,$E$60,$J$17)} -> 0.00014116147 | N66: Goats | O66: {=MMS_OtherLivestock_Methane_Equations.VEERG_4_7_1_1__2_AnnualMethaneProductionFromManureManagement($E24,$E36,E48,$O$59,$J$17)} -> 0.00025929536 | P66: {=MMS_OtherLivestock_Methane_Equations.VEERG_4_7_1_1__2_AnnualMethaneProductionFromManureManagement($E24,$E36,F48,$O$60,$J$17)} -> 0.00014492578
D67: Deer | E67: {=MMS_OtherLivestock_Methane_Equations.VEERG_4_7_1_1__2_AnnualMethaneProductionFromManureManagement($E25,$E37,E49,$E$59,$J$17)} -> 0.00069399639 | F67: {=MMS_OtherLivestock_Methane_Equations.VEERG_4_7_1_1__2_AnnualMethaneProductionFromManureManagement($E25,$E37,F49,$E$60,$J$17)} -> 0.00037781453 | N67: Deer | O67: {=MMS_OtherLivestock_Methane_Equations.VEERG_4_7_1_1__2_AnnualMethaneProductionFromManureManagement($E25,$E37,E49,$O$59,$J$17)} -> 0.00069399639 | P67: {=MMS_OtherLivestock_Methane_Equations.VEERG_4_7_1_1__2_AnnualMethaneProductionFromManureManagement($E25,$E37,F49,$O$60,$J$17)} -> 0.00038788958
D68: Camels | E68: {=MMS_OtherLivestock_Methane_Equations.VEERG_4_7_1_1__2_AnnualMethaneProductionFromManureManagement($E26,$E38,E50,$E$59,$J$17)} -> 0.0020819892 | F68: {=MMS_OtherLivestock_Methane_Equations.VEERG_4_7_1_1__2_AnnualMethaneProductionFromManureManagement($E26,$E38,F50,$E$60,$J$17)} -> 0.0011334436 | N68: Camels | O68: {=MMS_OtherLivestock_Methane_Equations.VEERG_4_7_1_1__2_AnnualMethaneProductionFromManureManagement($E26,$E38,E50,$O$59,$J$17)} -> 0.0020819892 | P68: {=MMS_OtherLivestock_Methane_Equations.VEERG_4_7_1_1__2_AnnualMethaneProductionFromManureManagement($E26,$E38,F50,$O$60,$J$17)} -> 0.0011636687
D69: Alpacas | E69: {=MMS_OtherLivestock_Methane_Equations.VEERG_4_7_1_1__2_AnnualMethaneProductionFromManureManagement($E27,$E39,E51,$E$59,$J$17)} -> 0.00025929536 | F69: {=MMS_OtherLivestock_Methane_Equations.VEERG_4_7_1_1__2_AnnualMethaneProductionFromManureManagement($E27,$E39,F51,$E$60,$J$17)} -> 0.00014116147 | N69: Alpacas | O69: {=MMS_OtherLivestock_Methane_Equations.VEERG_4_7_1_1__2_AnnualMethaneProductionFromManureManagement($E27,$E39,E51,$O$59,$J$17)} -> 0.00025929536 | P69: {=MMS_OtherLivestock_Methane_Equations.VEERG_4_7_1_1__2_AnnualMethaneProductionFromManureManagement($E27,$E39,F51,$O$60,$J$17)} -> 0.00014492578
D70: Horses | E70: {=MMS_OtherLivestock_Methane_Equations.VEERG_4_7_1_1__2_AnnualMethaneProductionFromManureManagement($E28,$E40,E52,$E$59,$J$17)} -> 0.0016482414 | F70: {=MMS_OtherLivestock_Methane_Equations.VEERG_4_7_1_1__2_AnnualMethaneProductionFromManureManagement($E28,$E40,F52,$E$60,$J$17)} -> 0.0008973095 | N70: Horses | O70: {=MMS_OtherLivestock_Methane_Equations.VEERG_4_7_1_1__2_AnnualMethaneProductionFromManureManagement($E28,$E40,E52,$O$59,$J$17)} -> 0.0016482414 | P70: {=MMS_OtherLivestock_Methane_Equations.VEERG_4_7_1_1__2_AnnualMethaneProductionFromManureManagement($E28,$E40,F52,$O$60,$J$17)} -> 0.00092123776
D71: Mules/asses | E71: {=MMS_OtherLivestock_Methane_Equations.VEERG_4_7_1_1__2_AnnualMethaneProductionFromManureManagement($E29,$E41,E53,$E$59,$J$17)} -> 0.00069399639 | F71: {=MMS_OtherLivestock_Methane_Equations.VEERG_4_7_1_1__2_AnnualMethaneProductionFromManureManagement($E29,$E41,F53,$E$60,$J$17)} -> 0.00037781453 | N71: Mules/asses | O71: {=MMS_OtherLivestock_Methane_Equations.VEERG_4_7_1_1__2_AnnualMethaneProductionFromManureManagement($E29,$E41,E53,$O$59,$J$17)} -> 0.00069399639 | P71: {=MMS_OtherLivestock_Methane_Equations.VEERG_4_7_1_1__2_AnnualMethaneProductionFromManureManagement($E29,$E41,F53,$O$60,$J$17)} -> 0.00038788958
D72: Emus/ostriches | E72: {=MMS_OtherLivestock_Methane_Equations.VEERG_4_7_1_1__2_AnnualMethaneProductionFromManureManagement($E30,$E42,E54,$E$59,$J$17)} -> 0.00038894303 | F72: {=MMS_OtherLivestock_Methane_Equations.VEERG_4_7_1_1__2_AnnualMethaneProductionFromManureManagement($E30,$E42,F54,$E$60,$J$17)} -> 0.00021174221 | N72: Emus/ostriches | O72: {=MMS_OtherLivestock_Methane_Equations.VEERG_4_7_1_1__2_AnnualMethaneProductionFromManureManagement($E30,$E42,E54,$O$59,$J$17)} -> 0.00038894303 | P72: {=MMS_OtherLivestock_Methane_Equations.VEERG_4_7_1_1__2_AnnualMethaneProductionFromManureManagement($E30,$E42,F54,$O$60,$J$17)} -> 0.00021738867
D76: {=MMS_OtherLivestock_Methane_Equations.VEERG_4_7_1_1__1_TotalAnnualMethaneProductionFromManureManagementOtherLivestock_Title()} -> Total annual methane production from manure management of other livestock
D77: {=MMS_OtherLivestock_Methane_Equations.VEERG_4_7_1_1__1_TotalAnnualMethaneProductionFromManureManagementOtherLivestock_Source()} -> VEERG 2026: 4.7.1.1, Equation (1)
D78: Function name | E78: {=Common_InputFunctions.Utility_DisplayFunctionName(E104)} -> =MMS_OtherLivestock_Methane_Equations.VEERG_4_7_1_1__1_TotalAnnualMethaneProductionFromManureManagementOtherLivestock
D81: Variable | E81: {=MMS_OtherLivestock_Methane_Equations.VEERG_4_7_1_1__1_TotalAnnualMethaneProductionFromManureManagementOtherLivestock_Variable()} -> E_CH4
D82: Unit | E82: {=MMS_OtherLivestock_Methane_Equations.VEERG_4_7_1_1__1_TotalAnnualMethaneProductionFromManureManagementOtherLivestock_Unit()} -> t CH4
D84: {=_xlfn.CHOOSECOLS(MMS_OtherLivestock_Methane_Equations.VEERG_4_7_1_1__1_TotalAnnualMethaneProductionFromManureManagementOtherLivestock_Arguments(),1,2)} -> N_j | E84: average annual number of livestock per livestock type j | G84: {=_xlfn.CHOOSECOLS(MMS_OtherLivestock_Methane_Equations.VEERG_4_7_1_1__1_TotalAnnualMethaneProductionFromManureManagementOtherLivestock_Arguments(),3,4)} -> head | H84: Input | I84: {=HYPERLINK(Common_InputFunctions.Utility_SourceHyperlink($D$89),$D$89)} -> Table_N_j
D85: M_jm | E85: annual methane production from manure management | G85: kg CH4/head/day | H85: Calculated from 4.7.1.1, (2) | I85: {=HYPERLINK(Common_InputFunctions.Utility_SourceHyperlink($D$62),$D$62)} -> M1_Table_M_j_m
D86: j | E86: livestock type | H86: Input | I86: {=HYPERLINK(Common_InputFunctions.Utility_SourceHyperlink($D$89),$D$89)} -> Table_N_j
D87: m | E87: manure management system | H87: Input | I87: {=HYPERLINK(Common_InputFunctions.Utility_SourceHyperlink($D$62),$D$62)} -> M1_Table_M_j_m
D89: Table_N_j
D90: Number of livestock
D91: Livestock type | E91: Nj
D92: Buffalo | E92: =SUM(X_Table_OtherLivestock_Buffalo_Head) -> 4600 | F92: =G84 -> head
D93: Goats | E93: =SUM(X_Table_OtherLivestock_Goats_Head) -> 4800
D94: Deer | E94: =SUM(X_Table_OtherLivestock_Deer_Head) -> 4600
D95: Camels | E95: =X_Cell_OtherLivestock_Others_Camels_Head -> 4300
D96: Alpacas | E96: =X_Cell_OtherLivestock_Others_Alpacas_Head -> 100
D97: Horses | E97: =X_Cell_OtherLivestock_Others_Horses_Head -> 100
D98: Mules/asses | E98: =X_Cell_OtherLivestock_Others_Mules_Head -> 100
D99: Emus/ostriches | E99: =X_Cell_OtherLivestock_Others_Emus_Head -> 100
D101: M1_Table_E_CH4 | N101: M1_Table_E_CH4
D102: Annual methane production (Method 1) | N102: Annual methane production (Method 1)
D103: Livestock type | E103: Pasture range and paddock | F103: Anaerobic lagoon | N103: Livestock type | O103: Pasture range and paddock | P103: Anaerobic lagoon
D104: Buffalo | E104: {=MMS_OtherLivestock_Methane_Equations.VEERG_4_7_1_1__1_TotalAnnualMethaneProductionFromManureManagementOtherLivestock($E92,E65)} -> 2.7673974 | F104: {=MMS_OtherLivestock_Methane_Equations.VEERG_4_7_1_1__1_TotalAnnualMethaneProductionFromManureManagementOtherLivestock($E92,F65)} -> 1.5065827 | G104: =$E$82 -> t CH4 | N104: Buffalo | O104: {=MMS_OtherLivestock_Methane_Equations.VEERG_4_7_1_1__1_TotalAnnualMethaneProductionFromManureManagementOtherLivestock($E92,O65)} -> 2.7673974 | P104: {=MMS_OtherLivestock_Methane_Equations.VEERG_4_7_1_1__1_TotalAnnualMethaneProductionFromManureManagementOtherLivestock($E92,P65)} -> 1.5467582 | Q104: =$E$82 -> t CH4
D105: Goats | E105: {=MMS_OtherLivestock_Methane_Equations.VEERG_4_7_1_1__1_TotalAnnualMethaneProductionFromManureManagementOtherLivestock($E93,E66)} -> 0.45428546 | F105: {=MMS_OtherLivestock_Methane_Equations.VEERG_4_7_1_1__1_TotalAnnualMethaneProductionFromManureManagementOtherLivestock($E93,F66)} -> 0.2473149 | N105: Goats | O105: {=MMS_OtherLivestock_Methane_Equations.VEERG_4_7_1_1__1_TotalAnnualMethaneProductionFromManureManagementOtherLivestock($E93,O66)} -> 0.45428546 | P105: {=MMS_OtherLivestock_Methane_Equations.VEERG_4_7_1_1__1_TotalAnnualMethaneProductionFromManureManagementOtherLivestock($E93,P66)} -> 0.25390996
D106: Deer | E106: {=MMS_OtherLivestock_Methane_Equations.VEERG_4_7_1_1__1_TotalAnnualMethaneProductionFromManureManagementOtherLivestock($E94,E67)} -> 1.1652199 | F106: {=MMS_OtherLivestock_Methane_Equations.VEERG_4_7_1_1__1_TotalAnnualMethaneProductionFromManureManagementOtherLivestock($E94,F67)} -> 0.63435059 | N106: Deer | O106: {=MMS_OtherLivestock_Methane_Equations.VEERG_4_7_1_1__1_TotalAnnualMethaneProductionFromManureManagementOtherLivestock($E94,O67)} -> 1.1652199 | P106: {=MMS_OtherLivestock_Methane_Equations.VEERG_4_7_1_1__1_TotalAnnualMethaneProductionFromManureManagementOtherLivestock($E94,P67)} -> 0.65126661
D107: Camels | E107: {=MMS_OtherLivestock_Methane_Equations.VEERG_4_7_1_1__1_TotalAnnualMethaneProductionFromManureManagementOtherLivestock($E95,E68)} -> 3.267682 | F107: {=MMS_OtherLivestock_Methane_Equations.VEERG_4_7_1_1__1_TotalAnnualMethaneProductionFromManureManagementOtherLivestock($E95,F68)} -> 1.7789397 | N107: Camels | O107: {=MMS_OtherLivestock_Methane_Equations.VEERG_4_7_1_1__1_TotalAnnualMethaneProductionFromManureManagementOtherLivestock($E95,O68)} -> 3.267682 | P107: {=MMS_OtherLivestock_Methane_Equations.VEERG_4_7_1_1__1_TotalAnnualMethaneProductionFromManureManagementOtherLivestock($E95,P68)} -> 1.8263781
D108: Alpacas | E108: {=MMS_OtherLivestock_Methane_Equations.VEERG_4_7_1_1__1_TotalAnnualMethaneProductionFromManureManagementOtherLivestock($E96,E69)} -> 0.0094642805 | F108: {=MMS_OtherLivestock_Methane_Equations.VEERG_4_7_1_1__1_TotalAnnualMethaneProductionFromManureManagementOtherLivestock($E96,F69)} -> 0.0051523937 | N108: Alpacas | O108: {=MMS_OtherLivestock_Methane_Equations.VEERG_4_7_1_1__1_TotalAnnualMethaneProductionFromManureManagementOtherLivestock($E96,O69)} -> 0.0094642805 | P108: {=MMS_OtherLivestock_Methane_Equations.VEERG_4_7_1_1__1_TotalAnnualMethaneProductionFromManureManagementOtherLivestock($E96,P69)} -> 0.0052897909
D109: Horses | E109: {=MMS_OtherLivestock_Methane_Equations.VEERG_4_7_1_1__1_TotalAnnualMethaneProductionFromManureManagementOtherLivestock($E97,E70)} -> 0.060160812 | F109: {=MMS_OtherLivestock_Methane_Equations.VEERG_4_7_1_1__1_TotalAnnualMethaneProductionFromManureManagementOtherLivestock($E97,F70)} -> 0.032751797 | N109: Horses | O109: {=MMS_OtherLivestock_Methane_Equations.VEERG_4_7_1_1__1_TotalAnnualMethaneProductionFromManureManagementOtherLivestock($E97,O70)} -> 0.060160812 | P109: {=MMS_OtherLivestock_Methane_Equations.VEERG_4_7_1_1__1_TotalAnnualMethaneProductionFromManureManagementOtherLivestock($E97,P70)} -> 0.033625178
D110: Mules/asses | E110: {=MMS_OtherLivestock_Methane_Equations.VEERG_4_7_1_1__1_TotalAnnualMethaneProductionFromManureManagementOtherLivestock($E98,E71)} -> 0.025330868 | F110: {=MMS_OtherLivestock_Methane_Equations.VEERG_4_7_1_1__1_TotalAnnualMethaneProductionFromManureManagementOtherLivestock($E98,F71)} -> 0.01379023 | N110: Mules/asses | O110: {=MMS_OtherLivestock_Methane_Equations.VEERG_4_7_1_1__1_TotalAnnualMethaneProductionFromManureManagementOtherLivestock($E98,O71)} -> 0.025330868 | P110: {=MMS_OtherLivestock_Methane_Equations.VEERG_4_7_1_1__1_TotalAnnualMethaneProductionFromManureManagementOtherLivestock($E98,P71)} -> 0.01415797
D111: Emus/ostriches | E111: {=MMS_OtherLivestock_Methane_Equations.VEERG_4_7_1_1__1_TotalAnnualMethaneProductionFromManureManagementOtherLivestock($E99,E72)} -> 0.014196421 | F111: {=MMS_OtherLivestock_Methane_Equations.VEERG_4_7_1_1__1_TotalAnnualMethaneProductionFromManureManagementOtherLivestock($E99,F72)} -> 0.0077285906 | N111: Emus/ostriches | O111: {=MMS_OtherLivestock_Methane_Equations.VEERG_4_7_1_1__1_TotalAnnualMethaneProductionFromManureManagementOtherLivestock($E99,O72)} -> 0.014196421 | P111: {=MMS_OtherLivestock_Methane_Equations.VEERG_4_7_1_1__1_TotalAnnualMethaneProductionFromManureManagementOtherLivestock($E99,P72)} -> 0.0079346863
D113: ECH4 (Method 1) | E113: =SUM(E104:F111) -> 11.990348 | F113: =$E$82 -> t CH4 | N113: ECH4 (Method 2) | O113: =SUM(O104:P111) -> 12.103058 | P113: =$E$82 -> t CH4
D115: {=Common_Equations.Common_ConvertCH4ToCO2e_Arguments()} -> ECH4 | E115: Methane emissions (t CH4) | G115: =E113 -> 11.990348 | H115: =$E$82 -> t CH4 | N115: {=Common_Equations.Common_ConvertCH4ToCO2e_Arguments()} -> ECH4 | O115: Methane emissions (t CH4) | Q115: =O113 -> 12.103058 | R115: =$E$82 -> t CH4
D116: GWPCH4 | E116: Global warming potential for methane (t CO2-e / t CH4) | G116: =Common_InputFunctions.Utility_LookupValueInTableNumber("CH4",Table_GWPData[Gas],Table_GWPData[CO2-e factor]) -> 28 | N116: GWPCH4 | O116: Global warming potential for methane (t CO2-e / t CH4) | Q116: =Common_InputFunctions.Utility_LookupValueInTableNumber("CH4",Table_GWPData[Gas],Table_GWPData[CO2-e factor]) -> 28
D118: ECO2e (Method 1) | E118: {=Common_Equations.Common_ConvertCH4ToCO2e(G115,G116)} -> 335.72975 | F118: {=Common_Equations.Common_ConvertN2OToCO2e_Unit()} -> t CO2e | N118: ECO2e (Method 2) | O118: {=Common_Equations.Common_ConvertCH4ToCO2e(Q115,Q116)} -> 338.88561 | P118: {=Common_Equations.Common_ConvertN2OToCO2e_Unit()} -> t CO2e

Sheet 4.7.1.3-4 Soil Direct N2O
A1: #VALUE! | C1: 4.7.1.3-4 Manure Soil Direct N2O
A3: =HYPERLINK("#'Home'!A1", "Home") -> Home | D3: Method 1 | N3: Method 2
A4: =HYPERLINK("#'Overview'!A1", "Overview") -> Overview
A5: =HYPERLINK("#'Results'!A1", "Results") -> Results | D5: {=MMS_OtherLivestock_Soil_N2ODirect.VEERG_4_7_1_3__2_AnnualNitrogenExcretedToPasture_Title()} -> Annual nitrogen excreted by livestock to pasture, range and paddock
D6: {=MMS_OtherLivestock_Soil_N2ODirect.VEERG_4_7_1_3__2_AnnualNitrogenExcretedToPasture_Source()} -> VEERG 2026: 4.7.1.3, Equation (2)
D7: Function name | E7: {=Common_InputFunctions.Utility_DisplayFunctionName(E44)} -> =MMS_OtherLivestock_Soil_N2ODirect.VEERG_4_7_1_3__2_AnnualNitrogenExcretedToPasture
A8: INPUTS
A9: =HYPERLINK("#'Input - Site'!A1", "Site") -> Site
A10: =HYPERLINK("#'Input - Other Livestock'!A1", "Other Livestock") -> Other Livestock | D10: Variable | E10: {=MMS_OtherLivestock_Soil_N2ODirect.VEERG_4_7_1_3__2_AnnualNitrogenExcretedToPasture_Variable()} -> AE
D11: Unit | E11: {=MMS_OtherLivestock_Soil_N2ODirect.VEERG_4_7_1_3__2_AnnualNitrogenExcretedToPasture_Unit()} -> kg N/year
A13: CALCULATIONS | D13: {=_xlfn.CHOOSECOLS(MMS_OtherLivestock_Soil_N2ODirect.VEERG_4_7_1_3__2_AnnualNitrogenExcretedToPasture_Arguments(),1,2)} -> N_j | E13: number of livestock of each livestock type j | G13: {=_xlfn.CHOOSECOLS(MMS_OtherLivestock_Soil_N2ODirect.VEERG_4_7_1_3__2_AnnualNitrogenExcretedToPasture_Arguments(),3,4)} -> head | H13: Input | I13: {=HYPERLINK(Common_InputFunctions.Utility_SourceHyperlink($D$17),$D$17)} -> Table_N_j
A14: =HYPERLINK("#'4.7.1.1-2 Manure Methane'!A1", "4.7.1.1-2 Manure Methane") -> 4.7.1.1-2 Manure Methane | D14: NE_j | E14: nitrogen excreted by each livestock type j | G14: kg N/head/day | H14: Constant | I14: {=HYPERLINK(Common_InputFunctions.Utility_SourceHyperlink($D$29),$D$29)} -> Table_NE_j
A15: =HYPERLINK("#'4.7.1.3-4 Soil Direct N2O'!A1", "4.7.1.3-4 Soil Direct N2O") -> 4.7.1.3-4 Soil Direct N2O | D15: j | E15: livestock type | H15: Input | I15: {=HYPERLINK(Common_InputFunctions.Utility_SourceHyperlink($D$17),$D$17)} -> Table_N_j
A16: =HYPERLINK("#'4.7.1.5-6 Soil Atmos Deposition'!A1", "4.7.1.5-6 Soil Atmos Deposition") -> 4.7.1.5-6 Soil Atmos Deposition
A17: =HYPERLINK("#'4.7.1.7-8 Soil Leaching Runoff'!A1", "4.7.1.7-8 Soil Leaching Runoff") -> 4.7.1.7-8 Soil Leaching Runoff | D17: Table_N_j
D18: Number of livestock
D19: Livestock type | E19: Nj
A20: APPENDICES | D20: Buffalo | E20: =SUM(X_Table_OtherLivestock_Buffalo_Head) -> 4600 | F20: =G13 -> head
A21: =HYPERLINK("#'Constants - Other Livestock'!A1", "Constants - Other Livestock") -> Constants - Other Livestock | D21: Goats | E21: =SUM(X_Table_OtherLivestock_Goats_Head) -> 4800
A22: =HYPERLINK("#'Constants - Livestock'!A1", "Constants - Livestock") -> Constants - Livestock | D22: Deer | E22: =SUM(X_Table_OtherLivestock_Deer_Head) -> 4600
A23: =HYPERLINK("#'Constants - Common'!A1", "Constants - Common") -> Constants - Common | D23: Camels | E23: =X_Cell_OtherLivestock_Others_Camels_Head -> 4300
A24: =HYPERLINK("#'Acknowledgements'!A1", "Acknowledgements") -> Acknowledgements | D24: Alpacas | E24: =X_Cell_OtherLivestock_Others_Alpacas_Head -> 100
D25: Horses | E25: =X_Cell_OtherLivestock_Others_Horses_Head -> 100
D26: Mules/asses | E26: =X_Cell_OtherLivestock_Others_Mules_Head -> 100
D27: Emus/ostriches | E27: =X_Cell_OtherLivestock_Others_Emus_Head -> 100
D29: Table_NE_j
D30: Nitrogen extreted per day
D31: Livestock type | E31: NEj
D32: ='Constants - Other Livestock'!D103 -> Buffalo | E32: {=Common_InputFunctions.Utility_LookupValueInTableNumber(D32,Table_SourceData_OtherLivestock_NitrogenExcreted[Other livestock type],Table_SourceData_OtherLivestock_NitrogenExcreted[NEj])} -> 39.5 | F32: =$G$14 -> kg N/head/day
D33: ='Constants - Other Livestock'!D104 -> Goats | E33: {=Common_InputFunctions.Utility_LookupValueInTableNumber(D33,Table_SourceData_OtherLivestock_NitrogenExcreted[Other livestock type],Table_SourceData_OtherLivestock_NitrogenExcreted[NEj])} -> 7
D34: ='Constants - Other Livestock'!D105 -> Deer | E34: {=Common_InputFunctions.Utility_LookupValueInTableNumber(D34,Table_SourceData_OtherLivestock_NitrogenExcreted[Other livestock type],Table_SourceData_OtherLivestock_NitrogenExcreted[NEj])} -> 13.2
D35: ='Constants - Other Livestock'!D106 -> Camels | E35: {=Common_InputFunctions.Utility_LookupValueInTableNumber(D35,Table_SourceData_OtherLivestock_NitrogenExcreted[Other livestock type],Table_SourceData_OtherLivestock_NitrogenExcreted[NEj])} -> 39.5
D36: ='Constants - Other Livestock'!D107 -> Alpacas | E36: {=Common_InputFunctions.Utility_LookupValueInTableNumber(D36,Table_SourceData_OtherLivestock_NitrogenExcreted[Other livestock type],Table_SourceData_OtherLivestock_NitrogenExcreted[NEj])} -> 7
D37: ='Constants - Other Livestock'!D108 -> Horses | E37: {=Common_InputFunctions.Utility_LookupValueInTableNumber(D37,Table_SourceData_OtherLivestock_NitrogenExcreted[Other livestock type],Table_SourceData_OtherLivestock_NitrogenExcreted[NEj])} -> 39.5
D38: ='Constants - Other Livestock'!D109 -> Mules/asses | E38: {=Common_InputFunctions.Utility_LookupValueInTableNumber(D38,Table_SourceData_OtherLivestock_NitrogenExcreted[Other livestock type],Table_SourceData_OtherLivestock_NitrogenExcreted[NEj])} -> 13.2
D39: ='Constants - Other Livestock'!D110 -> Emus/ostriches | E39: {=Common_InputFunctions.Utility_LookupValueInTableNumber(D39,Table_SourceData_OtherLivestock_NitrogenExcreted[Other livestock type],Table_SourceData_OtherLivestock_NitrogenExcreted[NEj])} -> 7
D41: Table_AEj
D42: Annual nitrogen excretion
D43: Livestock type | E43: AEj
D44: Buffalo | E44: {=MMS_OtherLivestock_Soil_N2ODirect.VEERG_4_7_1_3__2_AnnualNitrogenExcretedToPasture(E20,E32)} -> 66320500 | F44: =$E$11 -> kg N/year
D45: Goats | E45: {=MMS_OtherLivestock_Soil_N2ODirect.VEERG_4_7_1_3__2_AnnualNitrogenExcretedToPasture(E21,E33)} -> 12264000
D46: Deer | E46: {=MMS_OtherLivestock_Soil_N2ODirect.VEERG_4_7_1_3__2_AnnualNitrogenExcretedToPasture(E22,E34)} -> 22162800
D47: Camels | E47: {=MMS_OtherLivestock_Soil_N2ODirect.VEERG_4_7_1_3__2_AnnualNitrogenExcretedToPasture(E23,E35)} -> 61995250
D48: Alpacas | E48: {=MMS_OtherLivestock_Soil_N2ODirect.VEERG_4_7_1_3__2_AnnualNitrogenExcretedToPasture(E24,E36)} -> 255500
D49: Horses | E49: {=MMS_OtherLivestock_Soil_N2ODirect.VEERG_4_7_1_3__2_AnnualNitrogenExcretedToPasture(E25,E37)} -> 1441750
D50: Mules/asses | E50: {=MMS_OtherLivestock_Soil_N2ODirect.VEERG_4_7_1_3__2_AnnualNitrogenExcretedToPasture(E26,E38)} -> 481800
D51: Emus/ostriches | E51: {=MMS_OtherLivestock_Soil_N2ODirect.VEERG_4_7_1_3__2_AnnualNitrogenExcretedToPasture(E27,E39)} -> 255500
D53: AE | E53: =SUM(E44:E51) -> 165177100 | F53: =$E$11 -> kg N/year
D57: {=MMS_OtherLivestock_Soil_N2ODirect.VEERG_4_7_1_3__1_DirectNitrousOxideEmissionsFromSoil_Title()} -> Direct nitrous oxide emissions from agricultural soils from deposition of urine and dung to pasture
D58: {=MMS_OtherLivestock_Soil_N2ODirect.VEERG_4_7_1_3__1_DirectNitrousOxideEmissionsFromSoil_Source()} -> VEERG 2026: 4.7.1.3, Equation (1)
D59: Function name | E59: {=Common_InputFunctions.Utility_DisplayFunctionName(E70)} -> =MMS_OtherLivestock_Soil_N2ODirect.VEERG_4_7_1_3__1_DirectNitrousOxideEmissionsFromSoil
D62: Variable | E62: {=MMS_OtherLivestock_Soil_N2ODirect.VEERG_4_7_1_3__1_DirectNitrousOxideEmissionsFromSoil_Variable()} -> E_N2Odir
D63: Unit | E63: {=MMS_OtherLivestock_Soil_N2ODirect.VEERG_4_7_1_3__1_DirectNitrousOxideEmissionsFromSoil_Unit()} -> t N2O
D65: {=_xlfn.CHOOSECOLS(MMS_OtherLivestock_Soil_N2ODirect.VEERG_4_7_1_3__1_DirectNitrousOxideEmissionsFromSoil_Arguments(),1,2)} -> AE | E65: annual nitrogen excreted by each livestock type | G65: {=_xlfn.CHOOSECOLS(MMS_OtherLivestock_Soil_N2ODirect.VEERG_4_7_1_3__1_DirectNitrousOxideEmissionsFromSoil_Arguments(),3,4)} -> kg N/year | H65: Calculated from 4.7.1.3, (2) | I65: =$E$53 -> 165177100
D66: EF_PRP | E66: emission factor for nitrous oxide from urine and dung deposited to soil | G66: kg N2O-N/kg N deposited | H66: Constant | I66: =_xlfn.XLOOKUP(I68,Table_SourceData_EFPastureRangeAndPaddock[Climate zone],Table_SourceData_EFPastureRangeAndPaddock[EFPRP]) -> 0.002
D67: C_N2O | E67: factor to convert elemental mass of nitrous oxide to molecular mass | H67: Constant | I67: =Common_InputFunctions.Utility_LookupValueInTableNumber("N2O",Table_GasToMolecularConversionFactor[Gas],Table_GasToMolecularConversionFactor[Conversion factor combined]) -> 1.5714286
D68: z | E68: wet or dry climate zone | H68: Input | I68: =X_Cell_Site_WetOrDryClimateZone -> Dry climate zone
D70: EN2O,dir | E70: {=MMS_OtherLivestock_Soil_N2ODirect.VEERG_4_7_1_3__1_DirectNitrousOxideEmissionsFromSoil(I65,I66,I67)} -> 519.12803 | F70: =$E$63 -> t N2O
D72: {=Common_Equations.Common_ConvertN2OToCO2e_Arguments()} -> EN2O | E72: Nitrous oxide emissions (t N2O) | G72: =E70 -> 519.12803
D73: GWPN2O | E73: Global warming potential for nitrous oxide (t CO2-e / t N2O) | G73: =Common_InputFunctions.Utility_LookupValueInTableNumber("N2O",Table_GWPData[Gas],Table_GWPData[CO2-e factor]) -> 265
D75: ECO2e | E75: {=Common_Equations.Common_ConvertN2OToCO2e(G72,G73)} -> 137568.93 | F75: {=Common_Equations.Common_ConvertN2OToCO2e_Unit()} -> t CO2e

Sheet 4.7.1.5-6 Soil Atmos Deposition
A1: #VALUE! | C1: 4.7.1.4-5 Manure Soil Atmospheric Deposition
A3: =HYPERLINK("#'Home'!A1", "Home") -> Home | D3: Method 1 | N3: Method 2
A4: =HYPERLINK("#'Overview'!A1", "Overview") -> Overview
A5: =HYPERLINK("#'Results'!A1", "Results") -> Results | D5: {=MMS_OtherLivestock_Soil_AtmosphericDeposition.VEERG_4_7_1_5__2_MassOfNitrogenVolatilisedFromPasture_Title()} -> Mass of nitrogen volatilised from urine and faeces deposited on pasture
D6: {=MMS_OtherLivestock_Soil_AtmosphericDeposition.VEERG_4_7_1_5__2_MassOfNitrogenVolatilisedFromPasture_Source()} -> VEERG 2026: 4.7.1.5, Equation (2)
D7: Function name | E7: {=Common_InputFunctions.Utility_DisplayFunctionName(E31)} -> =MMS_OtherLivestock_Soil_AtmosphericDeposition.VEERG_4_7_1_5__2_MassOfNitrogenVolatilisedFromPasture
A8: INPUTS
A9: =HYPERLINK("#'Input - Site'!A1", "Site") -> Site
A10: =HYPERLINK("#'Input - Other Livestock'!A1", "Other Livestock") -> Other Livestock | D10: Variable | E10: {=MMS_OtherLivestock_Soil_AtmosphericDeposition.VEERG_4_7_1_5__2_MassOfNitrogenVolatilisedFromPasture_Variable()} -> M_vol
D11: Unit | E11: {=MMS_OtherLivestock_Soil_AtmosphericDeposition.VEERG_4_7_1_5__2_MassOfNitrogenVolatilisedFromPasture_Unit()} -> kg N
A13: CALCULATIONS | D13: {=_xlfn.CHOOSECOLS(MMS_OtherLivestock_Soil_AtmosphericDeposition.VEERG_4_7_1_5__2_MassOfNitrogenVolatilisedFromPasture_Arguments(),1,2)} -> AE | E13: annual nitrogen excreted by each livestock type | G13: {=_xlfn.CHOOSECOLS(MMS_OtherLivestock_Soil_AtmosphericDeposition.VEERG_4_7_1_5__2_MassOfNitrogenVolatilisedFromPasture_Arguments(),3,4)} -> kg N/year | H13: Calculated by 4.7.1.3, (2) | I13: {=HYPERLINK(Common_InputFunctions.Utility_SourceHyperlink($D$16),$D$16)} -> Table_AEj
A14: =HYPERLINK("#'4.7.1.1-2 Manure Methane'!A1", "4.7.1.1-2 Manure Methane") -> 4.7.1.1-2 Manure Methane | D14: FracGASMsoil | E14: fraction of nitrogen volatilised from urine and faeces deposited on pasture | G14: (kg NH3-N + NOx-N)/kg N | H14: Constant | I14: =SourceData_OtherLivestock_FracGASMSoil_Data -> 0.21
A15: =HYPERLINK("#'4.7.1.3-4 Soil Direct N2O'!A1", "4.7.1.3-4 Soil Direct N2O") -> 4.7.1.3-4 Soil Direct N2O
A16: =HYPERLINK("#'4.7.1.5-6 Soil Atmos Deposition'!A1", "4.7.1.5-6 Soil Atmos Deposition") -> 4.7.1.5-6 Soil Atmos Deposition | D16: Table_AEj
A17: =HYPERLINK("#'4.7.1.7-8 Soil Leaching Runoff'!A1", "4.7.1.7-8 Soil Leaching Runoff") -> 4.7.1.7-8 Soil Leaching Runoff | D17: Annual nitrogen excretion
D18: Livestock type | E18: AEj
D19: Buffalo | E19: =INDEX(Table_AEj,2,2) -> 66320500 | F19: ='4.7.1.3-4 Soil Direct N2O'!$F$44 -> kg N/year
A20: APPENDICES | D20: Goats | E20: =INDEX(Table_AEj,3,2) -> 12264000
A21: =HYPERLINK("#'Constants - Other Livestock'!A1", "Constants - Other Livestock") -> Constants - Other Livestock | D21: Deer | E21: =INDEX(Table_AEj,4,2) -> 22162800
A22: =HYPERLINK("#'Constants - Livestock'!A1", "Constants - Livestock") -> Constants - Livestock | D22: Camels | E22: =INDEX(Table_AEj,5,2) -> 61995250
A23: =HYPERLINK("#'Constants - Common'!A1", "Constants - Common") -> Constants - Common | D23: Alpacas | E23: =INDEX(Table_AEj,6,2) -> 255500
A24: =HYPERLINK("#'Acknowledgements'!A1", "Acknowledgements") -> Acknowledgements | D24: Horses | E24: =INDEX(Table_AEj,7,2) -> 1441750
D25: Mules/asses | E25: =INDEX(Table_AEj,8,2) -> 481800
D26: Emus/ostriches | E26: =INDEX(Table_AEj,9,2) -> 255500
D28: Table_M_vol
D29: Annual nitrogen excretion
D30: Livestock type | E30: Mvol
D31: Buffalo | E31: {=MMS_OtherLivestock_Soil_AtmosphericDeposition.VEERG_4_7_1_5__2_MassOfNitrogenVolatilisedFromPasture(E19,$I$14)} -> 13927305 | F31: ='4.7.1.3-4 Soil Direct N2O'!$F$44 -> kg N/year
D32: Goats | E32: {=MMS_OtherLivestock_Soil_AtmosphericDeposition.VEERG_4_7_1_5__2_MassOfNitrogenVolatilisedFromPasture(E20,$I$14)} -> 2575440
D33: Deer | E33: {=MMS_OtherLivestock_Soil_AtmosphericDeposition.VEERG_4_7_1_5__2_MassOfNitrogenVolatilisedFromPasture(E21,$I$14)} -> 4654188
D34: Camels | E34: {=MMS_OtherLivestock_Soil_AtmosphericDeposition.VEERG_4_7_1_5__2_MassOfNitrogenVolatilisedFromPasture(E22,$I$14)} -> 13019002
D35: Alpacas | E35: {=MMS_OtherLivestock_Soil_AtmosphericDeposition.VEERG_4_7_1_5__2_MassOfNitrogenVolatilisedFromPasture(E23,$I$14)} -> 53655
D36: Horses | E36: {=MMS_OtherLivestock_Soil_AtmosphericDeposition.VEERG_4_7_1_5__2_MassOfNitrogenVolatilisedFromPasture(E24,$I$14)} -> 302767.5
D37: Mules/asses | E37: {=MMS_OtherLivestock_Soil_AtmosphericDeposition.VEERG_4_7_1_5__2_MassOfNitrogenVolatilisedFromPasture(E25,$I$14)} -> 101178
D38: Emus/ostriches | E38: {=MMS_OtherLivestock_Soil_AtmosphericDeposition.VEERG_4_7_1_5__2_MassOfNitrogenVolatilisedFromPasture(E26,$I$14)} -> 53655
D42: {=MMS_OtherLivestock_Soil_AtmosphericDeposition.VEERG_4_7_1_5__1_AtmosphericDepositionEmissionsFromPasture_Title()} -> Atmospheric deposition emissions from urine and dung deposited on pasture
D43: {=MMS_OtherLivestock_Soil_AtmosphericDeposition.VEERG_4_7_1_5__1_AtmosphericDepositionEmissionsFromPasture_Source()} -> VEERG 2026: 4.7.1.5, Equation (1)
D44: Function name | E44: {=Common_InputFunctions.Utility_DisplayFunctionName(E72)} -> =MMS_OtherLivestock_Soil_AtmosphericDeposition.VEERG_4_7_1_5__1_AtmosphericDepositionEmissionsFromPasture
D47: Variable | E47: {=MMS_OtherLivestock_Soil_AtmosphericDeposition.VEERG_4_7_1_5__1_AtmosphericDepositionEmissionsFromPasture_Variable()} -> E_N2Oad
D48: Unit | E48: {=MMS_OtherLivestock_Soil_AtmosphericDeposition.VEERG_4_7_1_5__1_AtmosphericDepositionEmissionsFromPasture_Unit()} -> t N2O
D50: {=_xlfn.CHOOSECOLS(MMS_OtherLivestock_Soil_AtmosphericDeposition.VEERG_4_7_1_5__1_AtmosphericDepositionEmissionsFromPasture_Arguments(),1,2)} -> M_vol | E50: mass of nitrogen volatilised from urine and faeces deposited on pasture | G50: {=_xlfn.CHOOSECOLS(MMS_OtherLivestock_Soil_AtmosphericDeposition.VEERG_4_7_1_5__1_AtmosphericDepositionEmissionsFromPasture_Arguments(),3,4)} -> kg N | H50: Calculated from 4.7.1.5, (2) | I50: {=HYPERLINK(Common_InputFunctions.Utility_SourceHyperlink($D$28),$D$28)} -> Table_M_vol
D51: EF_N2O | E51: emission factor for atmospheric deposition | G51: kg N2O-N/kg N | H51: Constant | I51: {=HYPERLINK(Common_InputFunctions.Utility_SourceHyperlink($D$57),$D$57)} -> Table_EF_N2O
D52: C_N2O | E52: factor to convert elemental mass of nitrous oxide to molecular mass | H52: Constant | I52: =Common_InputFunctions.Utility_LookupValueInTableNumber("N2O",Table_GasToMolecularConversionFactor[Gas],Table_GasToMolecularConversionFactor[Conversion factor combined]) -> 1.5714286
D53: j | E53: production system | H53: Input | I53: {=HYPERLINK(Common_InputFunctions.Utility_SourceHyperlink($D$57),$D$57)} -> Table_EF_N2O
D54: i | E54: irrigation method | H54: Input | I54: {=HYPERLINK(Common_InputFunctions.Utility_SourceHyperlink($D$57),$D$57)} -> Table_EF_N2O
D55: r | E55: rainfall zone | H55: Input | I55: {=HYPERLINK(Common_InputFunctions.Utility_SourceHyperlink($D$57),$D$57)} -> Table_EF_N2O
D57: Table_EF_N2O
D58: Emission factor for atmospheric deposition
D59: Livestock type | E59: Production system | F59: Irrigation method | G59: Rainfall zone | H59: EFN2O
D60: Buffalo | E60: =X_Cell_OtherLivestock_Buffalo_GrazingProductionSystem -> Pasture | F60: =X_Cell_OtherLivestock_Buffalo_GrazingIrrigationMethod -> Not irrigated | G60: =X_Cell_Site_RainfallZone -> High rainfall | H60: =Common_InputFunctions.Utility_LookupN2OEFFromProdIrrigationRainfall(E60,F60,G60,Table_SourceData_Common_EFN2O[Production system only],Table_SourceData_Common_EFN2O[Irrigation method],Table_SourceData_Common_EFN2O[Rainfall zone],Table_SourceData_Common_EFN2O[EFN2O]) -> 0.0018 | I60: =E48 -> t N2O
D61: Goats | E61: =X_Cell_OtherLivestock_Goats_GrazingProductionSystem -> Pasture | F61: =X_Cell_OtherLivestock_Goats_GrazingIrrigationMethod -> Not irrigated | G61: =X_Cell_Site_RainfallZone -> High rainfall | H61: =Common_InputFunctions.Utility_LookupN2OEFFromProdIrrigationRainfall(E61,F61,G61,Table_SourceData_Common_EFN2O[Production system only],Table_SourceData_Common_EFN2O[Irrigation method],Table_SourceData_Common_EFN2O[Rainfall zone],Table_SourceData_Common_EFN2O[EFN2O]) -> 0.0018
D62: Deer | E62: =X_Cell_OtherLivestock_Deer_GrazingProductionSystem -> Pasture | F62: =X_Cell_OtherLivestock_Deer_GrazingIrrigationMethod -> Not irrigated | G62: =X_Cell_Site_RainfallZone -> High rainfall | H62: =Common_InputFunctions.Utility_LookupN2OEFFromProdIrrigationRainfall(E62,F62,G62,Table_SourceData_Common_EFN2O[Production system only],Table_SourceData_Common_EFN2O[Irrigation method],Table_SourceData_Common_EFN2O[Rainfall zone],Table_SourceData_Common_EFN2O[EFN2O]) -> 0.0018
D63: Camels | E63: =X_Cell_OtherLivestock_Others_Camels_GrazingProductionSystem -> Pasture | F63: =X_Cell_OtherLivestock_Others_Camels_GrazingIrrigationMethod -> Drip irrigation | G63: =X_Cell_Site_RainfallZone -> High rainfall | H63: =Common_InputFunctions.Utility_LookupN2OEFFromProdIrrigationRainfall(E63,F63,G63,Table_SourceData_Common_EFN2O[Production system only],Table_SourceData_Common_EFN2O[Irrigation method],Table_SourceData_Common_EFN2O[Rainfall zone],Table_SourceData_Common_EFN2O[EFN2O]) -> 0.0059
D64: Alpacas | E64: =X_Cell_OtherLivestock_Others_Alpacas_GrazingProductionSystem -> Pasture | F64: =X_Cell_OtherLivestock_Others_Alpacas_GrazingIrrigationMethod -> Sprinkler irrigation | G64: =X_Cell_Site_RainfallZone -> High rainfall | H64: =Common_InputFunctions.Utility_LookupN2OEFFromProdIrrigationRainfall(E64,F64,G64,Table_SourceData_Common_EFN2O[Production system only],Table_SourceData_Common_EFN2O[Irrigation method],Table_SourceData_Common_EFN2O[Rainfall zone],Table_SourceData_Common_EFN2O[EFN2O]) -> 0.0059
D65: Horses | E65: =X_Cell_OtherLivestock_Others_Horses_GrazingProductionSystem -> Crop | F65: =X_Cell_OtherLivestock_Others_Horses_GrazingIrrigationMethod -> Not irrigated | G65: =X_Cell_Site_RainfallZone -> High rainfall | H65: =Common_InputFunctions.Utility_LookupN2OEFFromProdIrrigationRainfall(E65,F65,G65,Table_SourceData_Common_EFN2O[Production system only],Table_SourceData_Common_EFN2O[Irrigation method],Table_SourceData_Common_EFN2O[Rainfall zone],Table_SourceData_Common_EFN2O[EFN2O]) -> 0.008
D66: Mules/asses | E66: =X_Cell_OtherLivestock_Others_Mules_GrazingProductionSystem -> Crop | F66: =X_Cell_OtherLivestock_Others_Mules_GrazingIrrigationMethod -> Surface irrigation | G66: =X_Cell_Site_RainfallZone -> High rainfall | H66: =Common_InputFunctions.Utility_LookupN2OEFFromProdIrrigationRainfall(E66,F66,G66,Table_SourceData_Common_EFN2O[Production system only],Table_SourceData_Common_EFN2O[Irrigation method],Table_SourceData_Common_EFN2O[Rainfall zone],Table_SourceData_Common_EFN2O[EFN2O]) -> 0.007
D67: Emus/ostriches | E67: =X_Cell_OtherLivestock_Others_Emus_GrazingProductionSystem -> Pasture | F67: =X_Cell_OtherLivestock_Others_Emus_GrazingIrrigationMethod -> Not irrigated | G67: =X_Cell_Site_RainfallZone -> High rainfall | H67: =Common_InputFunctions.Utility_LookupN2OEFFromProdIrrigationRainfall(E67,F67,G67,Table_SourceData_Common_EFN2O[Production system only],Table_SourceData_Common_EFN2O[Irrigation method],Table_SourceData_Common_EFN2O[Rainfall zone],Table_SourceData_Common_EFN2O[EFN2O]) -> 0.0018
D69: Table_E_N2O_ad
D70: Atmospheric deposition emissions from urine and dung deposited on pasture
D71: Livestock type | E71: Production system
D72: Buffalo | E72: {=MMS_OtherLivestock_Soil_AtmosphericDeposition.VEERG_4_7_1_5__1_AtmosphericDepositionEmissionsFromPasture(E31,H60,$I$52)} -> 39.394377 | F72: =$E$48 -> t N2O
D73: Goats | E73: {=MMS_OtherLivestock_Soil_AtmosphericDeposition.VEERG_4_7_1_5__1_AtmosphericDepositionEmissionsFromPasture(E32,H61,$I$52)} -> 7.284816
D74: Deer | E74: {=MMS_OtherLivestock_Soil_AtmosphericDeposition.VEERG_4_7_1_5__1_AtmosphericDepositionEmissionsFromPasture(E33,H62,$I$52)} -> 13.164703
D75: Camels | E75: {=MMS_OtherLivestock_Soil_AtmosphericDeposition.VEERG_4_7_1_5__1_AtmosphericDepositionEmissionsFromPasture(E34,H63,$I$52)} -> 120.70475
D76: Alpacas | E76: {=MMS_OtherLivestock_Soil_AtmosphericDeposition.VEERG_4_7_1_5__1_AtmosphericDepositionEmissionsFromPasture(E35,H64,$I$52)} -> 0.4974585
D77: Horses | E77: {=MMS_OtherLivestock_Soil_AtmosphericDeposition.VEERG_4_7_1_5__1_AtmosphericDepositionEmissionsFromPasture(E36,H65,$I$52)} -> 3.80622
D78: Mules/asses | E78: {=MMS_OtherLivestock_Soil_AtmosphericDeposition.VEERG_4_7_1_5__1_AtmosphericDepositionEmissionsFromPasture(E37,H66,$I$52)} -> 1.112958
D79: Emus/ostriches | E79: {=MMS_OtherLivestock_Soil_AtmosphericDeposition.VEERG_4_7_1_5__1_AtmosphericDepositionEmissionsFromPasture(E38,H67,$I$52)} -> 0.151767
D81: EN2O,ad | E81: =SUM(E72:E79) -> 186.11705 | F81: =$E$48 -> t N2O
D83: {=Common_Equations.Common_ConvertN2OToCO2e_Arguments()} -> EN2O | E83: Nitrous oxide emissions (t N2O) | G83: =E81 -> 186.11705
D84: GWPN2O | E84: Global warming potential for nitrous oxide (t CO2-e / t N2O) | G84: =Common_InputFunctions.Utility_LookupValueInTableNumber("N2O", Table_GWPData[Gas],Table_GWPData[CO2-e factor]) -> 265
D86: ECO2e | E86: {=Common_Equations.Common_ConvertN2OToCO2e(G83,G84)} -> 49321.019 | F86: {=Common_Equations.Common_ConvertN2OToCO2e_Unit()} -> t CO2e

Sheet 4.7.1.7-8 Soil Leaching Runoff
A1: #VALUE! | C1: 4.7.1.7-8 Manure Soil Leaching and Runoff
A3: =HYPERLINK("#'Home'!A1", "Home") -> Home | D3: Method 1 | N3: Method 2
A4: =HYPERLINK("#'Overview'!A1", "Overview") -> Overview
A5: =HYPERLINK("#'Results'!A1", "Results") -> Results | D5: {=MMS_OtherLivestock_Soil_LeachingAndRunoff.VEERG_4_7_1_7__2_MassOfNitrogenLostToLeachingAndRunoff_Title()} -> Mass of nitrogen lost to leaching and runoff
D6: {=MMS_OtherLivestock_Soil_LeachingAndRunoff.VEERG_4_7_1_7__2_MassOfNitrogenLostToLeachingAndRunoff_Source()} -> VEERG 2026: 4.7.1.7, Equation (2)
D7: Function name | E7: {=Common_InputFunctions.Utility_DisplayFunctionName(E47)} -> =MMS_OtherLivestock_Soil_LeachingAndRunoff.VEERG_4_7_1_7__2_MassOfNitrogenLostToLeachingAndRunoff
A8: INPUTS
A9: =HYPERLINK("#'Input - Site'!A1", "Site") -> Site
A10: =HYPERLINK("#'Input - Other Livestock'!A1", "Other Livestock") -> Other Livestock | D10: Variable | E10: {=MMS_OtherLivestock_Soil_LeachingAndRunoff.VEERG_4_7_1_7__2_MassOfNitrogenLostToLeachingAndRunoff_Variable()} -> M_leach
D11: Unit | E11: {=MMS_OtherLivestock_Soil_LeachingAndRunoff.VEERG_4_7_1_7__2_MassOfNitrogenLostToLeachingAndRunoff_Unit()} -> kg N
A13: CALCULATIONS | D13: {=_xlfn.CHOOSECOLS(MMS_OtherLivestock_Soil_LeachingAndRunoff.VEERG_4_7_1_7__2_MassOfNitrogenLostToLeachingAndRunoff_Arguments(),1,2)} -> AE | E13: annual nitrogen excreted by each livestock type | G13: {=_xlfn.CHOOSECOLS(MMS_OtherLivestock_Soil_LeachingAndRunoff.VEERG_4_7_1_7__2_MassOfNitrogenLostToLeachingAndRunoff_Arguments(),3,4)} -> kg N/year | H13: Calculated by 4.7.1.3, (2) | I13: {=HYPERLINK(Common_InputFunctions.Utility_SourceHyperlink($D$20),$D$20)} -> Table_AEj
A14: =HYPERLINK("#'4.7.1.1-2 Manure Methane'!A1", "4.7.1.1-2 Manure Methane") -> 4.7.1.1-2 Manure Methane | D14: FracWet | E14: fraction of nitrogen available for leaching and runoff | H14: Constant | I14: {=HYPERLINK(Common_InputFunctions.Utility_SourceHyperlink($D$32),$D$32)} -> Table_Frac_Wet
A15: =HYPERLINK("#'4.7.1.3-4 Soil Direct N2O'!A1", "4.7.1.3-4 Soil Direct N2O") -> 4.7.1.3-4 Soil Direct N2O | D15: FracLEACH | E15: fraction of all nitrogen that is lost through leaching and runoff | H15: Constant | I15: ='Constants - Common'!$E$164 -> 0.24
A16: =HYPERLINK("#'4.7.1.5-6 Soil Atmos Deposition'!A1", "4.7.1.5-6 Soil Atmos Deposition") -> 4.7.1.5-6 Soil Atmos Deposition | D16: z | E16: location in leaching zone | H16: Input | I16: =X_Cell_Site_LeachingZone -> NO - Not in leaching zone
A17: =HYPERLINK("#'4.7.1.7-8 Soil Leaching Runoff'!A1", "4.7.1.7-8 Soil Leaching Runoff") -> 4.7.1.7-8 Soil Leaching Runoff | D17: j | E17: production system | H17: Input | I17: {=HYPERLINK(Common_InputFunctions.Utility_SourceHyperlink($D$32),$D$32)} -> Table_Frac_Wet
D18: ir | E18: irrigation method | H18: Input | I18: {=HYPERLINK(Common_InputFunctions.Utility_SourceHyperlink($D$32),$D$32)} -> Table_Frac_Wet
A20: APPENDICES | D20: Table_AEj
A21: =HYPERLINK("#'Constants - Other Livestock'!A1", "Constants - Other Livestock") -> Constants - Other Livestock | D21: Annual nitrogen excretion
A22: =HYPERLINK("#'Constants - Livestock'!A1", "Constants - Livestock") -> Constants - Livestock | D22: Livestock type | E22: AEj
A23: =HYPERLINK("#'Constants - Common'!A1", "Constants - Common") -> Constants - Common | D23: Buffalo | E23: =INDEX(Table_AEj,2,2) -> 66320500 | F23: ='4.7.1.3-4 Soil Direct N2O'!$F$44 -> kg N/year
A24: =HYPERLINK("#'Acknowledgements'!A1", "Acknowledgements") -> Acknowledgements | D24: Goats | E24: =INDEX(Table_AEj,3,2) -> 12264000
D25: Deer | E25: =INDEX(Table_AEj,4,2) -> 22162800
D26: Camels | E26: =INDEX(Table_AEj,5,2) -> 61995250
D27: Alpacas | E27: =INDEX(Table_AEj,6,2) -> 255500
D28: Horses | E28: =INDEX(Table_AEj,7,2) -> 1441750
D29: Mules/asses | E29: =INDEX(Table_AEj,8,2) -> 481800
D30: Emus/ostriches | E30: =INDEX(Table_AEj,9,2) -> 255500
D32: Table_Frac_Wet
D33: Fraction of nitrogen available for leaching and runoff
D34: Livestock type | E34: Production system | F34: Irrigation method | G34: FracWet
D35: Buffalo | E35: =X_Cell_OtherLivestock_Buffalo_GrazingProductionSystem -> Pasture | F35: =X_Cell_OtherLivestock_Buffalo_GrazingIrrigationMethod -> Not irrigated | G35: =Common_InputFunctions.CommonCropping_GetFracWET($I$16,F35,Table_SourceData_FracWET[Is in leaching zone],Table_SourceData_FracWET[FracWET],Table_SourceData_FracWETIrrigation[Irrigation type i],Table_SourceData_FracWETIrrigation[FracWET]) -> 0
D36: Goats | E36: =X_Cell_OtherLivestock_Goats_GrazingProductionSystem -> Pasture | F36: =X_Cell_OtherLivestock_Goats_GrazingIrrigationMethod -> Not irrigated | G36: =Common_InputFunctions.CommonCropping_GetFracWET($I$16,F36,Table_SourceData_FracWET[Is in leaching zone],Table_SourceData_FracWET[FracWET],Table_SourceData_FracWETIrrigation[Irrigation type i],Table_SourceData_FracWETIrrigation[FracWET]) -> 0
D37: Deer | E37: =X_Cell_OtherLivestock_Deer_GrazingProductionSystem -> Pasture | F37: =X_Cell_OtherLivestock_Deer_GrazingIrrigationMethod -> Not irrigated | G37: =Common_InputFunctions.CommonCropping_GetFracWET($I$16,F37,Table_SourceData_FracWET[Is in leaching zone],Table_SourceData_FracWET[FracWET],Table_SourceData_FracWETIrrigation[Irrigation type i],Table_SourceData_FracWETIrrigation[FracWET]) -> 0
D38: Camels | E38: =X_Cell_OtherLivestock_Others_Camels_GrazingProductionSystem -> Pasture | F38: =X_Cell_OtherLivestock_Others_Camels_GrazingIrrigationMethod -> Drip irrigation | G38: =Common_InputFunctions.CommonCropping_GetFracWET($I$16,F38,Table_SourceData_FracWET[Is in leaching zone],Table_SourceData_FracWET[FracWET],Table_SourceData_FracWETIrrigation[Irrigation type i],Table_SourceData_FracWETIrrigation[FracWET]) -> 0
D39: Alpacas | E39: =X_Cell_OtherLivestock_Others_Alpacas_GrazingProductionSystem -> Pasture | F39: =X_Cell_OtherLivestock_Others_Alpacas_GrazingIrrigationMethod -> Sprinkler irrigation | G39: =Common_InputFunctions.CommonCropping_GetFracWET($I$16,F39,Table_SourceData_FracWET[Is in leaching zone],Table_SourceData_FracWET[FracWET],Table_SourceData_FracWETIrrigation[Irrigation type i],Table_SourceData_FracWETIrrigation[FracWET]) -> 1
D40: Horses | E40: =X_Cell_OtherLivestock_Others_Horses_GrazingProductionSystem -> Crop | F40: =X_Cell_OtherLivestock_Others_Horses_GrazingIrrigationMethod -> Not irrigated | G40: =Common_InputFunctions.CommonCropping_GetFracWET($I$16,F40,Table_SourceData_FracWET[Is in leaching zone],Table_SourceData_FracWET[FracWET],Table_SourceData_FracWETIrrigation[Irrigation type i],Table_SourceData_FracWETIrrigation[FracWET]) -> 0
D41: Mules/asses | E41: =X_Cell_OtherLivestock_Others_Mules_GrazingProductionSystem -> Crop | F41: =X_Cell_OtherLivestock_Others_Mules_GrazingIrrigationMethod -> Surface irrigation | G41: =Common_InputFunctions.CommonCropping_GetFracWET($I$16,F41,Table_SourceData_FracWET[Is in leaching zone],Table_SourceData_FracWET[FracWET],Table_SourceData_FracWETIrrigation[Irrigation type i],Table_SourceData_FracWETIrrigation[FracWET]) -> 1
D42: Emus/ostriches | E42: =X_Cell_OtherLivestock_Others_Emus_GrazingProductionSystem -> Pasture | F42: =X_Cell_OtherLivestock_Others_Emus_GrazingIrrigationMethod -> Not irrigated | G42: =Common_InputFunctions.CommonCropping_GetFracWET($I$16,F42,Table_SourceData_FracWET[Is in leaching zone],Table_SourceData_FracWET[FracWET],Table_SourceData_FracWETIrrigation[Irrigation type i],Table_SourceData_FracWETIrrigation[FracWET]) -> 0
D44: Table_M_leach
D45: Mass of nitrogen lost to leaching and runoff
D46: Livestock type | E46: Mleach
D47: Buffalo | E47: {=MMS_OtherLivestock_Soil_LeachingAndRunoff.VEERG_4_7_1_7__2_MassOfNitrogenLostToLeachingAndRunoff(E23,G35,$I$15)} -> 0 | F47: =$E$11 -> kg N
D48: Goats | E48: {=MMS_OtherLivestock_Soil_LeachingAndRunoff.VEERG_4_7_1_7__2_MassOfNitrogenLostToLeachingAndRunoff(E24,G36,$I$15)} -> 0
D49: Deer | E49: {=MMS_OtherLivestock_Soil_LeachingAndRunoff.VEERG_4_7_1_7__2_MassOfNitrogenLostToLeachingAndRunoff(E25,G37,$I$15)} -> 0
D50: Camels | E50: {=MMS_OtherLivestock_Soil_LeachingAndRunoff.VEERG_4_7_1_7__2_MassOfNitrogenLostToLeachingAndRunoff(E26,G38,$I$15)} -> 0
D51: Alpacas | E51: {=MMS_OtherLivestock_Soil_LeachingAndRunoff.VEERG_4_7_1_7__2_MassOfNitrogenLostToLeachingAndRunoff(E27,G39,$I$15)} -> 61320
D52: Horses | E52: {=MMS_OtherLivestock_Soil_LeachingAndRunoff.VEERG_4_7_1_7__2_MassOfNitrogenLostToLeachingAndRunoff(E28,G40,$I$15)} -> 0
D53: Mules/asses | E53: {=MMS_OtherLivestock_Soil_LeachingAndRunoff.VEERG_4_7_1_7__2_MassOfNitrogenLostToLeachingAndRunoff(E29,G41,$I$15)} -> 115632
D54: Emus/ostriches | E54: {=MMS_OtherLivestock_Soil_LeachingAndRunoff.VEERG_4_7_1_7__2_MassOfNitrogenLostToLeachingAndRunoff(E30,G42,$I$15)} -> 0
D56: Mleach | E56: =SUM(E47:E54) -> 176952 | F56: =$E$11 -> kg N
D60: {=MMS_OtherLivestock_Soil_LeachingAndRunoff.VEERG_4_7_1_7__1_LeachingAndRunoffEmissionsFromPasture_Title()} -> Leaching and runoff emissions from urine and dung deposited on pasture
D61: {=MMS_OtherLivestock_Soil_LeachingAndRunoff.VEERG_4_7_1_7__1_LeachingAndRunoffEmissionsFromPasture_Source()} -> VEERG 2026: 4.7.1.7, Equation (1)
D62: Function name | E62: {=Common_InputFunctions.Utility_DisplayFunctionName(E72)} -> =MMS_OtherLivestock_Soil_LeachingAndRunoff.VEERG_4_7_1_7__1_LeachingAndRunoffEmissionsFromPasture
D65: Variable | E65: {=MMS_OtherLivestock_Soil_LeachingAndRunoff.VEERG_4_7_1_7__1_LeachingAndRunoffEmissionsFromPasture_Variable()} -> E_N2Oleach
D66: Unit | E66: {=MMS_OtherLivestock_Soil_LeachingAndRunoff.VEERG_4_7_1_7__1_LeachingAndRunoffEmissionsFromPasture_Unit()} -> t N2O
D68: {=_xlfn.CHOOSECOLS(MMS_OtherLivestock_Soil_LeachingAndRunoff.VEERG_4_7_1_7__1_LeachingAndRunoffEmissionsFromPasture_Arguments(),1,2)} -> M_leach | E68: mass of nitrogen lost to leaching and runoff | G68: {=_xlfn.CHOOSECOLS(MMS_OtherLivestock_Soil_LeachingAndRunoff.VEERG_4_7_1_7__1_LeachingAndRunoffEmissionsFromPasture_Arguments(),3,4)} -> kg N | H68: Calculated from 4.7.1.7, (2) | I68: =E56 -> 176952
D69: EF_leach | E69: emission factor for leaching and runoff | G69: kg N2O-N/kg N | H69: Constant | I69: ='Constants - Common'!$E$170 -> 0.011
D70: C_N2O | E70: factor to convert elemental mass of nitrous oxide to molecular mass | H70: Constant | I70: =Common_InputFunctions.Utility_LookupValueInTableNumber("N2O",Table_GasToMolecularConversionFactor[Gas],Table_GasToMolecularConversionFactor[Conversion factor combined]) -> 1.5714286
D72: EN2O,leach | E72: {=MMS_OtherLivestock_Soil_LeachingAndRunoff.VEERG_4_7_1_7__1_LeachingAndRunoffEmissionsFromPasture(I68,I69,I70)} -> 3.0587417 | F72: =E66 -> t N2O
D74: {=Common_Equations.Common_ConvertN2OToCO2e_Arguments()} -> EN2O | E74: Nitrous oxide emissions (t N2O) | G74: =E72 -> 3.0587417
D75: GWPN2O | E75: Global warming potential for nitrous oxide (t CO2-e / t N2O) | G75: =Common_InputFunctions.Utility_LookupValueInTableNumber("N2O",Table_GWPData[Gas],Table_GWPData[CO2-e factor]) -> 265
D77: ECO2e | E77: {=Common_Equations.Common_ConvertN2OToCO2e(G74,G75)} -> 810.56655 | F77: {=Common_Equations.Common_ConvertN2OToCO2e_Unit()} -> t CO2e

Sheet Constants - Other Livestock
A1: #VALUE! | C1: Source Data - Other Livestock
A3: =HYPERLINK("#'Home'!A1", "Home") -> Home
A4: =HYPERLINK("#'Overview'!A1", "Overview") -> Overview
A5: =HYPERLINK("#'Results'!A1", "Results") -> Results | D5: {=SourceData_OtherLivestock.SourceData_OtherLivestock_EntericFermentationEmissionFactor_Title()} -> Other Livestock - Enteric fermentation emission factor for each other livestock type
D6: {=SourceData_OtherLivestock.SourceData_OtherLivestock_EntericFermentationEmissionFactor_Source()} -> VEERG 2026: Table A.1.5.1
D7: {=SourceData_OtherLivestock.SourceData_OtherLivestock_EntericFermentationEmissionFactor_Variable()} -> Mj
A8: INPUTS | D8: {=SourceData_OtherLivestock.SourceData_OtherLivestock_EntericFermentationEmissionFactor_Unit()} -> kg CH4 / head / year
A9: =HYPERLINK("#'Input - Site'!A1", "Site") -> Site | D9: Other livestock type | E9: Mj
A10: =HYPERLINK("#'Input - Other Livestock'!A1", "Other Livestock") -> Other Livestock | D10: {=Common_InputFunctions.Utility_DisplayArrayInTable(SourceData_OtherLivestock.SourceData_OtherLivestock_EntericFermentationEmissionFactor_Data(),Table_SourceData_OtherLivestock_EntericEF[[#Headers],[Other livestock type]],0)} -> Buffalo | E10: {=Common_InputFunctions.Utility_DisplayArrayInTable(SourceData_OtherLivestock.SourceData_OtherLivestock_EntericFermentationEmissionFactor_Data(),Table_SourceData_OtherLivestock_EntericEF[[#Headers],[Other livestock type]],0)} -> 68
D11: {=Common_InputFunctions.Utility_DisplayArrayInTable(SourceData_OtherLivestock.SourceData_OtherLivestock_EntericFermentationEmissionFactor_Data(),Table_SourceData_OtherLivestock_EntericEF[[#Headers],[Other livestock type]],0)} -> Goats | E11: {=Common_InputFunctions.Utility_DisplayArrayInTable(SourceData_OtherLivestock.SourceData_OtherLivestock_EntericFermentationEmissionFactor_Data(),Table_SourceData_OtherLivestock_EntericEF[[#Headers],[Other livestock type]],0)} -> 5
D12: {=Common_InputFunctions.Utility_DisplayArrayInTable(SourceData_OtherLivestock.SourceData_OtherLivestock_EntericFermentationEmissionFactor_Data(),Table_SourceData_OtherLivestock_EntericEF[[#Headers],[Other livestock type]],0)} -> Deer | E12: {=Common_InputFunctions.Utility_DisplayArrayInTable(SourceData_OtherLivestock.SourceData_OtherLivestock_EntericFermentationEmissionFactor_Data(),Table_SourceData_OtherLivestock_EntericEF[[#Headers],[Other livestock type]],0)} -> 20
A13: CALCULATIONS | D13: {=Common_InputFunctions.Utility_DisplayArrayInTable(SourceData_OtherLivestock.SourceData_OtherLivestock_EntericFermentationEmissionFactor_Data(),Table_SourceData_OtherLivestock_EntericEF[[#Headers],[Other livestock type]],0)} -> Camels | E13: {=Common_InputFunctions.Utility_DisplayArrayInTable(SourceData_OtherLivestock.SourceData_OtherLivestock_EntericFermentationEmissionFactor_Data(),Table_SourceData_OtherLivestock_EntericEF[[#Headers],[Other livestock type]],0)} -> 46
A14: =HYPERLINK("#'4.7.1.1-2 Manure Methane'!A1", "4.7.1.1-2 Manure Methane") -> 4.7.1.1-2 Manure Methane | D14: {=Common_InputFunctions.Utility_DisplayArrayInTable(SourceData_OtherLivestock.SourceData_OtherLivestock_EntericFermentationEmissionFactor_Data(),Table_SourceData_OtherLivestock_EntericEF[[#Headers],[Other livestock type]],0)} -> Alpacas | E14: {=Common_InputFunctions.Utility_DisplayArrayInTable(SourceData_OtherLivestock.SourceData_OtherLivestock_EntericFermentationEmissionFactor_Data(),Table_SourceData_OtherLivestock_EntericEF[[#Headers],[Other livestock type]],0)} -> 8
A15: =HYPERLINK("#'4.7.1.3-4 Soil Direct N2O'!A1", "4.7.1.3-4 Soil Direct N2O") -> 4.7.1.3-4 Soil Direct N2O | D15: {=Common_InputFunctions.Utility_DisplayArrayInTable(SourceData_OtherLivestock.SourceData_OtherLivestock_EntericFermentationEmissionFactor_Data(),Table_SourceData_OtherLivestock_EntericEF[[#Headers],[Other livestock type]],0)} -> Horses | E15: {=Common_InputFunctions.Utility_DisplayArrayInTable(SourceData_OtherLivestock.SourceData_OtherLivestock_EntericFermentationEmissionFactor_Data(),Table_SourceData_OtherLivestock_EntericEF[[#Headers],[Other livestock type]],0)} -> 18
A16: =HYPERLINK("#'4.7.1.5-6 Soil Atmos Deposition'!A1", "4.7.1.5-6 Soil Atmos Deposition") -> 4.7.1.5-6 Soil Atmos Deposition | D16: {=Common_InputFunctions.Utility_DisplayArrayInTable(SourceData_OtherLivestock.SourceData_OtherLivestock_EntericFermentationEmissionFactor_Data(),Table_SourceData_OtherLivestock_EntericEF[[#Headers],[Other livestock type]],0)} -> Mules/asses | E16: {=Common_InputFunctions.Utility_DisplayArrayInTable(SourceData_OtherLivestock.SourceData_OtherLivestock_EntericFermentationEmissionFactor_Data(),Table_SourceData_OtherLivestock_EntericEF[[#Headers],[Other livestock type]],0)} -> 10
A17: =HYPERLINK("#'4.7.1.7-8 Soil Leaching Runoff'!A1", "4.7.1.7-8 Soil Leaching Runoff") -> 4.7.1.7-8 Soil Leaching Runoff | D17: {=Common_InputFunctions.Utility_DisplayArrayInTable(SourceData_OtherLivestock.SourceData_OtherLivestock_EntericFermentationEmissionFactor_Data(),Table_SourceData_OtherLivestock_EntericEF[[#Headers],[Other livestock type]],0)} -> Emus/ostriches | E17: {=Common_InputFunctions.Utility_DisplayArrayInTable(SourceData_OtherLivestock.SourceData_OtherLivestock_EntericFermentationEmissionFactor_Data(),Table_SourceData_OtherLivestock_EntericEF[[#Headers],[Other livestock type]],0)} -> 5
A20: APPENDICES | D20: {=SourceData_OtherLivestock.SourceData_OtherLivestock_VolatileSolidsProduced_Title()} -> Other Livestock - Volatile solids produced by each other livestock type
A21: =HYPERLINK("#'Constants - Other Livestock'!A1", "Constants - Other Livestock") -> Constants - Other Livestock | D21: {=SourceData_OtherLivestock.SourceData_OtherLivestock_VolatileSolidsProduced_Source()} -> VEERG 2026: Table A.1.5.2
A22: =HYPERLINK("#'Constants - Livestock'!A1", "Constants - Livestock") -> Constants - Livestock | D22: {=SourceData_OtherLivestock.SourceData_OtherLivestock_VolatileSolidsProduced_Variable()} -> VSj
A23: =HYPERLINK("#'Constants - Common'!A1", "Constants - Common") -> Constants - Common | D23: {=SourceData_OtherLivestock.SourceData_OtherLivestock_VolatileSolidsProduced_Unit()} -> kg VS / head / day
A24: =HYPERLINK("#'Acknowledgements'!A1", "Acknowledgements") -> Acknowledgements | D24: Other livestock type | E24: VSj
D25: {=Common_InputFunctions.Utility_DisplayArrayInTable(SourceData_OtherLivestock.SourceData_OtherLivestock_VolatileSolidsProduced_Data(),Table_SourceData_OtherLivestock_VolatileSolids[[#Headers],[Other livestock type]],0)} -> Buffalo | E25: {=Common_InputFunctions.Utility_DisplayArrayInTable(SourceData_OtherLivestock.SourceData_OtherLivestock_VolatileSolidsProduced_Data(),Table_SourceData_OtherLivestock_VolatileSolids[[#Headers],[Other livestock type]],0)} -> 2.73
D26: {=Common_InputFunctions.Utility_DisplayArrayInTable(SourceData_OtherLivestock.SourceData_OtherLivestock_VolatileSolidsProduced_Data(),Table_SourceData_OtherLivestock_VolatileSolids[[#Headers],[Other livestock type]],0)} -> Goats | E26: {=Common_InputFunctions.Utility_DisplayArrayInTable(SourceData_OtherLivestock.SourceData_OtherLivestock_VolatileSolidsProduced_Data(),Table_SourceData_OtherLivestock_VolatileSolids[[#Headers],[Other livestock type]],0)} -> 0.34
D27: {=Common_InputFunctions.Utility_DisplayArrayInTable(SourceData_OtherLivestock.SourceData_OtherLivestock_VolatileSolidsProduced_Data(),Table_SourceData_OtherLivestock_VolatileSolids[[#Headers],[Other livestock type]],0)} -> Deer | E27: {=Common_InputFunctions.Utility_DisplayArrayInTable(SourceData_OtherLivestock.SourceData_OtherLivestock_VolatileSolidsProduced_Data(),Table_SourceData_OtherLivestock_VolatileSolids[[#Headers],[Other livestock type]],0)} -> 0.91
D28: {=Common_InputFunctions.Utility_DisplayArrayInTable(SourceData_OtherLivestock.SourceData_OtherLivestock_VolatileSolidsProduced_Data(),Table_SourceData_OtherLivestock_VolatileSolids[[#Headers],[Other livestock type]],0)} -> Camels | E28: {=Common_InputFunctions.Utility_DisplayArrayInTable(SourceData_OtherLivestock.SourceData_OtherLivestock_VolatileSolidsProduced_Data(),Table_SourceData_OtherLivestock_VolatileSolids[[#Headers],[Other livestock type]],0)} -> 2.73
D29: {=Common_InputFunctions.Utility_DisplayArrayInTable(SourceData_OtherLivestock.SourceData_OtherLivestock_VolatileSolidsProduced_Data(),Table_SourceData_OtherLivestock_VolatileSolids[[#Headers],[Other livestock type]],0)} -> Alpacas | E29: {=Common_InputFunctions.Utility_DisplayArrayInTable(SourceData_OtherLivestock.SourceData_OtherLivestock_VolatileSolidsProduced_Data(),Table_SourceData_OtherLivestock_VolatileSolids[[#Headers],[Other livestock type]],0)} -> 0.34
D30: {=Common_InputFunctions.Utility_DisplayArrayInTable(SourceData_OtherLivestock.SourceData_OtherLivestock_VolatileSolidsProduced_Data(),Table_SourceData_OtherLivestock_VolatileSolids[[#Headers],[Other livestock type]],0)} -> Horses | E30: {=Common_InputFunctions.Utility_DisplayArrayInTable(SourceData_OtherLivestock.SourceData_OtherLivestock_VolatileSolidsProduced_Data(),Table_SourceData_OtherLivestock_VolatileSolids[[#Headers],[Other livestock type]],0)} -> 2.73
D31: {=Common_InputFunctions.Utility_DisplayArrayInTable(SourceData_OtherLivestock.SourceData_OtherLivestock_VolatileSolidsProduced_Data(),Table_SourceData_OtherLivestock_VolatileSolids[[#Headers],[Other livestock type]],0)} -> Mules/asses | E31: {=Common_InputFunctions.Utility_DisplayArrayInTable(SourceData_OtherLivestock.SourceData_OtherLivestock_VolatileSolidsProduced_Data(),Table_SourceData_OtherLivestock_VolatileSolids[[#Headers],[Other livestock type]],0)} -> 0.91
D32: {=Common_InputFunctions.Utility_DisplayArrayInTable(SourceData_OtherLivestock.SourceData_OtherLivestock_VolatileSolidsProduced_Data(),Table_SourceData_OtherLivestock_VolatileSolids[[#Headers],[Other livestock type]],0)} -> Emus/ostriches | E32: {=Common_InputFunctions.Utility_DisplayArrayInTable(SourceData_OtherLivestock.SourceData_OtherLivestock_VolatileSolidsProduced_Data(),Table_SourceData_OtherLivestock_VolatileSolids[[#Headers],[Other livestock type]],0)} -> 0.34
D35: {=SourceData_OtherLivestock.SourceData_OtherLivestock_NitrogenExcreted_Title()} -> Other Livestock - Nitrogen excreted per livestock type
D36: {=SourceData_OtherLivestock.SourceData_OtherLivestock_NitrogenExcreted_Source()} -> VEERG 2026: Table A.1.5.3
D37: {=SourceData_OtherLivestock.SourceData_OtherLivestock_NitrogenExcreted_Variable()} -> NEj
D38: {=SourceData_OtherLivestock.SourceData_OtherLivestock_NitrogenExcreted_Unit()} -> kg N2O / head / year
D39: Other livestock type | E39: NEj
D40: {=Common_InputFunctions.Utility_DisplayArrayInTable(SourceData_OtherLivestock.SourceData_OtherLivestock_NitrogenExcreted_Data(),Table_SourceData_OtherLivestock_NitrogenExcreted[[#Headers],[Other livestock type]],0)} -> Buffalo | E40: {=Common_InputFunctions.Utility_DisplayArrayInTable(SourceData_OtherLivestock.SourceData_OtherLivestock_NitrogenExcreted_Data(),Table_SourceData_OtherLivestock_NitrogenExcreted[[#Headers],[Other livestock type]],0)} -> 39.5
D41: {=Common_InputFunctions.Utility_DisplayArrayInTable(SourceData_OtherLivestock.SourceData_OtherLivestock_NitrogenExcreted_Data(),Table_SourceData_OtherLivestock_NitrogenExcreted[[#Headers],[Other livestock type]],0)} -> Goats | E41: {=Common_InputFunctions.Utility_DisplayArrayInTable(SourceData_OtherLivestock.SourceData_OtherLivestock_NitrogenExcreted_Data(),Table_SourceData_OtherLivestock_NitrogenExcreted[[#Headers],[Other livestock type]],0)} -> 7
D42: {=Common_InputFunctions.Utility_DisplayArrayInTable(SourceData_OtherLivestock.SourceData_OtherLivestock_NitrogenExcreted_Data(),Table_SourceData_OtherLivestock_NitrogenExcreted[[#Headers],[Other livestock type]],0)} -> Deer | E42: {=Common_InputFunctions.Utility_DisplayArrayInTable(SourceData_OtherLivestock.SourceData_OtherLivestock_NitrogenExcreted_Data(),Table_SourceData_OtherLivestock_NitrogenExcreted[[#Headers],[Other livestock type]],0)} -> 13.2
D43: {=Common_InputFunctions.Utility_DisplayArrayInTable(SourceData_OtherLivestock.SourceData_OtherLivestock_NitrogenExcreted_Data(),Table_SourceData_OtherLivestock_NitrogenExcreted[[#Headers],[Other livestock type]],0)} -> Camels | E43: {=Common_InputFunctions.Utility_DisplayArrayInTable(SourceData_OtherLivestock.SourceData_OtherLivestock_NitrogenExcreted_Data(),Table_SourceData_OtherLivestock_NitrogenExcreted[[#Headers],[Other livestock type]],0)} -> 39.5
D44: {=Common_InputFunctions.Utility_DisplayArrayInTable(SourceData_OtherLivestock.SourceData_OtherLivestock_NitrogenExcreted_Data(),Table_SourceData_OtherLivestock_NitrogenExcreted[[#Headers],[Other livestock type]],0)} -> Alpacas | E44: {=Common_InputFunctions.Utility_DisplayArrayInTable(SourceData_OtherLivestock.SourceData_OtherLivestock_NitrogenExcreted_Data(),Table_SourceData_OtherLivestock_NitrogenExcreted[[#Headers],[Other livestock type]],0)} -> 7
D45: {=Common_InputFunctions.Utility_DisplayArrayInTable(SourceData_OtherLivestock.SourceData_OtherLivestock_NitrogenExcreted_Data(),Table_SourceData_OtherLivestock_NitrogenExcreted[[#Headers],[Other livestock type]],0)} -> Horses | E45: {=Common_InputFunctions.Utility_DisplayArrayInTable(SourceData_OtherLivestock.SourceData_OtherLivestock_NitrogenExcreted_Data(),Table_SourceData_OtherLivestock_NitrogenExcreted[[#Headers],[Other livestock type]],0)} -> 39.5
D46: {=Common_InputFunctions.Utility_DisplayArrayInTable(SourceData_OtherLivestock.SourceData_OtherLivestock_NitrogenExcreted_Data(),Table_SourceData_OtherLivestock_NitrogenExcreted[[#Headers],[Other livestock type]],0)} -> Mules/asses | E46: {=Common_InputFunctions.Utility_DisplayArrayInTable(SourceData_OtherLivestock.SourceData_OtherLivestock_NitrogenExcreted_Data(),Table_SourceData_OtherLivestock_NitrogenExcreted[[#Headers],[Other livestock type]],0)} -> 13.2
D47: {=Common_InputFunctions.Utility_DisplayArrayInTable(SourceData_OtherLivestock.SourceData_OtherLivestock_NitrogenExcreted_Data(),Table_SourceData_OtherLivestock_NitrogenExcreted[[#Headers],[Other livestock type]],0)} -> Emus/ostriches | E47: {=Common_InputFunctions.Utility_DisplayArrayInTable(SourceData_OtherLivestock.SourceData_OtherLivestock_NitrogenExcreted_Data(),Table_SourceData_OtherLivestock_NitrogenExcreted[[#Headers],[Other livestock type]],0)} -> 7
D50: {=SourceData_OtherLivestock.SourceData_OtherLivestock_AverageLiveweight_Title()} -> Other Livestock - Average Liveweights
D51: {=SourceData_OtherLivestock.SourceData_OtherLivestock_AverageLiveweight_Source()} -> VEERG 2026: Table A.1.5.4
D52: {=SourceData_OtherLivestock.SourceData_OtherLivestock_AverageLiveweight_Variable()} -> Wco
D53: {=SourceData_OtherLivestock.SourceData_OtherLivestock_AverageLiveweight_Unit()} -> kg
D54: Other livestock type | E54: Wco | F54: Wco2
D55: {=Common_InputFunctions.Utility_DisplayArrayInTable(SourceData_OtherLivestock.SourceData_OtherLivestock_AverageLiveweight_Data(),Table_SourceData_OtherLivestock_AverageLiveweight[[#Headers],[Other livestock type]],0)} -> Buffalo | E55: {=Common_InputFunctions.Utility_DisplayArrayInTable(SourceData_OtherLivestock.SourceData_OtherLivestock_AverageLiveweight_Data(),Table_SourceData_OtherLivestock_AverageLiveweight[[#Headers],[Other livestock type]],0)} -> 336 | F55: {=Common_InputFunctions.Utility_DisplayArrayInTable(SourceData_OtherLivestock.SourceData_OtherLivestock_AverageLiveweight_Data(),Table_SourceData_OtherLivestock_AverageLiveweight[[#Headers],[Other livestock type]],0)} -> -
D56: {=Common_InputFunctions.Utility_DisplayArrayInTable(SourceData_OtherLivestock.SourceData_OtherLivestock_AverageLiveweight_Data(),Table_SourceData_OtherLivestock_AverageLiveweight[[#Headers],[Other livestock type]],0)} -> Goats | E56: {=Common_InputFunctions.Utility_DisplayArrayInTable(SourceData_OtherLivestock.SourceData_OtherLivestock_AverageLiveweight_Data(),Table_SourceData_OtherLivestock_AverageLiveweight[[#Headers],[Other livestock type]],0)} -> 33 | F56: {=Common_InputFunctions.Utility_DisplayArrayInTable(SourceData_OtherLivestock.SourceData_OtherLivestock_AverageLiveweight_Data(),Table_SourceData_OtherLivestock_AverageLiveweight[[#Headers],[Other livestock type]],0)} -> 28kg - low productivity systems
D57: {=Common_InputFunctions.Utility_DisplayArrayInTable(SourceData_OtherLivestock.SourceData_OtherLivestock_AverageLiveweight_Data(),Table_SourceData_OtherLivestock_AverageLiveweight[[#Headers],[Other livestock type]],0)} -> Goats | E57: {=Common_InputFunctions.Utility_DisplayArrayInTable(SourceData_OtherLivestock.SourceData_OtherLivestock_AverageLiveweight_Data(),Table_SourceData_OtherLivestock_AverageLiveweight[[#Headers],[Other livestock type]],0)} -> 33 | F57: {=Common_InputFunctions.Utility_DisplayArrayInTable(SourceData_OtherLivestock.SourceData_OtherLivestock_AverageLiveweight_Data(),Table_SourceData_OtherLivestock_AverageLiveweight[[#Headers],[Other livestock type]],0)} -> 50kg - high productivity systems
D58: {=Common_InputFunctions.Utility_DisplayArrayInTable(SourceData_OtherLivestock.SourceData_OtherLivestock_AverageLiveweight_Data(),Table_SourceData_OtherLivestock_AverageLiveweight[[#Headers],[Other livestock type]],0)} -> Deer | E58: {=Common_InputFunctions.Utility_DisplayArrayInTable(SourceData_OtherLivestock.SourceData_OtherLivestock_AverageLiveweight_Data(),Table_SourceData_OtherLivestock_AverageLiveweight[[#Headers],[Other livestock type]],0)} -> 120 | F58: {=Common_InputFunctions.Utility_DisplayArrayInTable(SourceData_OtherLivestock.SourceData_OtherLivestock_AverageLiveweight_Data(),Table_SourceData_OtherLivestock_AverageLiveweight[[#Headers],[Other livestock type]],0)} -> 120
D59: {=Common_InputFunctions.Utility_DisplayArrayInTable(SourceData_OtherLivestock.SourceData_OtherLivestock_AverageLiveweight_Data(),Table_SourceData_OtherLivestock_AverageLiveweight[[#Headers],[Other livestock type]],0)} -> Camels | E59: {=Common_InputFunctions.Utility_DisplayArrayInTable(SourceData_OtherLivestock.SourceData_OtherLivestock_AverageLiveweight_Data(),Table_SourceData_OtherLivestock_AverageLiveweight[[#Headers],[Other livestock type]],0)} -> 217 | F59: {=Common_InputFunctions.Utility_DisplayArrayInTable(SourceData_OtherLivestock.SourceData_OtherLivestock_AverageLiveweight_Data(),Table_SourceData_OtherLivestock_AverageLiveweight[[#Headers],[Other livestock type]],0)} -> 570
D60: {=Common_InputFunctions.Utility_DisplayArrayInTable(SourceData_OtherLivestock.SourceData_OtherLivestock_AverageLiveweight_Data(),Table_SourceData_OtherLivestock_AverageLiveweight[[#Headers],[Other livestock type]],0)} -> Alpacas | E60: {=Common_InputFunctions.Utility_DisplayArrayInTable(SourceData_OtherLivestock.SourceData_OtherLivestock_AverageLiveweight_Data(),Table_SourceData_OtherLivestock_AverageLiveweight[[#Headers],[Other livestock type]],0)} -> - | F60: {=Common_InputFunctions.Utility_DisplayArrayInTable(SourceData_OtherLivestock.SourceData_OtherLivestock_AverageLiveweight_Data(),Table_SourceData_OtherLivestock_AverageLiveweight[[#Headers],[Other livestock type]],0)} -> 65
D61: {=Common_InputFunctions.Utility_DisplayArrayInTable(SourceData_OtherLivestock.SourceData_OtherLivestock_AverageLiveweight_Data(),Table_SourceData_OtherLivestock_AverageLiveweight[[#Headers],[Other livestock type]],0)} -> Horses | E61: {=Common_InputFunctions.Utility_DisplayArrayInTable(SourceData_OtherLivestock.SourceData_OtherLivestock_AverageLiveweight_Data(),Table_SourceData_OtherLivestock_AverageLiveweight[[#Headers],[Other livestock type]],0)} -> 377 | F61: {=Common_InputFunctions.Utility_DisplayArrayInTable(SourceData_OtherLivestock.SourceData_OtherLivestock_AverageLiveweight_Data(),Table_SourceData_OtherLivestock_AverageLiveweight[[#Headers],[Other livestock type]],0)} -> 550
D62: {=Common_InputFunctions.Utility_DisplayArrayInTable(SourceData_OtherLivestock.SourceData_OtherLivestock_AverageLiveweight_Data(),Table_SourceData_OtherLivestock_AverageLiveweight[[#Headers],[Other livestock type]],0)} -> Mules/asses | E62: {=Common_InputFunctions.Utility_DisplayArrayInTable(SourceData_OtherLivestock.SourceData_OtherLivestock_AverageLiveweight_Data(),Table_SourceData_OtherLivestock_AverageLiveweight[[#Headers],[Other livestock type]],0)} -> 130 | F62: {=Common_InputFunctions.Utility_DisplayArrayInTable(SourceData_OtherLivestock.SourceData_OtherLivestock_AverageLiveweight_Data(),Table_SourceData_OtherLivestock_AverageLiveweight[[#Headers],[Other livestock type]],0)} -> 245
D63: {=Common_InputFunctions.Utility_DisplayArrayInTable(SourceData_OtherLivestock.SourceData_OtherLivestock_AverageLiveweight_Data(),Table_SourceData_OtherLivestock_AverageLiveweight[[#Headers],[Other livestock type]],0)} -> Emus/ostriches | E63: {=Common_InputFunctions.Utility_DisplayArrayInTable(SourceData_OtherLivestock.SourceData_OtherLivestock_AverageLiveweight_Data(),Table_SourceData_OtherLivestock_AverageLiveweight[[#Headers],[Other livestock type]],0)} -> 120 | F63: {=Common_InputFunctions.Utility_DisplayArrayInTable(SourceData_OtherLivestock.SourceData_OtherLivestock_AverageLiveweight_Data(),Table_SourceData_OtherLivestock_AverageLiveweight[[#Headers],[Other livestock type]],0)} -> 120
D64: {=Common_InputFunctions.Utility_DisplayArrayInTable(SourceData_OtherLivestock.SourceData_OtherLivestock_AverageLiveweight_Data(),Table_SourceData_OtherLivestock_AverageLiveweight[[#Headers],[Other livestock type]],0)} -> Reference | E64: {=Common_InputFunctions.Utility_DisplayArrayInTable(SourceData_OtherLivestock.SourceData_OtherLivestock_AverageLiveweight_Data(),Table_SourceData_OtherLivestock_AverageLiveweight[[#Headers],[Other livestock type]],0)} -> IPCC 2019 Table 10A.5 [2] | F64: {=Common_InputFunctions.Utility_DisplayArrayInTable(SourceData_OtherLivestock.SourceData_OtherLivestock_AverageLiveweight_Data(),Table_SourceData_OtherLivestock_AverageLiveweight[[#Headers],[Other livestock type]],0)} -> IPCC 2019 Table 10.10 [2]
D67: {=SourceData_OtherLivestock.SourceData_OtherLivestock_FractionWasteInMMS_Title()} -> Other Livestock - Fraction of waste in each manure management system
D68: {=SourceData_OtherLivestock.SourceData_OtherLivestock_FractionWasteInMMS_Source()} -> VEERG 2026: Table A.1.5.5
D69: {=SourceData_OtherLivestock.SourceData_OtherLivestock_FractionWasteInMMS_Variable()} -> MMSm
D70: {=SourceData_OtherLivestock.SourceData_OtherLivestock_FractionWasteInMMS_Unit()} -> fraction
D71: Other livestock type | E71: Pasture range and paddock | F71: Uncovered anaerobic lagoon
D72: {=Common_InputFunctions.Utility_DisplayArrayInTable(SourceData_OtherLivestock.SourceData_OtherLivestock_FractionWasteInMMS_Data(),Table_SourceData_OtherLivestock_FractionWasteInMMS[[#Headers],[Other livestock type]],0)} -> ACT | E72: {=Common_InputFunctions.Utility_DisplayArrayInTable(SourceData_OtherLivestock.SourceData_OtherLivestock_FractionWasteInMMS_Data(),Table_SourceData_OtherLivestock_FractionWasteInMMS[[#Headers],[Other livestock type]],0)} -> 99.66 | F72: {=Common_InputFunctions.Utility_DisplayArrayInTable(SourceData_OtherLivestock.SourceData_OtherLivestock_FractionWasteInMMS_Data(),Table_SourceData_OtherLivestock_FractionWasteInMMS[[#Headers],[Other livestock type]],0)} -> 0.34
D73: {=Common_InputFunctions.Utility_DisplayArrayInTable(SourceData_OtherLivestock.SourceData_OtherLivestock_FractionWasteInMMS_Data(),Table_SourceData_OtherLivestock_FractionWasteInMMS[[#Headers],[Other livestock type]],0)} -> NSW | E73: {=Common_InputFunctions.Utility_DisplayArrayInTable(SourceData_OtherLivestock.SourceData_OtherLivestock_FractionWasteInMMS_Data(),Table_SourceData_OtherLivestock_FractionWasteInMMS[[#Headers],[Other livestock type]],0)} -> 99.66 | F73: {=Common_InputFunctions.Utility_DisplayArrayInTable(SourceData_OtherLivestock.SourceData_OtherLivestock_FractionWasteInMMS_Data(),Table_SourceData_OtherLivestock_FractionWasteInMMS[[#Headers],[Other livestock type]],0)} -> 0.34
D74: {=Common_InputFunctions.Utility_DisplayArrayInTable(SourceData_OtherLivestock.SourceData_OtherLivestock_FractionWasteInMMS_Data(),Table_SourceData_OtherLivestock_FractionWasteInMMS[[#Headers],[Other livestock type]],0)} -> NT | E74: {=Common_InputFunctions.Utility_DisplayArrayInTable(SourceData_OtherLivestock.SourceData_OtherLivestock_FractionWasteInMMS_Data(),Table_SourceData_OtherLivestock_FractionWasteInMMS[[#Headers],[Other livestock type]],0)} -> 99.66 | F74: {=Common_InputFunctions.Utility_DisplayArrayInTable(SourceData_OtherLivestock.SourceData_OtherLivestock_FractionWasteInMMS_Data(),Table_SourceData_OtherLivestock_FractionWasteInMMS[[#Headers],[Other livestock type]],0)} -> 0.34
D75: {=Common_InputFunctions.Utility_DisplayArrayInTable(SourceData_OtherLivestock.SourceData_OtherLivestock_FractionWasteInMMS_Data(),Table_SourceData_OtherLivestock_FractionWasteInMMS[[#Headers],[Other livestock type]],0)} -> QLD | E75: {=Common_InputFunctions.Utility_DisplayArrayInTable(SourceData_OtherLivestock.SourceData_OtherLivestock_FractionWasteInMMS_Data(),Table_SourceData_OtherLivestock_FractionWasteInMMS[[#Headers],[Other livestock type]],0)} -> 99.66 | F75: {=Common_InputFunctions.Utility_DisplayArrayInTable(SourceData_OtherLivestock.SourceData_OtherLivestock_FractionWasteInMMS_Data(),Table_SourceData_OtherLivestock_FractionWasteInMMS[[#Headers],[Other livestock type]],0)} -> 0.34
D76: {=Common_InputFunctions.Utility_DisplayArrayInTable(SourceData_OtherLivestock.SourceData_OtherLivestock_FractionWasteInMMS_Data(),Table_SourceData_OtherLivestock_FractionWasteInMMS[[#Headers],[Other livestock type]],0)} -> SA | E76: {=Common_InputFunctions.Utility_DisplayArrayInTable(SourceData_OtherLivestock.SourceData_OtherLivestock_FractionWasteInMMS_Data(),Table_SourceData_OtherLivestock_FractionWasteInMMS[[#Headers],[Other livestock type]],0)} -> 99.66 | F76: {=Common_InputFunctions.Utility_DisplayArrayInTable(SourceData_OtherLivestock.SourceData_OtherLivestock_FractionWasteInMMS_Data(),Table_SourceData_OtherLivestock_FractionWasteInMMS[[#Headers],[Other livestock type]],0)} -> 0.34
D77: {=Common_InputFunctions.Utility_DisplayArrayInTable(SourceData_OtherLivestock.SourceData_OtherLivestock_FractionWasteInMMS_Data(),Table_SourceData_OtherLivestock_FractionWasteInMMS[[#Headers],[Other livestock type]],0)} -> TAS | E77: {=Common_InputFunctions.Utility_DisplayArrayInTable(SourceData_OtherLivestock.SourceData_OtherLivestock_FractionWasteInMMS_Data(),Table_SourceData_OtherLivestock_FractionWasteInMMS[[#Headers],[Other livestock type]],0)} -> 99.66 | F77: {=Common_InputFunctions.Utility_DisplayArrayInTable(SourceData_OtherLivestock.SourceData_OtherLivestock_FractionWasteInMMS_Data(),Table_SourceData_OtherLivestock_FractionWasteInMMS[[#Headers],[Other livestock type]],0)} -> 0.34
D78: {=Common_InputFunctions.Utility_DisplayArrayInTable(SourceData_OtherLivestock.SourceData_OtherLivestock_FractionWasteInMMS_Data(),Table_SourceData_OtherLivestock_FractionWasteInMMS[[#Headers],[Other livestock type]],0)} -> VIC | E78: {=Common_InputFunctions.Utility_DisplayArrayInTable(SourceData_OtherLivestock.SourceData_OtherLivestock_FractionWasteInMMS_Data(),Table_SourceData_OtherLivestock_FractionWasteInMMS[[#Headers],[Other livestock type]],0)} -> 99.66 | F78: {=Common_InputFunctions.Utility_DisplayArrayInTable(SourceData_OtherLivestock.SourceData_OtherLivestock_FractionWasteInMMS_Data(),Table_SourceData_OtherLivestock_FractionWasteInMMS[[#Headers],[Other livestock type]],0)} -> 0.34
D79: {=Common_InputFunctions.Utility_DisplayArrayInTable(SourceData_OtherLivestock.SourceData_OtherLivestock_FractionWasteInMMS_Data(),Table_SourceData_OtherLivestock_FractionWasteInMMS[[#Headers],[Other livestock type]],0)} -> WA | E79: {=Common_InputFunctions.Utility_DisplayArrayInTable(SourceData_OtherLivestock.SourceData_OtherLivestock_FractionWasteInMMS_Data(),Table_SourceData_OtherLivestock_FractionWasteInMMS[[#Headers],[Other livestock type]],0)} -> 99.66 | F79: {=Common_InputFunctions.Utility_DisplayArrayInTable(SourceData_OtherLivestock.SourceData_OtherLivestock_FractionWasteInMMS_Data(),Table_SourceData_OtherLivestock_FractionWasteInMMS[[#Headers],[Other livestock type]],0)} -> 0.34
D82: {=SourceData_OtherLivestock.SourceData_OtherLivestock_MethaneConversionFactor_Title()} -> Other Livestock - Methane conversion factor per region
D83: {=SourceData_OtherLivestock.SourceData_OtherLivestock_MethaneConversionFactor_Source()} -> VEERG 2026: Table A.1.5.6
D84: {=SourceData_OtherLivestock.SourceData_OtherLivestock_MethaneConversionFactor_Variable()} -> MCFim
D85: {=SourceData_OtherLivestock.SourceData_OtherLivestock_MethaneConversionFactor_Unit()} -> fraction
D86: Other livestock type | E86: Pasture range and paddock | F86: Uncovered anaerobic lagoon
D87: {=Common_InputFunctions.Utility_DisplayArrayInTable(SourceData_OtherLivestock.SourceData_OtherLivestock_MethaneConversionFactor_Data(),Table_SourceData_OtherLivestock_MCF[[#Headers],[Other livestock type]],0)} -> ACT | E87: {=Common_InputFunctions.Utility_DisplayArrayInTable(SourceData_OtherLivestock.SourceData_OtherLivestock_MethaneConversionFactor_Data(),Table_SourceData_OtherLivestock_MCF[[#Headers],[Other livestock type]],0)} -> 0.0047 | F87: {=Common_InputFunctions.Utility_DisplayArrayInTable(SourceData_OtherLivestock.SourceData_OtherLivestock_MethaneConversionFactor_Data(),Table_SourceData_OtherLivestock_MCF[[#Headers],[Other livestock type]],0)} -> 0.71
D88: {=Common_InputFunctions.Utility_DisplayArrayInTable(SourceData_OtherLivestock.SourceData_OtherLivestock_MethaneConversionFactor_Data(),Table_SourceData_OtherLivestock_MCF[[#Headers],[Other livestock type]],0)} -> NSW | E88: {=Common_InputFunctions.Utility_DisplayArrayInTable(SourceData_OtherLivestock.SourceData_OtherLivestock_MethaneConversionFactor_Data(),Table_SourceData_OtherLivestock_MCF[[#Headers],[Other livestock type]],0)} -> 0.0047 | F88: {=Common_InputFunctions.Utility_DisplayArrayInTable(SourceData_OtherLivestock.SourceData_OtherLivestock_MethaneConversionFactor_Data(),Table_SourceData_OtherLivestock_MCF[[#Headers],[Other livestock type]],0)} -> 0.75
D89: {=Common_InputFunctions.Utility_DisplayArrayInTable(SourceData_OtherLivestock.SourceData_OtherLivestock_MethaneConversionFactor_Data(),Table_SourceData_OtherLivestock_MCF[[#Headers],[Other livestock type]],0)} -> NT | E89: {=Common_InputFunctions.Utility_DisplayArrayInTable(SourceData_OtherLivestock.SourceData_OtherLivestock_MethaneConversionFactor_Data(),Table_SourceData_OtherLivestock_MCF[[#Headers],[Other livestock type]],0)} -> 0.0047 | F89: {=Common_InputFunctions.Utility_DisplayArrayInTable(SourceData_OtherLivestock.SourceData_OtherLivestock_MethaneConversionFactor_Data(),Table_SourceData_OtherLivestock_MCF[[#Headers],[Other livestock type]],0)} -> 0.8
D90: {=Common_InputFunctions.Utility_DisplayArrayInTable(SourceData_OtherLivestock.SourceData_OtherLivestock_MethaneConversionFactor_Data(),Table_SourceData_OtherLivestock_MCF[[#Headers],[Other livestock type]],0)} -> QLD | E90: {=Common_InputFunctions.Utility_DisplayArrayInTable(SourceData_OtherLivestock.SourceData_OtherLivestock_MethaneConversionFactor_Data(),Table_SourceData_OtherLivestock_MCF[[#Headers],[Other livestock type]],0)} -> 0.0047 | F90: {=Common_InputFunctions.Utility_DisplayArrayInTable(SourceData_OtherLivestock.SourceData_OtherLivestock_MethaneConversionFactor_Data(),Table_SourceData_OtherLivestock_MCF[[#Headers],[Other livestock type]],0)} -> 0.78
D91: {=Common_InputFunctions.Utility_DisplayArrayInTable(SourceData_OtherLivestock.SourceData_OtherLivestock_MethaneConversionFactor_Data(),Table_SourceData_OtherLivestock_MCF[[#Headers],[Other livestock type]],0)} -> SA | E91: {=Common_InputFunctions.Utility_DisplayArrayInTable(SourceData_OtherLivestock.SourceData_OtherLivestock_MethaneConversionFactor_Data(),Table_SourceData_OtherLivestock_MCF[[#Headers],[Other livestock type]],0)} -> 0.0047 | F91: {=Common_InputFunctions.Utility_DisplayArrayInTable(SourceData_OtherLivestock.SourceData_OtherLivestock_MethaneConversionFactor_Data(),Table_SourceData_OtherLivestock_MCF[[#Headers],[Other livestock type]],0)} -> 0.74
D92: {=Common_InputFunctions.Utility_DisplayArrayInTable(SourceData_OtherLivestock.SourceData_OtherLivestock_MethaneConversionFactor_Data(),Table_SourceData_OtherLivestock_MCF[[#Headers],[Other livestock type]],0)} -> TAS | E92: {=Common_InputFunctions.Utility_DisplayArrayInTable(SourceData_OtherLivestock.SourceData_OtherLivestock_MethaneConversionFactor_Data(),Table_SourceData_OtherLivestock_MCF[[#Headers],[Other livestock type]],0)} -> 0.0047 | F92: {=Common_InputFunctions.Utility_DisplayArrayInTable(SourceData_OtherLivestock.SourceData_OtherLivestock_MethaneConversionFactor_Data(),Table_SourceData_OtherLivestock_MCF[[#Headers],[Other livestock type]],0)} -> 0.7
D93: {=Common_InputFunctions.Utility_DisplayArrayInTable(SourceData_OtherLivestock.SourceData_OtherLivestock_MethaneConversionFactor_Data(),Table_SourceData_OtherLivestock_MCF[[#Headers],[Other livestock type]],0)} -> VIC | E93: {=Common_InputFunctions.Utility_DisplayArrayInTable(SourceData_OtherLivestock.SourceData_OtherLivestock_MethaneConversionFactor_Data(),Table_SourceData_OtherLivestock_MCF[[#Headers],[Other livestock type]],0)} -> 0.0047 | F93: {=Common_InputFunctions.Utility_DisplayArrayInTable(SourceData_OtherLivestock.SourceData_OtherLivestock_MethaneConversionFactor_Data(),Table_SourceData_OtherLivestock_MCF[[#Headers],[Other livestock type]],0)} -> 0.74
D94: {=Common_InputFunctions.Utility_DisplayArrayInTable(SourceData_OtherLivestock.SourceData_OtherLivestock_MethaneConversionFactor_Data(),Table_SourceData_OtherLivestock_MCF[[#Headers],[Other livestock type]],0)} -> WA | E94: {=Common_InputFunctions.Utility_DisplayArrayInTable(SourceData_OtherLivestock.SourceData_OtherLivestock_MethaneConversionFactor_Data(),Table_SourceData_OtherLivestock_MCF[[#Headers],[Other livestock type]],0)} -> 0.0047 | F94: {=Common_InputFunctions.Utility_DisplayArrayInTable(SourceData_OtherLivestock.SourceData_OtherLivestock_MethaneConversionFactor_Data(),Table_SourceData_OtherLivestock_MCF[[#Headers],[Other livestock type]],0)} -> 0.76
D97: {=SourceData_OtherLivestock.SourceData_OtherLivestock_MethaneEmissionsPotential_Title()} -> Other Livestock - Methane emissions potential
D98: {=SourceData_OtherLivestock.SourceData_OtherLivestock_MethaneEmissionsPotential_Source()} -> VEERG 2026: Table A.1.5.X
D99: {=SourceData_OtherLivestock.SourceData_OtherLivestock_MethaneEmissionsPotential_Variation()} -> VARIATION ON SOURCE: There were no values in VEERG so this data has been generated by using documented BO values from other livestock
D100: {=SourceData_OtherLivestock.SourceData_OtherLivestock_MethaneEmissionsPotential_Variable()} -> BO
D101: {=SourceData_OtherLivestock.SourceData_OtherLivestock_MethaneEmissionsPotential_Unit()} -> m3 CH4 / kg VS
D102: Other livestock type | E102: BO | F102: Taken from
D103: {=Common_InputFunctions.Utility_DisplayArrayInTable(SourceData_OtherLivestock.SourceData_OtherLivestock_MethaneEmissionsPotential_Data(),Table_SourceData_OtherLivestock_MethaneEmissionsPotential[[#Headers],[Other livestock type]],0)} -> Buffalo | E103: {=Common_InputFunctions.Utility_DisplayArrayInTable(SourceData_OtherLivestock.SourceData_OtherLivestock_MethaneEmissionsPotential_Data(),Table_SourceData_OtherLivestock_MethaneEmissionsPotential[[#Headers],[Other livestock type]],0)} -> 0.19 | F103: {=Common_InputFunctions.Utility_DisplayArrayInTable(SourceData_OtherLivestock.SourceData_OtherLivestock_MethaneEmissionsPotential_Data(),Table_SourceData_OtherLivestock_MethaneEmissionsPotential[[#Headers],[Other livestock type]],0)} -> Feedlot, Pasture beef
D104: {=Common_InputFunctions.Utility_DisplayArrayInTable(SourceData_OtherLivestock.SourceData_OtherLivestock_MethaneEmissionsPotential_Data(),Table_SourceData_OtherLivestock_MethaneEmissionsPotential[[#Headers],[Other livestock type]],0)} -> Goats | E104: {=Common_InputFunctions.Utility_DisplayArrayInTable(SourceData_OtherLivestock.SourceData_OtherLivestock_MethaneEmissionsPotential_Data(),Table_SourceData_OtherLivestock_MethaneEmissionsPotential[[#Headers],[Other livestock type]],0)} -> 0.24 | F104: {=Common_InputFunctions.Utility_DisplayArrayInTable(SourceData_OtherLivestock.SourceData_OtherLivestock_MethaneEmissionsPotential_Data(),Table_SourceData_OtherLivestock_MethaneEmissionsPotential[[#Headers],[Other livestock type]],0)} -> Sheep
D105: {=Common_InputFunctions.Utility_DisplayArrayInTable(SourceData_OtherLivestock.SourceData_OtherLivestock_MethaneEmissionsPotential_Data(),Table_SourceData_OtherLivestock_MethaneEmissionsPotential[[#Headers],[Other livestock type]],0)} -> Deer | E105: {=Common_InputFunctions.Utility_DisplayArrayInTable(SourceData_OtherLivestock.SourceData_OtherLivestock_MethaneEmissionsPotential_Data(),Table_SourceData_OtherLivestock_MethaneEmissionsPotential[[#Headers],[Other livestock type]],0)} -> 0.24 | F105: {=Common_InputFunctions.Utility_DisplayArrayInTable(SourceData_OtherLivestock.SourceData_OtherLivestock_MethaneEmissionsPotential_Data(),Table_SourceData_OtherLivestock_MethaneEmissionsPotential[[#Headers],[Other livestock type]],0)} -> Sheep
D106: {=Common_InputFunctions.Utility_DisplayArrayInTable(SourceData_OtherLivestock.SourceData_OtherLivestock_MethaneEmissionsPotential_Data(),Table_SourceData_OtherLivestock_MethaneEmissionsPotential[[#Headers],[Other livestock type]],0)} -> Camels | E106: {=Common_InputFunctions.Utility_DisplayArrayInTable(SourceData_OtherLivestock.SourceData_OtherLivestock_MethaneEmissionsPotential_Data(),Table_SourceData_OtherLivestock_MethaneEmissionsPotential[[#Headers],[Other livestock type]],0)} -> 0.24 | F106: {=Common_InputFunctions.Utility_DisplayArrayInTable(SourceData_OtherLivestock.SourceData_OtherLivestock_MethaneEmissionsPotential_Data(),Table_SourceData_OtherLivestock_MethaneEmissionsPotential[[#Headers],[Other livestock type]],0)} -> Sheep
D107: {=Common_InputFunctions.Utility_DisplayArrayInTable(SourceData_OtherLivestock.SourceData_OtherLivestock_MethaneEmissionsPotential_Data(),Table_SourceData_OtherLivestock_MethaneEmissionsPotential[[#Headers],[Other livestock type]],0)} -> Alpacas | E107: {=Common_InputFunctions.Utility_DisplayArrayInTable(SourceData_OtherLivestock.SourceData_OtherLivestock_MethaneEmissionsPotential_Data(),Table_SourceData_OtherLivestock_MethaneEmissionsPotential[[#Headers],[Other livestock type]],0)} -> 0.24 | F107: {=Common_InputFunctions.Utility_DisplayArrayInTable(SourceData_OtherLivestock.SourceData_OtherLivestock_MethaneEmissionsPotential_Data(),Table_SourceData_OtherLivestock_MethaneEmissionsPotential[[#Headers],[Other livestock type]],0)} -> Sheep
D108: {=Common_InputFunctions.Utility_DisplayArrayInTable(SourceData_OtherLivestock.SourceData_OtherLivestock_MethaneEmissionsPotential_Data(),Table_SourceData_OtherLivestock_MethaneEmissionsPotential[[#Headers],[Other livestock type]],0)} -> Horses | E108: {=Common_InputFunctions.Utility_DisplayArrayInTable(SourceData_OtherLivestock.SourceData_OtherLivestock_MethaneEmissionsPotential_Data(),Table_SourceData_OtherLivestock_MethaneEmissionsPotential[[#Headers],[Other livestock type]],0)} -> 0.19 | F108: {=Common_InputFunctions.Utility_DisplayArrayInTable(SourceData_OtherLivestock.SourceData_OtherLivestock_MethaneEmissionsPotential_Data(),Table_SourceData_OtherLivestock_MethaneEmissionsPotential[[#Headers],[Other livestock type]],0)} -> Feedlot, Pasture beef
D109: {=Common_InputFunctions.Utility_DisplayArrayInTable(SourceData_OtherLivestock.SourceData_OtherLivestock_MethaneEmissionsPotential_Data(),Table_SourceData_OtherLivestock_MethaneEmissionsPotential[[#Headers],[Other livestock type]],0)} -> Mules/asses | E109: {=Common_InputFunctions.Utility_DisplayArrayInTable(SourceData_OtherLivestock.SourceData_OtherLivestock_MethaneEmissionsPotential_Data(),Table_SourceData_OtherLivestock_MethaneEmissionsPotential[[#Headers],[Other livestock type]],0)} -> 0.24 | F109: {=Common_InputFunctions.Utility_DisplayArrayInTable(SourceData_OtherLivestock.SourceData_OtherLivestock_MethaneEmissionsPotential_Data(),Table_SourceData_OtherLivestock_MethaneEmissionsPotential[[#Headers],[Other livestock type]],0)} -> Sheep
D110: {=Common_InputFunctions.Utility_DisplayArrayInTable(SourceData_OtherLivestock.SourceData_OtherLivestock_MethaneEmissionsPotential_Data(),Table_SourceData_OtherLivestock_MethaneEmissionsPotential[[#Headers],[Other livestock type]],0)} -> Emus/ostriches | E110: {=Common_InputFunctions.Utility_DisplayArrayInTable(SourceData_OtherLivestock.SourceData_OtherLivestock_MethaneEmissionsPotential_Data(),Table_SourceData_OtherLivestock_MethaneEmissionsPotential[[#Headers],[Other livestock type]],0)} -> 0.36 | F110: {=Common_InputFunctions.Utility_DisplayArrayInTable(SourceData_OtherLivestock.SourceData_OtherLivestock_MethaneEmissionsPotential_Data(),Table_SourceData_OtherLivestock_MethaneEmissionsPotential[[#Headers],[Other livestock type]],0)} -> Poultry - meat chickens
D113: {=SourceData_OtherLivestock.SourceData_OtherLivestock_FracGASMSoil_Title()} -> Fraction of nitrogen volatilised from urine and faeces deposited on pasture
D114: {=SourceData_OtherLivestock.SourceData_OtherLivestock_FracGASMSoil_Source()} -> VEERG 2026: 4.7.2.3 CONSTANTS
D115: {=SourceData_OtherLivestock.SourceData_OtherLivestock_FracGASMSoil_Variable()} -> FracGASMsoil | E115: {=SourceData_OtherLivestock.SourceData_OtherLivestock_FracGASMSoil_Data()} -> 0.21 | F115: {=SourceData_OtherLivestock.SourceData_OtherLivestock_FracGASMSoil_Unit()} -> (kg NH3-N + NOx-N)/kg N
...

Sheet Constants - Livestock
A1: #VALUE! | C1: Constants - Livestock
A3: =HYPERLINK("#'Home'!A1", "Home") -> Home
A4: =HYPERLINK("#'Overview'!A1", "Overview") -> Overview
A5: =HYPERLINK("#'Results'!A1", "Results") -> Results
D6: {=CommonLivestock_SourceData.SourceData_Livestock_Common_SymbolsMMS_Title()} -> Table 5.12 Additional symbols used in algorithms for manure related emissions
D7: {=CommonLivestock_SourceData.SourceData_Livestock_Common_SymbolsMMS_Vairable()} -> MMS
A8: INPUTS | D8: {=CommonLivestock_SourceData.SourceData_Livestock_Common_SymbolsMMS_Source()} -> National Inventory Report 2023 Volume 1: Table 5.12
A9: =HYPERLINK("#'Input - Site'!A1", "Site") -> Site | D9: Symbol | E9: Manure management system | F9: Symbol and MMS
A10: =HYPERLINK("#'Input - Other Livestock'!A1", "Other Livestock") -> Other Livestock | D10: {=Common_InputFunctions.Utility_DisplayArrayInTable(CommonLivestock_SourceData.SourceData_Livestock_Common_SymbolsMMS_Data(), Table_Data_MMSSymbols[[#Headers],[Symbol]], 0)} -> 1 | E10: {=Common_InputFunctions.Utility_DisplayArrayInTable(CommonLivestock_SourceData.SourceData_Livestock_Common_SymbolsMMS_Data(), Table_Data_MMSSymbols[[#Headers],[Symbol]], 0)} -> Anaerobic lagoon | F10: {=Common_InputFunctions.Utility_DisplayArrayInTable(CommonLivestock_SourceData.SourceData_Livestock_Common_SymbolsMMS_Data(), Table_Data_MMSSymbols[[#Headers],[Symbol]], 0)} -> Anaerobic lagoon (m=1)
D11: {=Common_InputFunctions.Utility_DisplayArrayInTable(CommonLivestock_SourceData.SourceData_Livestock_Common_SymbolsMMS_Data(), Table_Data_MMSSymbols[[#Headers],[Symbol]], 0)} -> 2 | E11: {=Common_InputFunctions.Utility_DisplayArrayInTable(CommonLivestock_SourceData.SourceData_Livestock_Common_SymbolsMMS_Data(), Table_Data_MMSSymbols[[#Headers],[Symbol]], 0)} -> Liquid systems | F11: {=Common_InputFunctions.Utility_DisplayArrayInTable(CommonLivestock_SourceData.SourceData_Livestock_Common_SymbolsMMS_Data(), Table_Data_MMSSymbols[[#Headers],[Symbol]], 0)} -> Liquid systems (m=2)
D12: {=Common_InputFunctions.Utility_DisplayArrayInTable(CommonLivestock_SourceData.SourceData_Livestock_Common_SymbolsMMS_Data(), Table_Data_MMSSymbols[[#Headers],[Symbol]], 0)} -> 3 | E12: {=Common_InputFunctions.Utility_DisplayArrayInTable(CommonLivestock_SourceData.SourceData_Livestock_Common_SymbolsMMS_Data(), Table_Data_MMSSymbols[[#Headers],[Symbol]], 0)} -> Daily spread | F12: {=Common_InputFunctions.Utility_DisplayArrayInTable(CommonLivestock_SourceData.SourceData_Livestock_Common_SymbolsMMS_Data(), Table_Data_MMSSymbols[[#Headers],[Symbol]], 0)} -> Daily spread (m=3)
A13: CALCULATIONS | D13: {=Common_InputFunctions.Utility_DisplayArrayInTable(CommonLivestock_SourceData.SourceData_Livestock_Common_SymbolsMMS_Data(), Table_Data_MMSSymbols[[#Headers],[Symbol]], 0)} -> 3a | E13: {=Common_InputFunctions.Utility_DisplayArrayInTable(CommonLivestock_SourceData.SourceData_Livestock_Common_SymbolsMMS_Data(), Table_Data_MMSSymbols[[#Headers],[Symbol]], 0)} -> Sump and dispersal system | F13: {=Common_InputFunctions.Utility_DisplayArrayInTable(CommonLivestock_SourceData.SourceData_Livestock_Common_SymbolsMMS_Data(), Table_Data_MMSSymbols[[#Headers],[Symbol]], 0)} -> Sump and dispersal system (m=3a)
A14: =HYPERLINK("#'4.7.1.1-2 Manure Methane'!A1", "4.7.1.1-2 Manure Methane") -> 4.7.1.1-2 Manure Methane | D14: {=Common_InputFunctions.Utility_DisplayArrayInTable(CommonLivestock_SourceData.SourceData_Livestock_Common_SymbolsMMS_Data(), Table_Data_MMSSymbols[[#Headers],[Symbol]], 0)} -> 3b | E14: {=Common_InputFunctions.Utility_DisplayArrayInTable(CommonLivestock_SourceData.SourceData_Livestock_Common_SymbolsMMS_Data(), Table_Data_MMSSymbols[[#Headers],[Symbol]], 0)} -> Drains to paddock | F14: {=Common_InputFunctions.Utility_DisplayArrayInTable(CommonLivestock_SourceData.SourceData_Livestock_Common_SymbolsMMS_Data(), Table_Data_MMSSymbols[[#Headers],[Symbol]], 0)} -> Drains to paddock (m=3b)
A15: =HYPERLINK("#'4.7.1.3-4 Soil Direct N2O'!A1", "4.7.1.3-4 Soil Direct N2O") -> 4.7.1.3-4 Soil Direct N2O | D15: {=Common_InputFunctions.Utility_DisplayArrayInTable(CommonLivestock_SourceData.SourceData_Livestock_Common_SymbolsMMS_Data(), Table_Data_MMSSymbols[[#Headers],[Symbol]], 0)} -> 4 | E15: {=Common_InputFunctions.Utility_DisplayArrayInTable(CommonLivestock_SourceData.SourceData_Livestock_Common_SymbolsMMS_Data(), Table_Data_MMSSymbols[[#Headers],[Symbol]], 0)} -> Solid storage | F15: {=Common_InputFunctions.Utility_DisplayArrayInTable(CommonLivestock_SourceData.SourceData_Livestock_Common_SymbolsMMS_Data(), Table_Data_MMSSymbols[[#Headers],[Symbol]], 0)} -> Solid storage (m=4)
A16: =HYPERLINK("#'4.7.1.5-6 Soil Atmos Deposition'!A1", "4.7.1.5-6 Soil Atmos Deposition") -> 4.7.1.5-6 Soil Atmos Deposition | D16: {=Common_InputFunctions.Utility_DisplayArrayInTable(CommonLivestock_SourceData.SourceData_Livestock_Common_SymbolsMMS_Data(), Table_Data_MMSSymbols[[#Headers],[Symbol]], 0)} -> 5 | E16: {=Common_InputFunctions.Utility_DisplayArrayInTable(CommonLivestock_SourceData.SourceData_Livestock_Common_SymbolsMMS_Data(), Table_Data_MMSSymbols[[#Headers],[Symbol]], 0)} -> Drylot (feed pad) | F16: {=Common_InputFunctions.Utility_DisplayArrayInTable(CommonLivestock_SourceData.SourceData_Livestock_Common_SymbolsMMS_Data(), Table_Data_MMSSymbols[[#Headers],[Symbol]], 0)} -> Drylot (feed pad) (m=5)
A17: =HYPERLINK("#'4.7.1.7-8 Soil Leaching Runoff'!A1", "4.7.1.7-8 Soil Leaching Runoff") -> 4.7.1.7-8 Soil Leaching Runoff | D17: {=Common_InputFunctions.Utility_DisplayArrayInTable(CommonLivestock_SourceData.SourceData_Livestock_Common_SymbolsMMS_Data(), Table_Data_MMSSymbols[[#Headers],[Symbol]], 0)} -> 6 | E17: {=Common_InputFunctions.Utility_DisplayArrayInTable(CommonLivestock_SourceData.SourceData_Livestock_Common_SymbolsMMS_Data(), Table_Data_MMSSymbols[[#Headers],[Symbol]], 0)} -> Composting (passive windrow) | F17: {=Common_InputFunctions.Utility_DisplayArrayInTable(CommonLivestock_SourceData.SourceData_Livestock_Common_SymbolsMMS_Data(), Table_Data_MMSSymbols[[#Headers],[Symbol]], 0)} -> Composting (passive windrow) (m=6)
D18: {=Common_InputFunctions.Utility_DisplayArrayInTable(CommonLivestock_SourceData.SourceData_Livestock_Common_SymbolsMMS_Data(), Table_Data_MMSSymbols[[#Headers],[Symbol]], 0)} -> 7 | E18: {=Common_InputFunctions.Utility_DisplayArrayInTable(CommonLivestock_SourceData.SourceData_Livestock_Common_SymbolsMMS_Data(), Table_Data_MMSSymbols[[#Headers],[Symbol]], 0)} -> Digester / covered lagoons | F18: {=Common_InputFunctions.Utility_DisplayArrayInTable(CommonLivestock_SourceData.SourceData_Livestock_Common_SymbolsMMS_Data(), Table_Data_MMSSymbols[[#Headers],[Symbol]], 0)} -> Digester / covered lagoons (m=7)
D19: {=Common_InputFunctions.Utility_DisplayArrayInTable(CommonLivestock_SourceData.SourceData_Livestock_Common_SymbolsMMS_Data(), Table_Data_MMSSymbols[[#Headers],[Symbol]], 0)} -> 8 | E19: {=Common_InputFunctions.Utility_DisplayArrayInTable(CommonLivestock_SourceData.SourceData_Livestock_Common_SymbolsMMS_Data(), Table_Data_MMSSymbols[[#Headers],[Symbol]], 0)} -> Deep litter | F19: {=Common_InputFunctions.Utility_DisplayArrayInTable(CommonLivestock_SourceData.SourceData_Livestock_Common_SymbolsMMS_Data(), Table_Data_MMSSymbols[[#Headers],[Symbol]], 0)} -> Deep litter (m=8)
A20: APPENDICES | D20: {=Common_InputFunctions.Utility_DisplayArrayInTable(CommonLivestock_SourceData.SourceData_Livestock_Common_SymbolsMMS_Data(), Table_Data_MMSSymbols[[#Headers],[Symbol]], 0)} -> 9 | E20: {=Common_InputFunctions.Utility_DisplayArrayInTable(CommonLivestock_SourceData.SourceData_Livestock_Common_SymbolsMMS_Data(), Table_Data_MMSSymbols[[#Headers],[Symbol]], 0)} -> Pit storage | F20: {=Common_InputFunctions.Utility_DisplayArrayInTable(CommonLivestock_SourceData.SourceData_Livestock_Common_SymbolsMMS_Data(), Table_Data_MMSSymbols[[#Headers],[Symbol]], 0)} -> Pit storage (m=9)
A21: =HYPERLINK("#'Constants - Other Livestock'!A1", "Constants - Other Livestock") -> Constants - Other Livestock | D21: {=Common_InputFunctions.Utility_DisplayArrayInTable(CommonLivestock_SourceData.SourceData_Livestock_Common_SymbolsMMS_Data(), Table_Data_MMSSymbols[[#Headers],[Symbol]], 0)} -> 10 | E21: {=Common_InputFunctions.Utility_DisplayArrayInTable(CommonLivestock_SourceData.SourceData_Livestock_Common_SymbolsMMS_Data(), Table_Data_MMSSymbols[[#Headers],[Symbol]], 0)} -> Poultry manure with bedding | F21: {=Common_InputFunctions.Utility_DisplayArrayInTable(CommonLivestock_SourceData.SourceData_Livestock_Common_SymbolsMMS_Data(), Table_Data_MMSSymbols[[#Headers],[Symbol]], 0)} -> Poultry manure with bedding (m=10)
A22: =HYPERLINK("#'Constants - Livestock'!A1", "Constants - Livestock") -> Constants - Livestock | D22: {=Common_InputFunctions.Utility_DisplayArrayInTable(CommonLivestock_SourceData.SourceData_Livestock_Common_SymbolsMMS_Data(), Table_Data_MMSSymbols[[#Headers],[Symbol]], 0)} -> 11 | E22: {=Common_InputFunctions.Utility_DisplayArrayInTable(CommonLivestock_SourceData.SourceData_Livestock_Common_SymbolsMMS_Data(), Table_Data_MMSSymbols[[#Headers],[Symbol]], 0)} -> Poultry manure without bedding | F22: {=Common_InputFunctions.Utility_DisplayArrayInTable(CommonLivestock_SourceData.SourceData_Livestock_Common_SymbolsMMS_Data(), Table_Data_MMSSymbols[[#Headers],[Symbol]], 0)} -> Poultry manure without bedding (m=11)
A23: =HYPERLINK("#'Constants - Common'!A1", "Constants - Common") -> Constants - Common | D23: {=Common_InputFunctions.Utility_DisplayArrayInTable(CommonLivestock_SourceData.SourceData_Livestock_Common_SymbolsMMS_Data(), Table_Data_MMSSymbols[[#Headers],[Symbol]], 0)} -> 11a | E23: {=Common_InputFunctions.Utility_DisplayArrayInTable(CommonLivestock_SourceData.SourceData_Livestock_Common_SymbolsMMS_Data(), Table_Data_MMSSymbols[[#Headers],[Symbol]], 0)} -> Belt manure removal | F23: {=Common_InputFunctions.Utility_DisplayArrayInTable(CommonLivestock_SourceData.SourceData_Livestock_Common_SymbolsMMS_Data(), Table_Data_MMSSymbols[[#Headers],[Symbol]], 0)} -> Belt manure removal (m=11a)
A24: =HYPERLINK("#'Acknowledgements'!A1", "Acknowledgements") -> Acknowledgements | D24: {=Common_InputFunctions.Utility_DisplayArrayInTable(CommonLivestock_SourceData.SourceData_Livestock_Common_SymbolsMMS_Data(), Table_Data_MMSSymbols[[#Headers],[Symbol]], 0)} -> 11b | E24: {=Common_InputFunctions.Utility_DisplayArrayInTable(CommonLivestock_SourceData.SourceData_Livestock_Common_SymbolsMMS_Data(), Table_Data_MMSSymbols[[#Headers],[Symbol]], 0)} -> Manure stored in house | F24: {=Common_InputFunctions.Utility_DisplayArrayInTable(CommonLivestock_SourceData.SourceData_Livestock_Common_SymbolsMMS_Data(), Table_Data_MMSSymbols[[#Headers],[Symbol]], 0)} -> Manure stored in house (m=11b)
D25: {=Common_InputFunctions.Utility_DisplayArrayInTable(CommonLivestock_SourceData.SourceData_Livestock_Common_SymbolsMMS_Data(), Table_Data_MMSSymbols[[#Headers],[Symbol]], 0)} -> 12 | E25: {=Common_InputFunctions.Utility_DisplayArrayInTable(CommonLivestock_SourceData.SourceData_Livestock_Common_SymbolsMMS_Data(), Table_Data_MMSSymbols[[#Headers],[Symbol]], 0)} -> Direct processing | F25: {=Common_InputFunctions.Utility_DisplayArrayInTable(CommonLivestock_SourceData.SourceData_Livestock_Common_SymbolsMMS_Data(), Table_Data_MMSSymbols[[#Headers],[Symbol]], 0)} -> Direct processing (m=12)
D26: {=Common_InputFunctions.Utility_DisplayArrayInTable(CommonLivestock_SourceData.SourceData_Livestock_Common_SymbolsMMS_Data(), Table_Data_MMSSymbols[[#Headers],[Symbol]], 0)} -> 13 | E26: {=Common_InputFunctions.Utility_DisplayArrayInTable(CommonLivestock_SourceData.SourceData_Livestock_Common_SymbolsMMS_Data(), Table_Data_MMSSymbols[[#Headers],[Symbol]], 0)} -> Direct application | F26: {=Common_InputFunctions.Utility_DisplayArrayInTable(CommonLivestock_SourceData.SourceData_Livestock_Common_SymbolsMMS_Data(), Table_Data_MMSSymbols[[#Headers],[Symbol]], 0)} -> Direct application (m=13)
D27: {=Common_InputFunctions.Utility_DisplayArrayInTable(CommonLivestock_SourceData.SourceData_Livestock_Common_SymbolsMMS_Data(), Table_Data_MMSSymbols[[#Headers],[Symbol]], 0)} -> 14 | E27: {=Common_InputFunctions.Utility_DisplayArrayInTable(CommonLivestock_SourceData.SourceData_Livestock_Common_SymbolsMMS_Data(), Table_Data_MMSSymbols[[#Headers],[Symbol]], 0)} -> Pasture range and paddock | F27: {=Common_InputFunctions.Utility_DisplayArrayInTable(CommonLivestock_SourceData.SourceData_Livestock_Common_SymbolsMMS_Data(), Table_Data_MMSSymbols[[#Headers],[Symbol]], 0)} -> Pasture range and paddock (m=14)

Sheet Constants - Common
A1: #VALUE! | C1: Constants - Common
A3: =HYPERLINK("#'Home'!A1", "Home") -> Home
D5: {=Common_SourceData.Common_SourceData_AustralianStatesTerritories_Title()} -> Australian states and territories
A6: APPENDICES | D6: State/Territory | E6: Common Name | F6: Abbreviation
A7: =HYPERLINK("#'Constants - Common'!A1", "Constants - Common") -> Constants - Common | D7: {=Common_InputFunctions.Utility_DisplayArrayInTable(Common_SourceData.Common_SourceData_AustralianStatesTerritories_Data(),Table_AustralianStates[[#Headers],[State/Territory]],0)} -> New South Wales | E7: {=Common_InputFunctions.Utility_DisplayArrayInTable(Common_SourceData.Common_SourceData_AustralianStatesTerritories_Data(),Table_AustralianStates[[#Headers],[State/Territory]],0)} -> New South Wales | F7: {=Common_InputFunctions.Utility_DisplayArrayInTable(Common_SourceData.Common_SourceData_AustralianStatesTerritories_Data(),Table_AustralianStates[[#Headers],[State/Territory]],0)} -> NSW
A8: =HYPERLINK("#'Acknowledgements'!A1", "Acknowledgements") -> Acknowledgements | D8: {=Common_InputFunctions.Utility_DisplayArrayInTable(Common_SourceData.Common_SourceData_AustralianStatesTerritories_Data(),Table_AustralianStates[[#Headers],[State/Territory]],0)} -> Australian Capital Territory | E8: {=Common_InputFunctions.Utility_DisplayArrayInTable(Common_SourceData.Common_SourceData_AustralianStatesTerritories_Data(),Table_AustralianStates[[#Headers],[State/Territory]],0)} -> ACT | F8: {=Common_InputFunctions.Utility_DisplayArrayInTable(Common_SourceData.Common_SourceData_AustralianStatesTerritories_Data(),Table_AustralianStates[[#Headers],[State/Territory]],0)} -> ACT
D9: {=Common_InputFunctions.Utility_DisplayArrayInTable(Common_SourceData.Common_SourceData_AustralianStatesTerritories_Data(),Table_AustralianStates[[#Headers],[State/Territory]],0)} -> Victoria | E9: {=Common_InputFunctions.Utility_DisplayArrayInTable(Common_SourceData.Common_SourceData_AustralianStatesTerritories_Data(),Table_AustralianStates[[#Headers],[State/Territory]],0)} -> Victoria | F9: {=Common_InputFunctions.Utility_DisplayArrayInTable(Common_SourceData.Common_SourceData_AustralianStatesTerritories_Data(),Table_AustralianStates[[#Headers],[State/Territory]],0)} -> VIC
D10: {=Common_InputFunctions.Utility_DisplayArrayInTable(Common_SourceData.Common_SourceData_AustralianStatesTerritories_Data(),Table_AustralianStates[[#Headers],[State/Territory]],0)} -> Queensland | E10: {=Common_InputFunctions.Utility_DisplayArrayInTable(Common_SourceData.Common_SourceData_AustralianStatesTerritories_Data(),Table_AustralianStates[[#Headers],[State/Territory]],0)} -> Queensland | F10: {=Common_InputFunctions.Utility_DisplayArrayInTable(Common_SourceData.Common_SourceData_AustralianStatesTerritories_Data(),Table_AustralianStates[[#Headers],[State/Territory]],0)} -> QLD
D11: {=Common_InputFunctions.Utility_DisplayArrayInTable(Common_SourceData.Common_SourceData_AustralianStatesTerritories_Data(),Table_AustralianStates[[#Headers],[State/Territory]],0)} -> South Australia | E11: {=Common_InputFunctions.Utility_DisplayArrayInTable(Common_SourceData.Common_SourceData_AustralianStatesTerritories_Data(),Table_AustralianStates[[#Headers],[State/Territory]],0)} -> South Australia | F11: {=Common_InputFunctions.Utility_DisplayArrayInTable(Common_SourceData.Common_SourceData_AustralianStatesTerritories_Data(),Table_AustralianStates[[#Headers],[State/Territory]],0)} -> SA
D12: {=Common_InputFunctions.Utility_DisplayArrayInTable(Common_SourceData.Common_SourceData_AustralianStatesTerritories_Data(),Table_AustralianStates[[#Headers],[State/Territory]],0)} -> Western Australia | E12: {=Common_InputFunctions.Utility_DisplayArrayInTable(Common_SourceData.Common_SourceData_AustralianStatesTerritories_Data(),Table_AustralianStates[[#Headers],[State/Territory]],0)} -> Western Australia | F12: {=Common_InputFunctions.Utility_DisplayArrayInTable(Common_SourceData.Common_SourceData_AustralianStatesTerritories_Data(),Table_AustralianStates[[#Headers],[State/Territory]],0)} -> WA
D13: {=Common_InputFunctions.Utility_DisplayArrayInTable(Common_SourceData.Common_SourceData_AustralianStatesTerritories_Data(),Table_AustralianStates[[#Headers],[State/Territory]],0)} -> Tasmania | E13: {=Common_InputFunctions.Utility_DisplayArrayInTable(Common_SourceData.Common_SourceData_AustralianStatesTerritories_Data(),Table_AustralianStates[[#Headers],[State/Territory]],0)} -> Tasmania | F13: {=Common_InputFunctions.Utility_DisplayArrayInTable(Common_SourceData.Common_SourceData_AustralianStatesTerritories_Data(),Table_AustralianStates[[#Headers],[State/Territory]],0)} -> TAS
D14: {=Common_InputFunctions.Utility_DisplayArrayInTable(Common_SourceData.Common_SourceData_AustralianStatesTerritories_Data(),Table_AustralianStates[[#Headers],[State/Territory]],0)} -> Northern Territory | E14: {=Common_InputFunctions.Utility_DisplayArrayInTable(Common_SourceData.Common_SourceData_AustralianStatesTerritories_Data(),Table_AustralianStates[[#Headers],[State/Territory]],0)} -> Northern Territory | F14: {=Common_InputFunctions.Utility_DisplayArrayInTable(Common_SourceData.Common_SourceData_AustralianStatesTerritories_Data(),Table_AustralianStates[[#Headers],[State/Territory]],0)} -> NT
D18: {=Common_SourceData.Common_SourceData_WASA4Areas_Title()} -> ABS Statistcal Areas Level 4 - Western Australia
D19: {=Common_SourceData.Common_SourceData_WASA4Areas_Source()} -> Australian Bureau of Statistics (ABS) - Statistical Areas Level 2 - 2021 - Shapefile
D20: SA 4 Name
D21: {=Common_InputFunctions.Utility_DisplayArrayInTable(Common_SourceData.Common_SourceData_WASA4Areas_Data(), Table_WASA4Areas[[#Headers],[SA 4 Name]], 0)} -> Bunbury
D22: {=Common_InputFunctions.Utility_DisplayArrayInTable(Common_SourceData.Common_SourceData_WASA4Areas_Data(), Table_WASA4Areas[[#Headers],[SA 4 Name]], 0)} -> Mandurah
D23: {=Common_InputFunctions.Utility_DisplayArrayInTable(Common_SourceData.Common_SourceData_WASA4Areas_Data(), Table_WASA4Areas[[#Headers],[SA 4 Name]], 0)} -> Perth - Inner
D24: {=Common_InputFunctions.Utility_DisplayArrayInTable(Common_SourceData.Common_SourceData_WASA4Areas_Data(), Table_WASA4Areas[[#Headers],[SA 4 Name]], 0)} -> Perth - North East
D25: {=Common_InputFunctions.Utility_DisplayArrayInTable(Common_SourceData.Common_SourceData_WASA4Areas_Data(), Table_WASA4Areas[[#Headers],[SA 4 Name]], 0)} -> Perth - North West
D26: {=Common_InputFunctions.Utility_DisplayArrayInTable(Common_SourceData.Common_SourceData_WASA4Areas_Data(), Table_WASA4Areas[[#Headers],[SA 4 Name]], 0)} -> Perth - South East
D27: {=Common_InputFunctions.Utility_DisplayArrayInTable(Common_SourceData.Common_SourceData_WASA4Areas_Data(), Table_WASA4Areas[[#Headers],[SA 4 Name]], 0)} -> Perth - South West
D28: {=Common_InputFunctions.Utility_DisplayArrayInTable(Common_SourceData.Common_SourceData_WASA4Areas_Data(), Table_WASA4Areas[[#Headers],[SA 4 Name]], 0)} -> Western Australia - Wheat Belt
D29: {=Common_InputFunctions.Utility_DisplayArrayInTable(Common_SourceData.Common_SourceData_WASA4Areas_Data(), Table_WASA4Areas[[#Headers],[SA 4 Name]], 0)} -> Western Australia - Outback (North)
D30: {=Common_InputFunctions.Utility_DisplayArrayInTable(Common_SourceData.Common_SourceData_WASA4Areas_Data(), Table_WASA4Areas[[#Headers],[SA 4 Name]], 0)} -> Western Australia - Outback (South)
D34: {=Common_SourceData.Common_SourceData_GWP_Title()} -> Global warming potential for greenhouse gases
D35: {=Common_SourceData.Common_SourceData_GWP_Source()} -> XXXXXXX
D36: Gas | E36: CO2-e factor
D37: {=Common_InputFunctions.Utility_DisplayArrayInTable(Common_SourceData.Common_SourceData_GWP_Data(), Table_GWPData[[#Headers],[Gas]], 0)} -> CO2 | E37: {=Common_InputFunctions.Utility_DisplayArrayInTable(Common_SourceData.Common_SourceData_GWP_Data(), Table_GWPData[[#Headers],[Gas]], 0)} -> 1
D38: {=Common_InputFunctions.Utility_DisplayArrayInTable(Common_SourceData.Common_SourceData_GWP_Data(), Table_GWPData[[#Headers],[Gas]], 0)} -> CH4 | E38: {=Common_InputFunctions.Utility_DisplayArrayInTable(Common_SourceData.Common_SourceData_GWP_Data(), Table_GWPData[[#Headers],[Gas]], 0)} -> 28
D39: {=Common_InputFunctions.Utility_DisplayArrayInTable(Common_SourceData.Common_SourceData_GWP_Data(), Table_GWPData[[#Headers],[Gas]], 0)} -> N2O | E39: {=Common_InputFunctions.Utility_DisplayArrayInTable(Common_SourceData.Common_SourceData_GWP_Data(), Table_GWPData[[#Headers],[Gas]], 0)} -> 265
D40: {=Common_InputFunctions.Utility_DisplayArrayInTable(Common_SourceData.Common_SourceData_GWP_Data(), Table_GWPData[[#Headers],[Gas]], 0)} -> CF4 | E40: {=Common_InputFunctions.Utility_DisplayArrayInTable(Common_SourceData.Common_SourceData_GWP_Data(), Table_GWPData[[#Headers],[Gas]], 0)} -> 6630
D41: {=Common_InputFunctions.Utility_DisplayArrayInTable(Common_SourceData.Common_SourceData_GWP_Data(), Table_GWPData[[#Headers],[Gas]], 0)} -> C2F6 | E41: {=Common_InputFunctions.Utility_DisplayArrayInTable(Common_SourceData.Common_SourceData_GWP_Data(), Table_GWPData[[#Headers],[Gas]], 0)} -> 12200
D42: {=Common_InputFunctions.Utility_DisplayArrayInTable(Common_SourceData.Common_SourceData_GWP_Data(), Table_GWPData[[#Headers],[Gas]], 0)} -> SF6 | E42: {=Common_InputFunctions.Utility_DisplayArrayInTable(Common_SourceData.Common_SourceData_GWP_Data(), Table_GWPData[[#Headers],[Gas]], 0)} -> 22800
D43: {=Common_InputFunctions.Utility_DisplayArrayInTable(Common_SourceData.Common_SourceData_GWP_Data(), Table_GWPData[[#Headers],[Gas]], 0)} -> NF3 | E43: {=Common_InputFunctions.Utility_DisplayArrayInTable(Common_SourceData.Common_SourceData_GWP_Data(), Table_GWPData[[#Headers],[Gas]], 0)} -> 17200
D45: {=Common_SourceData.Common_SourceData_ConvertGasElementalToMolecular_Title()} -> Factor to convert elemental mass of gas to molecular mass
D46: {=Common_SourceData.Common_SourceData_ConvertGasElementalToMolecular_Source()} -> XXXXXXX
D47: Gas | E47: Conversion factor | F47: Conversion factor 1 | G47: Conversion factor 2 | H47: Conversion factor combined
D48: {=Common_InputFunctions.Utility_DisplayArrayInTable(Common_SourceData.Common_SourceData_ConvertGasElementalToMolecular_Data(),Table_GasToMolecularConversionFactor[[#Headers],[Gas]], 0)} -> CO2 | E48: {=Common_InputFunctions.Utility_DisplayArrayInTable(Common_SourceData.Common_SourceData_ConvertGasElementalToMolecular_Data(),Table_GasToMolecularConversionFactor[[#Headers],[Gas]], 0)} -> 44/12 | F48: {=Common_InputFunctions.Utility_DisplayArrayInTable(Common_SourceData.Common_SourceData_ConvertGasElementalToMolecular_Data(),Table_GasToMolecularConversionFactor[[#Headers],[Gas]], 0)} -> 44 | G48: {=Common_InputFunctions.Utility_DisplayArrayInTable(Common_SourceData.Common_SourceData_ConvertGasElementalToMolecular_Data(),Table_GasToMolecularConversionFactor[[#Headers],[Gas]], 0)} -> 12 | H48: =Table_GasToMolecularConversionFactor[[#This Row],[Conversion factor 1]]/Table_GasToMolecularConversionFactor[[#This Row],[Conversion factor 2]] -> 3.6666667
D49: {=Common_InputFunctions.Utility_DisplayArrayInTable(Common_SourceData.Common_SourceData_ConvertGasElementalToMolecular_Data(),Table_GasToMolecularConversionFactor[[#Headers],[Gas]], 0)} -> CH4 | E49: {=Common_InputFunctions.Utility_DisplayArrayInTable(Common_SourceData.Common_SourceData_ConvertGasElementalToMolecular_Data(),Table_GasToMolecularConversionFactor[[#Headers],[Gas]], 0)} -> 16/12 | F49: {=Common_InputFunctions.Utility_DisplayArrayInTable(Common_SourceData.Common_SourceData_ConvertGasElementalToMolecular_Data(),Table_GasToMolecularConversionFactor[[#Headers],[Gas]], 0)} -> 16 | G49: {=Common_InputFunctions.Utility_DisplayArrayInTable(Common_SourceData.Common_SourceData_ConvertGasElementalToMolecular_Data(),Table_GasToMolecularConversionFactor[[#Headers],[Gas]], 0)} -> 12 | H49: =Table_GasToMolecularConversionFactor[[#This Row],[Conversion factor 1]]/Table_GasToMolecularConversionFactor[[#This Row],[Conversion factor 2]] -> 1.3333333
D50: {=Common_InputFunctions.Utility_DisplayArrayInTable(Common_SourceData.Common_SourceData_ConvertGasElementalToMolecular_Data(),Table_GasToMolecularConversionFactor[[#Headers],[Gas]], 0)} -> N2O | E50: {=Common_InputFunctions.Utility_DisplayArrayInTable(Common_SourceData.Common_SourceData_ConvertGasElementalToMolecular_Data(),Table_GasToMolecularConversionFactor[[#Headers],[Gas]], 0)} -> 44/28 | F50: {=Common_InputFunctions.Utility_DisplayArrayInTable(Common_SourceData.Common_SourceData_ConvertGasElementalToMolecular_Data(),Table_GasToMolecularConversionFactor[[#Headers],[Gas]], 0)} -> 44 | G50: {=Common_InputFunctions.Utility_DisplayArrayInTable(Common_SourceData.Common_SourceData_ConvertGasElementalToMolecular_Data(),Table_GasToMolecularConversionFactor[[#Headers],[Gas]], 0)} -> 28 | H50: =Table_GasToMolecularConversionFactor[[#This Row],[Conversion factor 1]]/Table_GasToMolecularConversionFactor[[#This Row],[Conversion factor 2]] -> 1.5714286
D51: {=Common_InputFunctions.Utility_DisplayArrayInTable(Common_SourceData.Common_SourceData_ConvertGasElementalToMolecular_Data(),Table_GasToMolecularConversionFactor[[#Headers],[Gas]], 0)} -> Nox | E51: {=Common_InputFunctions.Utility_DisplayArrayInTable(Common_SourceData.Common_SourceData_ConvertGasElementalToMolecular_Data(),Table_GasToMolecularConversionFactor[[#Headers],[Gas]], 0)} -> 46/14 | F51: {=Common_InputFunctions.Utility_DisplayArrayInTable(Common_SourceData.Common_SourceData_ConvertGasElementalToMolecular_Data(),Table_GasToMolecularConversionFactor[[#Headers],[Gas]], 0)} -> 46 | G51: {=Common_InputFunctions.Utility_DisplayArrayInTable(Common_SourceData.Common_SourceData_ConvertGasElementalToMolecular_Data(),Table_GasToMolecularConversionFactor[[#Headers],[Gas]], 0)} -> 14 | H51: =Table_GasToMolecularConversionFactor[[#This Row],[Conversion factor 1]]/Table_GasToMolecularConversionFactor[[#This Row],[Conversion factor 2]] -> 3.2857143
D52: {=Common_InputFunctions.Utility_DisplayArrayInTable(Common_SourceData.Common_SourceData_ConvertGasElementalToMolecular_Data(),Table_GasToMolecularConversionFactor[[#Headers],[Gas]], 0)} -> CO | E52: {=Common_InputFunctions.Utility_DisplayArrayInTable(Common_SourceData.Common_SourceData_ConvertGasElementalToMolecular_Data(),Table_GasToMolecularConversionFactor[[#Headers],[Gas]], 0)} -> 28/12 | F52: {=Common_InputFunctions.Utility_DisplayArrayInTable(Common_SourceData.Common_SourceData_ConvertGasElementalToMolecular_Data(),Table_GasToMolecularConversionFactor[[#Headers],[Gas]], 0)} -> 28 | G52: {=Common_InputFunctions.Utility_DisplayArrayInTable(Common_SourceData.Common_SourceData_ConvertGasElementalToMolecular_Data(),Table_GasToMolecularConversionFactor[[#Headers],[Gas]], 0)} -> 12 | H52: =Table_GasToMolecularConversionFactor[[#This Row],[Conversion factor 1]]/Table_GasToMolecularConversionFactor[[#This Row],[Conversion factor 2]] -> 2.3333333
D53: {=Common_InputFunctions.Utility_DisplayArrayInTable(Common_SourceData.Common_SourceData_ConvertGasElementalToMolecular_Data(),Table_GasToMolecularConversionFactor[[#Headers],[Gas]], 0)} -> CO2 Lime | E53: {=Common_InputFunctions.Utility_DisplayArrayInTable(Common_SourceData.Common_SourceData_ConvertGasElementalToMolecular_Data(),Table_GasToMolecularConversionFactor[[#Headers],[Gas]], 0)} -> 44/12 | F53: {=Common_InputFunctions.Utility_DisplayArrayInTable(Common_SourceData.Common_SourceData_ConvertGasElementalToMolecular_Data(),Table_GasToMolecularConversionFactor[[#Headers],[Gas]], 0)} -> 44 | G53: {=Common_InputFunctions.Utility_DisplayArrayInTable(Common_SourceData.Common_SourceData_ConvertGasElementalToMolecular_Data(),Table_GasToMolecularConversionFactor[[#Headers],[Gas]], 0)} -> 12 | H53: =Table_GasToMolecularConversionFactor[[#This Row],[Conversion factor 1]]/Table_GasToMolecularConversionFactor[[#This Row],[Conversion factor 2]] -> 3.6666667
D54: {=Common_InputFunctions.Utility_DisplayArrayInTable(Common_SourceData.Common_SourceData_ConvertGasElementalToMolecular_Data(),Table_GasToMolecularConversionFactor[[#Headers],[Gas]], 0)} -> NMVOC | E54: {=Common_InputFunctions.Utility_DisplayArrayInTable(Common_SourceData.Common_SourceData_ConvertGasElementalToMolecular_Data(),Table_GasToMolecularConversionFactor[[#Headers],[Gas]], 0)} -> 14/12 | F54: {=Common_InputFunctions.Utility_DisplayArrayInTable(Common_SourceData.Common_SourceData_ConvertGasElementalToMolecular_Data(),Table_GasToMolecularConversionFactor[[#Headers],[Gas]], 0)} -> 14 | G54: {=Common_InputFunctions.Utility_DisplayArrayInTable(Common_SourceData.Common_SourceData_ConvertGasElementalToMolecular_Data(),Table_GasToMolecularConversionFactor[[#Headers],[Gas]], 0)} -> 12 | H54: =Table_GasToMolecularConversionFactor[[#This Row],[Conversion factor 1]]/Table_GasToMolecularConversionFactor[[#This Row],[Conversion factor 2]] -> 1.1666667
D57: {=Common_SourceData.Common_SourceData_WetAndDryZones_Title()} -> VEERG Australian wet and dry zones
D58: {=Common_SourceData.Common_SourceData_WetAndDryZones_Source()} -> VEERG 2026: Table 1.2: Translating climate zones to wet and dry zones
D59: {="⚠️" & Common_SourceData.Common_SourceData_WetAndDryZones_Variation()} -> ⚠️VARIATION OF SOURCE DATA:
D60: ⚠️Added warm / cool temperate moist / dry - low frost and high temp classes to accommodate climate scenarios excluded by VEERG criteria.
D61: ⚠️Fixed typo - Changed 'Fry' to 'Dry'.
D63: Climate zone | E63: Wet or Dry Zone
D64: {=Common_InputFunctions.Utility_DisplayArrayInTable(Common_SourceData.Common_SourceData_WetAndDryZones_Data(), Table_SourceData_WetDryZones[[#Headers],[Climate zone]], 0)} -> Tropical montane | E64: {=Common_InputFunctions.Utility_DisplayArrayInTable(Common_SourceData.Common_SourceData_WetAndDryZones_Data(), Table_SourceData_WetDryZones[[#Headers],[Climate zone]], 0)} -> Wet climate zone
D65: {=Common_InputFunctions.Utility_DisplayArrayInTable(Common_SourceData.Common_SourceData_WetAndDryZones_Data(), Table_SourceData_WetDryZones[[#Headers],[Climate zone]], 0)} -> Tropical wet | E65: {=Common_InputFunctions.Utility_DisplayArrayInTable(Common_SourceData.Common_SourceData_WetAndDryZones_Data(), Table_SourceData_WetDryZones[[#Headers],[Climate zone]], 0)} -> Wet climate zone
D66: {=Common_InputFunctions.Utility_DisplayArrayInTable(Common_SourceData.Common_SourceData_WetAndDryZones_Data(), Table_SourceData_WetDryZones[[#Headers],[Climate zone]], 0)} -> Tropical moist | E66: {=Common_InputFunctions.Utility_DisplayArrayInTable(Common_SourceData.Common_SourceData_WetAndDryZones_Data(), Table_SourceData_WetDryZones[[#Headers],[Climate zone]], 0)} -> Wet climate zone
D67: {=Common_InputFunctions.Utility_DisplayArrayInTable(Common_SourceData.Common_SourceData_WetAndDryZones_Data(), Table_SourceData_WetDryZones[[#Headers],[Climate zone]], 0)} -> Tropical dry | E67: {=Common_InputFunctions.Utility_DisplayArrayInTable(Common_SourceData.Common_SourceData_WetAndDryZones_Data(), Table_SourceData_WetDryZones[[#Headers],[Climate zone]], 0)} -> Dry climate zone
D68: {=Common_InputFunctions.Utility_DisplayArrayInTable(Common_SourceData.Common_SourceData_WetAndDryZones_Data(), Table_SourceData_WetDryZones[[#Headers],[Climate zone]], 0)} -> Warm temperate moist | E68: {=Common_InputFunctions.Utility_DisplayArrayInTable(Common_SourceData.Common_SourceData_WetAndDryZones_Data(), Table_SourceData_WetDryZones[[#Headers],[Climate zone]], 0)} -> Wet climate zone
D69: {=Common_InputFunctions.Utility_DisplayArrayInTable(Common_SourceData.Common_SourceData_WetAndDryZones_Data(), Table_SourceData_WetDryZones[[#Headers],[Climate zone]], 0)} -> Warm temperate dry | E69: {=Common_InputFunctions.Utility_DisplayArrayInTable(Common_SourceData.Common_SourceData_WetAndDryZones_Data(), Table_SourceData_WetDryZones[[#Headers],[Climate zone]], 0)} -> Dry climate zone
D70: {=Common_InputFunctions.Utility_DisplayArrayInTable(Common_SourceData.Common_SourceData_WetAndDryZones_Data(), Table_SourceData_WetDryZones[[#Headers],[Climate zone]], 0)} -> Cool temperate moist | E70: {=Common_InputFunctions.Utility_DisplayArrayInTable(Common_SourceData.Common_SourceData_WetAndDryZones_Data(), Table_SourceData_WetDryZones[[#Headers],[Climate zone]], 0)} -> Wet climate zone
D71: {=Common_InputFunctions.Utility_DisplayArrayInTable(Common_SourceData.Common_SourceData_WetAndDryZones_Data(), Table_SourceData_WetDryZones[[#Headers],[Climate zone]], 0)} -> Cool temperate dry | E71: {=Common_InputFunctions.Utility_DisplayArrayInTable(Common_SourceData.Common_SourceData_WetAndDryZones_Data(), Table_SourceData_WetDryZones[[#Headers],[Climate zone]], 0)} -> Dry climate zone
D72: {=Common_InputFunctions.Utility_DisplayArrayInTable(Common_SourceData.Common_SourceData_WetAndDryZones_Data(), Table_SourceData_WetDryZones[[#Headers],[Climate zone]], 0)} -> Warm temperate moist - low frost | E72: {=Common_InputFunctions.Utility_DisplayArrayInTable(Common_SourceData.Common_SourceData_WetAndDryZones_Data(), Table_SourceData_WetDryZones[[#Headers],[Climate zone]], 0)} -> Wet climate zone
D73: {=Common_InputFunctions.Utility_DisplayArrayInTable(Common_SourceData.Common_SourceData_WetAndDryZones_Data(), Table_SourceData_WetDryZones[[#Headers],[Climate zone]], 0)} -> Warm temperate dry - low frost | E73: {=Common_InputFunctions.Utility_DisplayArrayInTable(Common_SourceData.Common_SourceData_WetAndDryZones_Data(), Table_SourceData_WetDryZones[[#Headers],[Climate zone]], 0)} -> Dry climate zone
D74: {=Common_InputFunctions.Utility_DisplayArrayInTable(Common_SourceData.Common_SourceData_WetAndDryZones_Data(), Table_SourceData_WetDryZones[[#Headers],[Climate zone]], 0)} -> Warm temperate moist - high temp | E74: {=Common_InputFunctions.Utility_DisplayArrayInTable(Common_SourceData.Common_SourceData_WetAndDryZones_Data(), Table_SourceData_WetDryZones[[#Headers],[Climate zone]], 0)} -> Wet climate zone
D75: {=Common_InputFunctions.Utility_DisplayArrayInTable(Common_SourceData.Common_SourceData_WetAndDryZones_Data(), Table_SourceData_WetDryZones[[#Headers],[Climate zone]], 0)} -> Warm temperate dry - high temp | E75: {=Common_InputFunctions.Utility_DisplayArrayInTable(Common_SourceData.Common_SourceData_WetAndDryZones_Data(), Table_SourceData_WetDryZones[[#Headers],[Climate zone]], 0)} -> Dry climate zone
... D77: {=Common_InputFunctions.Utility_DisplayArrayInTable(Common_SourceData.Common_SourceData_WetAndDryZones_Data(), Table_SourceData_WetDryZones[[#Headers],[Climate zone]], 0)} -> Cool temperate dry - low frost | E77: {=Common_InputFunctions.Utility_DisplayArrayInTable(Common_SourceData.Common_SourceData_WetAndDryZones_Data(), Table_SourceData_WetDryZones[[#Headers],[Climate zone]], 0)} -> Dry climate zone
D81: {=Common_SourceData.Common_SourceData_ClimateZones_Title()} -> VEERG Australian climate zones
D82: {=Common_SourceData.Common_SourceData_ClimateZones_Source()} -> VEERG 2026: Table 1.3: Climate and Rainfall zone classifications and definitions
D83: {="⚠️" & Common_SourceData.Common_SourceData_ClimateZones_Variation()} -> ⚠️VARIATION OF SOURCE DATA:
D84: ⚠️Added warm / cool temperate moist / dry - low frost and high temp classes to accommodate climate scenarios excluded by VEERG criteria.
D85: ⚠️Fixed typo in MAT value for warm temperate dry - changed 10 to 11.
D86: ⚠️Added min and max columns for MAT, MAP, frost days per year, elevation, MAP:PET to calculate zones from real climate data.
D87: ⚠️GAF accepts rainfall as a proxy for precipitation.
D89: Climate zone | E89: MAT | F89: MAP | G89: Frost days per year | H89: Elevation | I89: MAP:PET | J89: Min temp | K89: Max temp | L89: Min rainfall | M89: Max rainfall | N89: Min frost days | O89: Max frost days | P89: Min elevation | Q89: Max elevation | R89: Min MAP:PET | S89: Max MAP:PET
D90: {=Common_InputFunctions.Utility_DisplayArrayInTable(Common_SourceData.Common_SourceData_ClimateZones_Data(), Table_SourceData_ClimateZones[[#Headers],[Climate zone]], 0)} -> Tropical montane | E90: {=Common_InputFunctions.Utility_DisplayArrayInTable(Common_SourceData.Common_SourceData_ClimateZones_Data(), Table_SourceData_ClimateZones[[#Headers],[Climate zone]], 0)} -> > 18 C | F90: {=Common_InputFunctions.Utility_DisplayArrayInTable(Common_SourceData.Common_SourceData_ClimateZones_Data(), Table_SourceData_ClimateZones[[#Headers],[Climate zone]], 0)} -> Any | G90: {=Common_InputFunctions.Utility_DisplayArrayInTable(Common_SourceData.Common_SourceData_ClimateZones_Data(), Table_SourceData_ClimateZones[[#Headers],[Climate zone]], 0)} -> ≤ 7 | H90: {=Common_InputFunctions.Utility_DisplayArrayInTable(Common_SourceData.Common_SourceData_ClimateZones_Data(), Table_SourceData_ClimateZones[[#Headers],[Climate zone]], 0)} -> > 1000 m | I90: {=Common_InputFunctions.Utility_DisplayArrayInTable(Common_SourceData.Common_SourceData_ClimateZones_Data(), Table_SourceData_ClimateZones[[#Headers],[Climate zone]], 0)} -> Any | J90: {=Common_InputFunctions.Utility_DisplayArrayInTable(Common_SourceData.Common_SourceData_ClimateZones_Data(), Table_SourceData_ClimateZones[[#Headers],[Climate zone]], 0)} -> 18.001 | K90: {=Common_InputFunctions.Utility_DisplayArrayInTable(Common_SourceData.Common_SourceData_ClimateZones_Data(), Table_SourceData_ClimateZones[[#Headers],[Climate zone]], 0)} -> 999999 | ... S90: {=Common_InputFunctions.Utility_DisplayArrayInTable(Common_SourceData.Common_SourceData_ClimateZones_Data(), Table_SourceData_ClimateZones[[#Headers],[Climate zone]], 0)} -> 999999
D91: {=Common_InputFunctions.Utility_DisplayArrayInTable(Common_SourceData.Common_SourceData_ClimateZones_Data(), Table_SourceData_ClimateZones[[#Headers],[Climate zone]], 0)} -> Tropical wet | E91: {=Common_InputFunctions.Utility_DisplayArrayInTable(Common_SourceData.Common_SourceData_ClimateZones_Data(), Table_SourceData_ClimateZones[[#Headers],[Climate zone]], 0)} -> > 18 C | F91: {=Common_InputFunctions.Utility_DisplayArrayInTable(Common_SourceData.Common_SourceData_ClimateZones_Data(), Table_SourceData_ClimateZones[[#Headers],[Climate zone]], 0)} -> > 2000 mm | G91: {=Common_InputFunctions.Utility_DisplayArrayInTable(Common_SourceData.Common_SourceData_ClimateZones_Data(), Table_SourceData_ClimateZones[[#Headers],[Climate zone]], 0)} -> ≤ 7 | H91: {=Common_InputFunctions.Utility_DisplayArrayInTable(Common_SourceData.Common_SourceData_ClimateZones_Data(), Table_SourceData_ClimateZones[[#Headers],[Climate zone]], 0)} -> ≤ 1000 m | I91: {=Common_InputFunctions.Utility_DisplayArrayInTable(Common_SourceData.Common_SourceData_ClimateZones_Data(), Table_SourceData_ClimateZones[[#Headers],[Climate zone]], 0)} -> Any | J91: {=Common_InputFunctions.Utility_DisplayArrayInTable(Common_SourceData.Common_SourceData_ClimateZones_Data(), Table_SourceData_ClimateZones[[#Headers],[Climate zone]], 0)} -> 18.001 | K91: {=Common_InputFunctions.Utility_DisplayArrayInTable(Common_SourceData.Common_SourceData_ClimateZones_Data(), Table_SourceData_ClimateZones[[#Headers],[Climate zone]], 0)} -> 999999 | ... S91: {=Common_InputFunctions.Utility_DisplayArrayInTable(Common_SourceData.Common_SourceData_ClimateZones_Data(), Table_SourceData_ClimateZones[[#Headers],[Climate zone]], 0)} -> 999999
D92: {=Common_InputFunctions.Utility_DisplayArrayInTable(Common_SourceData.Common_SourceData_ClimateZones_Data(), Table_SourceData_ClimateZones[[#Headers],[Climate zone]], 0)} -> Tropical moist | E92: {=Common_InputFunctions.Utility_DisplayArrayInTable(Common_SourceData.Common_SourceData_ClimateZones_Data(), Table_SourceData_ClimateZones[[#Headers],[Climate zone]], 0)} -> > 18 C | F92: {=Common_InputFunctions.Utility_DisplayArrayInTable(Common_SourceData.Common_SourceData_ClimateZones_Data(), Table_SourceData_ClimateZones[[#Headers],[Climate zone]], 0)} -> > 1000 mm - ≤ 2000 mm | G92: {=Common_InputFunctions.Utility_DisplayArrayInTable(Common_SourceData.Common_SourceData_ClimateZones_Data(), Table_SourceData_ClimateZones[[#Headers],[Climate zone]], 0)} -> ≤ 7 | H92: {=Common_InputFunctions.Utility_DisplayArrayInTable(Common_SourceData.Common_SourceData_ClimateZones_Data(), Table_SourceData_ClimateZones[[#Headers],[Climate zone]], 0)} -> ≤ 1000 m | I92: {=Common_InputFunctions.Utility_DisplayArrayInTable(Common_SourceData.Common_SourceData_ClimateZones_Data(), Table_SourceData_ClimateZones[[#Headers],[Climate zone]], 0)} -> Any | J92: {=Common_InputFunctions.Utility_DisplayArrayInTable(Common_SourceData.Common_SourceData_ClimateZones_Data(), Table_SourceData_ClimateZones[[#Headers],[Climate zone]], 0)} -> 18.001 | K92: {=Common_InputFunctions.Utility_DisplayArrayInTable(Common_SourceData.Common_SourceData_ClimateZones_Data(), Table_SourceData_ClimateZones[[#Headers],[Climate zone]], 0)} -> 999999 | ... S92: {=Common_InputFunctions.Utility_DisplayArrayInTable(Common_SourceData.Common_SourceData_ClimateZones_Data(), Table_SourceData_ClimateZones[[#Headers],[Climate zone]], 0)} -> 999999
D93: {=Common_InputFunctions.Utility_DisplayArrayInTable(Common_SourceData.Common_SourceData_ClimateZones_Data(), Table_SourceData_ClimateZones[[#Headers],[Climate zone]], 0)} -> Tropical dry | E93: {=Common_InputFunctions.Utility_DisplayArrayInTable(Common_SourceData.Common_SourceData_ClimateZones_Data(), Table_SourceData_ClimateZones[[#Headers],[Climate zone]], 0)} -> > 18 C | F93: {=Common_InputFunctions.Utility_DisplayArrayInTable(Common_SourceData.Common_SourceData_ClimateZones_Data(), Table_SourceData_ClimateZones[[#Headers],[Climate zone]], 0)} -> ≤ 1000 mm | G93: {=Common_InputFunctions.Utility_DisplayArrayInTable(Common_SourceData.Common_SourceData_ClimateZones_Data(), Table_SourceData_ClimateZones[[#Headers],[Climate zone]], 0)} -> ≤ 7 | H93: {=Common_InputFunctions.Utility_DisplayArrayInTable(Common_SourceData.Common_SourceData_ClimateZones_Data(), Table_SourceData_ClimateZones[[#Headers],[Climate zone]], 0)} -> ≤ 1000 m | I93: {=Common_InputFunctions.Utility_DisplayArrayInTable(Common_SourceData.Common_SourceData_ClimateZones_Data(), Table_SourceData_ClimateZones[[#Headers],[Climate zone]], 0)} -> Any | J93: {=Common_InputFunctions.Utility_DisplayArrayInTable(Common_SourceData.Common_SourceData_ClimateZones_Data(), Table_SourceData_ClimateZones[[#Headers],[Climate zone]], 0)} -> 18.001 | K93: {=Common_InputFunctions.Utility_DisplayArrayInTable(Common_SourceData.Common_SourceData_ClimateZones_Data(), Table_SourceData_ClimateZones[[#Headers],[Climate zone]], 0)} -> 999999 | ... S93: {=Common_InputFunctions.Utility_DisplayArrayInTable(Common_SourceData.Common_SourceData_ClimateZones_Data(), Table_SourceData_ClimateZones[[#Headers],[Climate zone]], 0)} -> 999999
D94: {=Common_InputFunctions.Utility_DisplayArrayInTable(Common_SourceData.Common_SourceData_ClimateZones_Data(), Table_SourceData_ClimateZones[[#Headers],[Climate zone]], 0)} -> Warm temperate moist | E94: {=Common_InputFunctions.Utility_DisplayArrayInTable(Common_SourceData.Common_SourceData_ClimateZones_Data(), Table_SourceData_ClimateZones[[#Headers],[Climate zone]], 0)} -> > 10 C | F94: {=Common_InputFunctions.Utility_DisplayArrayInTable(Common_SourceData.Common_SourceData_ClimateZones_Data(), Table_SourceData_ClimateZones[[#Headers],[Climate zone]], 0)} -> Any | G94: {=Common_InputFunctions.Utility_DisplayArrayInTable(Common_SourceData.Common_SourceData_ClimateZones_Data(), Table_SourceData_ClimateZones[[#Headers],[Climate zone]], 0)} -> Any | H94: {=Common_InputFunctions.Utility_DisplayArrayInTable(Common_SourceData.Common_SourceData_ClimateZones_Data(), Table_SourceData_ClimateZones[[#Headers],[Climate zone]], 0)} -> Any | I94: {=Common_InputFunctions.Utility_DisplayArrayInTable(Common_SourceData.Common_SourceData_ClimateZones_Data(), Table_SourceData_ClimateZones[[#Headers],[Climate zone]], 0)} -> > 1 | J94: {=Common_InputFunctions.Utility_DisplayArrayInTable(Common_SourceData.Common_SourceData_ClimateZones_Data(), Table_SourceData_ClimateZones[[#Headers],[Climate zone]], 0)} -> 10.001 | K94: {=Common_InputFunctions.Utility_DisplayArrayInTable(Common_SourceData.Common_SourceData_ClimateZones_Data(), Table_SourceData_ClimateZones[[#Headers],[Climate zone]], 0)} -> 999999 | ... S94: {=Common_InputFunctions.Utility_DisplayArrayInTable(Common_SourceData.Common_SourceData_ClimateZones_Data(), Table_SourceData_ClimateZones[[#Headers],[Climate zone]], 0)} -> 999999
D95: {=Common_InputFunctions.Utility_DisplayArrayInTable(Common_SourceData.Common_SourceData_ClimateZones_Data(), Table_SourceData_ClimateZones[[#Headers],[Climate zone]], 0)} -> Warm temperate dry | E95: {=Common_InputFunctions.Utility_DisplayArrayInTable(Common_SourceData.Common_SourceData_ClimateZones_Data(), Table_SourceData_ClimateZones[[#Headers],[Climate zone]], 0)} -> > 10 C | F95: {=Common_InputFunctions.Utility_DisplayArrayInTable(Common_SourceData.Common_SourceData_ClimateZones_Data(), Table_SourceData_ClimateZones[[#Headers],[Climate zone]], 0)} -> Any | G95: {=Common_InputFunctions.Utility_DisplayArrayInTable(Common_SourceData.Common_SourceData_ClimateZones_Data(), Table_SourceData_ClimateZones[[#Headers],[Climate zone]], 0)} -> Any | H95: {=Common_InputFunctions.Utility_DisplayArrayInTable(Common_SourceData.Common_SourceData_ClimateZones_Data(), Table_SourceData_ClimateZones[[#Headers],[Climate zone]], 0)} -> Any | I95: {=Common_InputFunctions.Utility_DisplayArrayInTable(Common_SourceData.Common_SourceData_ClimateZones_Data(), Table_SourceData_ClimateZones[[#Headers],[Climate zone]], 0)} -> ≤ 1 | J95: {=Common_InputFunctions.Utility_DisplayArrayInTable(Common_SourceData.Common_SourceData_ClimateZones_Data(), Table_SourceData_ClimateZones[[#Headers],[Climate zone]], 0)} -> 10.001 | K95: {=Common_InputFunctions.Utility_DisplayArrayInTable(Common_SourceData.Common_SourceData_ClimateZones_Data(), Table_SourceData_ClimateZones[[#Headers],[Climate zone]], 0)} -> 999999 | ... S95: {=Common_InputFunctions.Utility_DisplayArrayInTable(Common_SourceData.Common_SourceData_ClimateZones_Data(), Table_SourceData_ClimateZones[[#Headers],[Climate zone]], 0)} -> 1
D96: {=Common_InputFunctions.Utility_DisplayArrayInTable(Common_SourceData.Common_SourceData_ClimateZones_Data(), Table_SourceData_ClimateZones[[#Headers],[Climate zone]], 0)} -> Cool temperate moist | E96: {=Common_InputFunctions.Utility_DisplayArrayInTable(Common_SourceData.Common_SourceData_ClimateZones_Data(), Table_SourceData_ClimateZones[[#Headers],[Climate zone]], 0)} -> > 0 C - ≤ 10 C | F96: {=Common_InputFunctions.Utility_DisplayArrayInTable(Common_SourceData.Common_SourceData_ClimateZones_Data(), Table_SourceData_ClimateZones[[#Headers],[Climate zone]], 0)} -> Any | G96: {=Common_InputFunctions.Utility_DisplayArrayInTable(Common_SourceData.Common_SourceData_ClimateZones_Data(), Table_SourceData_ClimateZones[[#Headers],[Climate zone]], 0)} -> Any | H96: {=Common_InputFunctions.Utility_DisplayArrayInTable(Common_SourceData.Common_SourceData_ClimateZones_Data(), Table_SourceData_ClimateZones[[#Headers],[Climate zone]], 0)} -> Any | I96: {=Common_InputFunctions.Utility_DisplayArrayInTable(Common_SourceData.Common_SourceData_ClimateZones_Data(), Table_SourceData_ClimateZones[[#Headers],[Climate zone]], 0)} -> > 1 | J96: {=Common_InputFunctions.Utility_DisplayArrayInTable(Common_SourceData.Common_SourceData_ClimateZones_Data(), Table_SourceData_ClimateZones[[#Headers],[Climate zone]], 0)} -> -999999 | K96: {=Common_InputFunctions.Utility_DisplayArrayInTable(Common_SourceData.Common_SourceData_ClimateZones_Data(), Table_SourceData_ClimateZones[[#Headers],[Climate zone]], 0)} -> 10 | ... S96: {=Common_InputFunctions.Utility_DisplayArrayInTable(Common_SourceData.Common_SourceData_ClimateZones_Data(), Table_SourceData_ClimateZones[[#Headers],[Climate zone]], 0)} -> 999999
D97: {=Common_InputFunctions.Utility_DisplayArrayInTable(Common_SourceData.Common_SourceData_ClimateZones_Data(), Table_SourceData_ClimateZones[[#Headers],[Climate zone]], 0)} -> Cool temperate dry | E97: {=Common_InputFunctions.Utility_DisplayArrayInTable(Common_SourceData.Common_SourceData_ClimateZones_Data(), Table_SourceData_ClimateZones[[#Headers],[Climate zone]], 0)} -> > 0 C - ≤ 10 C | F97: {=Common_InputFunctions.Utility_DisplayArrayInTable(Common_SourceData.Common_SourceData_ClimateZones_Data(), Table_SourceData_ClimateZones[[#Headers],[Climate zone]], 0)} -> Any | G97: {=Common_InputFunctions.Utility_DisplayArrayInTable(Common_SourceData.Common_SourceData_ClimateZones_Data(), Table_SourceData_ClimateZones[[#Headers],[Climate zone]], 0)} -> Any | H97: {=Common_InputFunctions.Utility_DisplayArrayInTable(Common_SourceData.Common_SourceData_ClimateZones_Data(), Table_SourceData_ClimateZones[[#Headers],[Climate zone]], 0)} -> Any | I97: {=Common_InputFunctions.Utility_DisplayArrayInTable(Common_SourceData.Common_SourceData_ClimateZones_Data(), Table_SourceData_ClimateZones[[#Headers],[Climate zone]], 0)} -> ≤ 1 | J97: {=Common_InputFunctions.Utility_DisplayArrayInTable(Common_SourceData.Common_SourceData_ClimateZones_Data(), Table_SourceData_ClimateZones[[#Headers],[Climate zone]], 0)} -> -999999 | K97: {=Common_InputFunctions.Utility_DisplayArrayInTable(Common_SourceData.Common_SourceData_ClimateZones_Data(), Table_SourceData_ClimateZones[[#Headers],[Climate zone]], 0)} -> 10 | ... S97: {=Common_InputFunctions.Utility_DisplayArrayInTable(Common_SourceData.Common_SourceData_ClimateZones_Data(), Table_SourceData_ClimateZones[[#Headers],[Climate zone]], 0)} -> 1
D99: {=Common_SourceData.Common_SourceData_ClimateZones_Appendices()} -> Note:
D100: MAT = mean annual temperature
D101: MAP = mean annual precipitation
D102: PET = potential evapotranspiration
D105: {=Common_SourceData.Common_SourceData_TemperatureZones_Title()} -> VEERG Australian temperature zones
D106: {=Common_SourceData.Common_SourceData_TemperatureZones_Source()} -> VEERG 2026: Table 1.3: Climate and Rainfall zone classifications and definitions
D107: {="⚠️" & Common_SourceData.Common_SourceData_TemperatureZones_Variation()} -> ⚠️VARIATION OF SOURCE DATA: Added extra MAT min and MAT max columns to calculate zone from real temperature data.
D109: Temperature Zone | E109: MAT | F109: Min MAT | G109: Max MAT
D110: {=Common_InputFunctions.Utility_DisplayArrayInTable(Common_SourceData.Common_SourceData_TemperatureZones_Data(),Table_SourceData_TemperatureZones[[#Headers],[Temperature Zone]],0)} -> Warm | E110: {=Common_InputFunctions.Utility_DisplayArrayInTable(Common_SourceData.Common_SourceData_TemperatureZones_Data(),Table_SourceData_TemperatureZones[[#Headers],[Temperature Zone]],0)} -> ≥ 26 C | F110: {=Common_InputFunctions.Utility_DisplayArrayInTable(Common_SourceData.Common_SourceData_TemperatureZones_Data(),Table_SourceData_TemperatureZones[[#Headers],[Temperature Zone]],0)} -> 26 | G110: {=Common_InputFunctions.Utility_DisplayArrayInTable(Common_SourceData.Common_SourceData_TemperatureZones_Data(),Table_SourceData_TemperatureZones[[#Headers],[Temperature Zone]],0)} -> 999999
D111: {=Common_InputFunctions.Utility_DisplayArrayInTable(Common_SourceData.Common_SourceData_TemperatureZones_Data(),Table_SourceData_TemperatureZones[[#Headers],[Temperature Zone]],0)} -> Temperate | E111: {=Common_InputFunctions.Utility_DisplayArrayInTable(Common_SourceData.Common_SourceData_TemperatureZones_Data(),Table_SourceData_TemperatureZones[[#Headers],[Temperature Zone]],0)} -> 15 - 25 C | F111: {=Common_InputFunctions.Utility_DisplayArrayInTable(Common_SourceData.Common_SourceData_TemperatureZones_Data(),Table_SourceData_TemperatureZones[[#Headers],[Temperature Zone]],0)} -> 15 | G111: {=Common_InputFunctions.Utility_DisplayArrayInTable(Common_SourceData.Common_SourceData_TemperatureZones_Data(),Table_SourceData_TemperatureZones[[#Headers],[Temperature Zone]],0)} -> 25.999
D112: {=Common_InputFunctions.Utility_DisplayArrayInTable(Common_SourceData.Common_SourceData_TemperatureZones_Data(),Table_SourceData_TemperatureZones[[#Headers],[Temperature Zone]],0)} -> Cool | E112: {=Common_InputFunctions.Utility_DisplayArrayInTable(Common_SourceData.Common_SourceData_TemperatureZones_Data(),Table_SourceData_TemperatureZones[[#Headers],[Temperature Zone]],0)} -> ≤ 14 C | F112: {=Common_InputFunctions.Utility_DisplayArrayInTable(Common_SourceData.Common_SourceData_TemperatureZones_Data(),Table_SourceData_TemperatureZones[[#Headers],[Temperature Zone]],0)} -> -999999 | G112: {=Common_InputFunctions.Utility_DisplayArrayInTable(Common_SourceData.Common_SourceData_TemperatureZones_Data(),Table_SourceData_TemperatureZones[[#Headers],[Temperature Zone]],0)} -> 14.999
D115: {=Common_SourceData.Common_SourceData_RainfallZones_Title()} -> VEERG Australian rainfall zones
D116: {=Common_SourceData.Common_SourceData_RainfallZones_Source()} -> VEERG 2026: Table 1.3: Climate and Rainfall zone classifications and definitions
D117: {="⚠️" & Common_SourceData.Common_SourceData_RainfallZones_Variation()} -> ⚠️VARIATION OF SOURCE DATA: Added extra Rainfall min and Rainfall max columns to calculate zone from real rainfall data.
D119: Rainfall Zone | E119: Annual rainfall | F119: Min rainfall | G119: Max rainfall
D120: {=Common_InputFunctions.Utility_DisplayArrayInTable(Common_SourceData.Common_SourceData_RainfallZones_Data(),Table_SourceData_RainfallZones[[#Headers],[Rainfall Zone]],0)} -> High rainfall | E120: {=Common_InputFunctions.Utility_DisplayArrayInTable(Common_SourceData.Common_SourceData_RainfallZones_Data(),Table_SourceData_RainfallZones[[#Headers],[Rainfall Zone]],0)} -> Annual rainfall > 600mm | F120: {=Common_InputFunctions.Utility_DisplayArrayInTable(Common_SourceData.Common_SourceData_RainfallZones_Data(),Table_SourceData_RainfallZones[[#Headers],[Rainfall Zone]],0)} -> 600.001 | G120: {=Common_InputFunctions.Utility_DisplayArrayInTable(Common_SourceData.Common_SourceData_RainfallZones_Data(),Table_SourceData_RainfallZones[[#Headers],[Rainfall Zone]],0)} -> 999999
D121: {=Common_InputFunctions.Utility_DisplayArrayInTable(Common_SourceData.Common_SourceData_RainfallZones_Data(),Table_SourceData_RainfallZones[[#Headers],[Rainfall Zone]],0)} -> Low rainfall | E121: {=Common_InputFunctions.Utility_DisplayArrayInTable(Common_SourceData.Common_SourceData_RainfallZones_Data(),Table_SourceData_RainfallZones[[#Headers],[Rainfall Zone]],0)} -> Annual rainfall ≤ 600mm | F121: {=Common_InputFunctions.Utility_DisplayArrayInTable(Common_SourceData.Common_SourceData_RainfallZones_Data(),Table_SourceData_RainfallZones[[#Headers],[Rainfall Zone]],0)} -> -999999 | G121: {=Common_InputFunctions.Utility_DisplayArrayInTable(Common_SourceData.Common_SourceData_RainfallZones_Data(),Table_SourceData_RainfallZones[[#Headers],[Rainfall Zone]],0)} -> 600
D124: {=Common_SourceData.Common_SourceData_LeachingZones_Title()} -> VEERG Australian leaching zones
D125: {=Common_SourceData.Common_SourceData_LeachingZones_Source()} -> VEERG 2026: Table 1.3: Climate and Rainfall zone classifications and definitions
D127: Leaching Zone | E127: Leaching criteria
...

Sheet Acknowledgements
A1: Acknowledgements
A3: =HYPERLINK("#'Home'!A1", "Home") -> Home
A6: APPENDICES
A7: =HYPERLINK("#'Constants - Common'!A1", "Constants - Common") -> Constants - Common
A8: =HYPERLINK("#'Acknowledgements'!A1", "Acknowledgements") -> Acknowledgements
